Item_Identifier,Outlet_Identifier,Item_Outlet_Sales
FDW58,OUT049,1650.5991815137174
FDW14,OUT017,1318.261748598823
NCN55,OUT010,597.8848456178886
FDQ58,OUT017,2311.10329550854
FDY38,OUT027,6918.689328354675
FDH56,OUT046,1855.3766918554875
FDL48,OUT018,655.6402595877536
FDC48,OUT027,2092.197262857541
FDN33,OUT045,1445.5119872766677
FDA36,OUT017,2951.5153775371
FDT44,OUT017,1857.2609318559653
FDQ56,OUT045,1488.1544399615027
NCC54,OUT019,620.2346769766051
FDU11,OUT049,2107.5789366769195
DRL59,OUT013,773.4246003388404
FDM24,OUT049,2255.213736230483
FDI57,OUT045,2991.8849740339656
DRC12,OUT018,3051.320300574074
NCM42,OUT027,2836.6984185023957
FDA46,OUT010,452.7320867879323
FDA31,OUT013,2847.4723183736555
NCJ31,OUT035,3926.0635027506437
FDG52,OUT046,726.409303329975
NCL19,OUT019,422.99259299051863
FDS10,OUT035,2876.8212172202216
FDX22,OUT010,636.1971015429882
NCF19,OUT035,754.3364575799842
NCE06,OUT046,2409.424510529745
DRC27,OUT046,3880.9536610861705
FDE21,OUT035,1980.3076218107024
NCR42,OUT019,66.32689379221031
FDX51,OUT018,2838.6272781199837
NCR06,OUT018,529.9271513355621
FDU31,OUT027,5825.751688668301
FDU59,OUT017,2318.584671714235
FDR03,OUT027,5519.193629399248
FDS49,OUT027,2186.8935854471597
FDD48,OUT010,254.09125731239368
NCF18,OUT017,3075.856719990482
NCD43,OUT027,2633.822273052458
NCD54,OUT018,1968.1323519732225
FDY19,OUT010,246.59209035688215
NCY54,OUT017,2730.514335886587
NCL19,OUT018,2398.198456267361
FDP23,OUT010,472.5748372293758
FDC26,OUT013,1746.6288859698695
FDR14,OUT010,174.94866525785443
NCS41,OUT035,3252.6612315193097
FDF41,OUT035,4017.355961258507
FDU34,OUT046,2130.832563931415
DRH11,OUT046,950.4547618709049
FDM03,OUT013,1758.6306243822432
FDS31,OUT017,3055.518929604553
FDJ20,OUT017,1968.2612986175002
FDV44,OUT027,5034.154923888717
FDG02,OUT049,3174.3985935043684
FDA09,OUT013,3094.052387646104
FDT04,OUT013,642.2004092971239
FDL58,OUT019,532.59730766007
FDE52,OUT045,1360.0362057711982
FDW12,OUT035,2607.511132660689
FDL51,OUT017,3507.665572649173
NCY42,OUT027,2939.4878234820158
FDR07,OUT017,1536.1803014314628
FDN40,OUT045,2202.928589138303
FDB35,OUT027,2448.90461528057
FDA22,OUT017,2440.7179089410824
NCL06,OUT046,4442.8042806429285
FDI35,OUT013,3127.019541240563
NCW42,OUT045,3610.5382273563255
NCX06,OUT049,2976.8345668382517
FDC37,OUT027,2681.2982878489224
FDZ14,OUT018,1851.7074528869516
DRG49,OUT049,4424.761751018705
NCG06,OUT045,4018.849246570857
DRC36,OUT045,2876.9477323909523
FDV21,OUT019,440.2075913626417
FDB53,OUT046,2626.4036869406236
DRP47,OUT019,487.72801775967355
FDA14,OUT013,2514.7357911283316
DRC24,OUT035,2540.974410158751
FDW21,OUT018,1586.638295741853
NCH29,OUT046,1893.1120348609804
FDU58,OUT013,3066.912544105326
FDY27,OUT017,2772.152773212966
FDV56,OUT035,1707.7997530741684
FDT59,OUT046,3768.1725142494342
FDB23,OUT046,3534.8967120792686
FDR49,OUT045,777.5173612385925
FDB03,OUT010,542.1560615748899
FDN39,OUT045,2590.600337513814
FDX02,OUT027,6021.862470194827
FDQ16,OUT027,2444.747631938261
FDU35,OUT018,1520.270632050402
NCT29,OUT013,2161.6020513982307
FDZ27,OUT046,746.1004956821865
FDN57,OUT017,2035.886345644961
FDA03,OUT018,2308.624747928489
FDZ36,OUT045,3246.126567495882
NCU05,OUT013,1300.5203697058098
FDT39,OUT018,2282.1059712586384
FDK60,OUT017,1570.0406786712297
FDZ25,OUT017,2906.6025585897905
FDG12,OUT046,2117.7265830662936
DRB01,OUT019,458.4341707013811
NCC43,OUT027,5886.211893868903
FDX13,OUT019,509.8768544439655
FDM22,OUT049,856.5503906330051
FDJ03,OUT027,1346.0332249984474
FDU14,OUT018,3431.124548124017
FDB33,OUT010,432.9874813061027
FDP27,OUT046,3344.1333260165293
FDO38,OUT010,164.48300625308127
FDE28,OUT027,6692.913649774762
FDO27,OUT035,1504.789329543365
DRL23,OUT027,2669.16267192948
FDS28,OUT046,856.5781153950369
FDX24,OUT013,1490.3377228930967
FDZ02,OUT035,1548.9799811645573
FDL46,OUT045,1785.5211964624555
FDS60,OUT027,4985.400830150881
NCO06,OUT017,486.6515609347889
FDO16,OUT035,1740.4577430213349
FDC60,OUT049,1614.357884112092
FDA48,OUT018,3483.7562743911967
FDZ36,OUT027,5330.106543902449
FDK27,OUT045,2001.6827295347478
FDW23,OUT018,516.8451240791073
FDM14,OUT018,1434.6978121755742
FDM14,OUT013,1704.6287893007398
FDW60,OUT018,2905.1940148103304
FDE21,OUT013,2041.7204381534511
NCM42,OUT035,1799.517012389631
FDY59,OUT010,206.25929258189382
DRI49,OUT049,1307.5092244577768
FDT28,OUT019,312.1162594400082
FDQ22,OUT018,443.82876159494384
FDR60,OUT049,1264.1460304623517
FDC50,OUT019,264.87257704615416
FDV24,OUT013,2194.657237934356
DRF48,OUT010,631.8976836659606
FDQ47,OUT046,654.7032834366655
DRN36,OUT049,1563.3887628173657
NCY06,OUT035,2067.179078632954
FDE52,OUT035,1367.1750083020781
NCB54,OUT045,1997.9138826528988
NCF31,OUT035,2373.2422170203577
FDJ08,OUT027,5092.590720398197
NCC07,OUT017,1647.160081868934
NCD19,OUT027,1657.9851721998116
FDL46,OUT049,1819.4922595979708
FDM20,OUT045,4018.3877850559556
NCI06,OUT010,449.77002599411594
DRM11,OUT035,3993.9072265772174
NCH07,OUT018,2369.62740328364
FDS23,OUT013,2243.306380899126
FDO49,OUT018,674.2606895041096
FDS35,OUT049,1060.368943938925
DRK39,OUT045,1313.3589304738368
DRI39,OUT049,865.9042762245
FDV04,OUT017,2198.778120816999
NCN14,OUT035,3179.103786959637
FDH08,OUT013,4039.3654710403
FDS20,OUT046,3513.0743101525727
FDV40,OUT049,1037.974737943093
FDZ48,OUT010,213.8016900399737
FDS24,OUT027,2246.2407928786033
FDK44,OUT049,2662.52169090422
FDS48,OUT045,2553.568502125207
FDK26,OUT010,733.8586792276542
FDD23,OUT045,3140.109698466314
NCH54,OUT017,2624.0954346646577
NCP14,OUT010,222.63119841469302
FDM60,OUT010,63.32930390729183
FDV24,OUT017,2260.224742148705
FDH08,OUT018,3290.762975287611
FDS12,OUT027,3597.549490691135
FDR39,OUT027,4973.908260379409
FDP12,OUT027,974.0896548556474
DRF60,OUT027,5873.306770560526
FDC09,OUT035,1695.696218245888
FDF50,OUT018,3182.772863749038
FDG28,OUT035,4070.577966595015
NCE19,OUT017,838.3087123151194
NCM53,OUT010,253.07247413375006
NCN18,OUT049,1672.5022755161297
FDF32,OUT035,3082.437579533578
FDF11,OUT013,4242.522168021502
DRI59,OUT049,3826.299610021724
NCG54,OUT035,2877.6896451406474
FDM44,OUT046,1652.4748629508283
FDT57,OUT018,3098.2959487478856
FDV24,OUT046,2180.7592302717594
FDI50,OUT019,472.6424810362682
FDS09,OUT035,749.632610068049
NCC31,OUT027,3314.807860236349
FDQ07,OUT019,615.2225248030192
FDC22,OUT017,3214.9337494027736
FDZ56,OUT046,2924.520700810764
FDZ40,OUT019,212.684970213459
FDS46,OUT027,2624.4674080579175
DRD24,OUT045,1952.8882950899545
FDV45,OUT017,3102.8324484153195
FDL26,OUT045,2668.6110994695932
FDA56,OUT018,1706.4977471637226
FDN27,OUT046,1755.794759041326
FDM20,OUT049,4136.553621397426
FDO16,OUT017,1828.6588721562764
FDL03,OUT035,3103.5083209192762
FDE58,OUT046,1937.2988799008012
FDI02,OUT027,3400.548554346261
NCC55,OUT019,58.99018271830426
FDR03,OUT018,3245.8792494886893
FDB14,OUT017,1453.6059545407597
FDR45,OUT013,4421.839089377204
NCN07,OUT017,2065.141237680905
FDM51,OUT019,259.9007543056057
FDT52,OUT027,6948.174778502801
FDL26,OUT046,2527.0720683152176
NCZ42,OUT046,3750.829275912956
DRI47,OUT019,446.7854197232306
FDW40,OUT013,2279.6052507844174
FDN34,OUT046,2952.1755750001466
FDS01,OUT035,3107.906948537181
NCG55,OUT045,2011.3839534496371
FDC11,OUT035,1415.7507688458945
FDX35,OUT018,3061.074146006818
NCB06,OUT046,2684.6111964080847
FDR09,OUT019,563.9351846469906
FDC53,OUT017,1585.0963416851262
FDY45,OUT013,4188.849774139061
FDA22,OUT010,429.3299431401296
FDE02,OUT035,1519.3783628610058
FDW21,OUT045,1731.9470476375084
FDV34,OUT046,1156.8003357640175
FDS59,OUT049,1732.594984924065
NCW17,OUT017,2325.055064674291
NCK54,OUT046,2023.0304271921066
FDG17,OUT019,414.3035897638681
FDG35,OUT017,3161.5832167009326
FDD08,OUT010,65.62213845604091
NCO07,OUT017,3792.238589558967
FDJ10,OUT010,294.0403325201805
FDW36,OUT017,1642.0106558472041
FDW21,OUT010,175.66751217288396
FDY19,OUT017,1870.4281413082208
DRE03,OUT013,698.5618964521018
NCC55,OUT049,730.6872654494963
FDH52,OUT010,138.38994115571694
FDO09,OUT017,4124.3992609678335
FDU43,OUT045,4009.593831928505
FDX09,OUT010,403.64419148725045
FDH40,OUT019,253.07079123960003
FDW58,OUT017,1624.9189157320216
FDC47,OUT017,4071.3552550916343
NCR41,OUT035,1555.8086188198934
DRG49,OUT035,4392.320062306847
FDC52,OUT027,3741.103595180559
FDY13,OUT046,1187.9601650785585
FDY35,OUT013,686.9400614118995
FDI35,OUT017,3747.4524828112126
NCU18,OUT049,2068.7245938673695
FDY33,OUT018,2422.283444411177
FDC15,OUT027,3778.3932593847076
FDU01,OUT049,3166.5354590367238
NCU42,OUT046,3146.4685450913676
NCV29,OUT018,2862.15631634638
NCY30,OUT017,3222.355743092415
FDQ46,OUT049,1739.317364600132
FDG58,OUT027,4263.093805003067
FDK33,OUT017,3638.553490043206
NCD07,OUT045,1865.156404409343
NCX29,OUT027,3873.43889221378
NCT42,OUT013,2303.434764739098
DRN59,OUT035,764.5954539836342
FDI44,OUT035,1250.3881078642748
FDA45,OUT049,2203.229150161877
FDP31,OUT045,904.0052248066671
FDY01,OUT046,2014.981551214058
FDT09,OUT018,1919.5654909147936
DRH03,OUT027,2478.6738336334383
FDA36,OUT018,2632.091218954052
NCF31,OUT017,2339.9800320900517
FDG14,OUT049,2504.494719700068
FDG28,OUT027,6855.245773785122
FDU14,OUT049,3980.5371965649197
FDY47,OUT019,265.53082106895306
FDI56,OUT049,1354.4797903267179
DRD01,OUT013,689.4134033088866
FDM22,OUT046,965.5821726542729
FDH33,OUT013,673.5808252899466
DRZ24,OUT013,1955.5272950881672
NCQ38,OUT046,1655.6945591226772
FDO16,OUT027,2094.228227168261
FDU07,OUT027,3658.4471416204096
NCB07,OUT013,2926.8138581515345
FDU48,OUT045,2017.1946695186418
NCM43,OUT045,2849.018155032477
FDR31,OUT010,284.08221005335423
DRK49,OUT018,505.1039286656621
NCI30,OUT010,542.8532417118021
DRD60,OUT017,3118.117498725087
NCG19,OUT046,3413.7558994621695
FDH12,OUT035,1662.0283172868546
FDM32,OUT035,1445.8430124071433
FDM27,OUT035,2615.3710180751054
NCU53,OUT027,4201.178204101327
NCQ18,OUT046,1633.771085450618
FDS10,OUT013,2833.9450734835095
FDB33,OUT027,4083.118338200952
FDI12,OUT013,1373.5435510330105
NCW42,OUT013,3608.0861967822266
NCC06,OUT018,2037.8121535256494
FDW02,OUT017,2237.043830347979
NCD43,OUT017,1656.526105253363
FDM57,OUT018,1240.3171963691325
FDA58,OUT017,3684.276870404725
FDK56,OUT046,3297.2872964958196
FDP52,OUT045,4098.0818666148025
FDW20,OUT018,2019.0227279468454
FDS52,OUT049,1574.9505825540402
NCT29,OUT018,1832.432265084278
NCL54,OUT013,2947.548957044477
FDC05,OUT045,3005.353076846147
FDF34,OUT035,3200.5790114144233
FDP03,OUT027,3159.888284037524
FDD32,OUT010,212.96044159680008
FDZ10,OUT045,2058.711696665072
FDZ40,OUT035,937.5083008316307
FDD51,OUT018,610.281587192894
NCY30,OUT019,435.22518927163776
FDP58,OUT017,3528.137213032204
FDV49,OUT017,4333.9311774146845
FDY24,OUT019,154.33042538655616
NCO55,OUT017,1653.6406196045368
FDR13,OUT017,1827.4528126311955
FDS51,OUT017,945.2746943191291
FDP26,OUT045,1652.3595903288965
NCB54,OUT027,4110.251426280808
FDF32,OUT017,3108.514461101117
FDN31,OUT018,2877.825078737066
DRM48,OUT017,687.4207877105739
FDN20,OUT049,2878.942861569658
DRL01,OUT046,4051.6713737673344
FDV56,OUT049,1658.0644249230365
DRH13,OUT027,2596.919894738148
FDA03,OUT017,2595.216761490366
FDF47,OUT027,7238.101565706545
FDX32,OUT046,2609.4681125885286
FDX57,OUT049,1623.226616117329
NCA30,OUT045,3016.9420615501467
FDO49,OUT013,709.5451571532614
FDL04,OUT019,233.61880805654727
DRM48,OUT035,736.3478729902188
FDR16,OUT013,3535.1314773623926
NCC19,OUT018,2916.3347705664414
NCE42,OUT045,4051.5679872029973
FDY24,OUT017,1025.759067363074
FDH19,OUT049,2606.7616227433887
FDJ46,OUT013,2855.6356079004236
FDN45,OUT010,601.3978973889106
FDY08,OUT035,2298.5646140351614
FDZ37,OUT035,1330.8487159705235
NCT30,OUT045,745.6096935868918
DRY23,OUT018,603.5887854690932
NCZ30,OUT018,1862.8610731658694
FDC44,OUT018,1728.8630346313023
FDB45,OUT035,1623.2671719325087
FDY04,OUT013,2599.3566888058726
FDM27,OUT046,2615.2848452038756
FDZ43,OUT017,4017.4720218623265
FDT39,OUT019,420.39105907551215
NCC06,OUT019,322.9182176459139
FDL15,OUT027,3894.281993265297
FDL57,OUT017,4103.785912609909
FDU08,OUT046,1599.3806553130325
FDK40,OUT017,4252.990649999633
FDQ12,OUT010,605.3554058771194
FDS48,OUT017,2559.6313131938123
FDP09,OUT045,3649.481589899116
FDW21,OUT049,1700.9585103660686
FDY25,OUT035,3129.4019374843565
DRE13,OUT017,1394.25529069161
FDV43,OUT019,72.44208350472282
FDD22,OUT045,1724.6923407352913
FDM46,OUT019,283.54593749811914
NCO30,OUT010,494.2056878968692
FDM25,OUT046,2894.460528125554
NCN41,OUT049,2056.6015486757533
FDU24,OUT045,1719.3747529641153
FDZ50,OUT046,3210.841432044448
FDP45,OUT013,4072.3065622818945
NCM54,OUT045,2059.7653270115397
FDW10,OUT019,497.8016662896575
FDP20,OUT017,2001.0397801274014
FDK32,OUT046,2545.091937530441
FDN52,OUT049,1314.7558692356442
FDM58,OUT045,1724.5180505713502
FDZ46,OUT027,2975.898224814906
NCA18,OUT018,1746.7479275366566
FDD35,OUT046,2076.982699805516
NCK31,OUT035,731.7813363075516
FDI40,OUT027,2890.7021344831887
FDT50,OUT019,212.92222797763597
NCT06,OUT046,2812.1046234732025
FDT31,OUT035,3032.5922487373973
FDT45,OUT049,821.8167858114106
FDT13,OUT045,3193.8903520037575
FDO50,OUT045,1345.6415081949976
NCU18,OUT010,351.17079157333075
NCR54,OUT049,3120.343960575508
NCO18,OUT018,2759.4298943024437
FDU09,OUT045,733.6964829279141
FDT13,OUT018,2886.8443382156224
FDE09,OUT046,1701.828251867883
NCK53,OUT019,304.83720033190906
FDG45,OUT049,3565.113729291372
DRH15,OUT035,814.8874728557655
FDO21,OUT019,676.5521787792139
FDD14,OUT027,5800.105148943313
FDC09,OUT046,1681.347983417343
FDH45,OUT027,930.8986986215589
FDV32,OUT046,1162.4502258940474
FDG12,OUT035,2073.5066966542395
FDS32,OUT013,2071.8865409709965
NCL55,OUT018,3418.455866910988
DRE01,OUT035,4155.164806860306
DRE15,OUT049,1349.252323280981
NCL42,OUT045,3789.4095348515557
FDP31,OUT013,815.8957810455074
FDN33,OUT018,1321.1407794125812
FDZ59,OUT046,2693.9200403045643
FDE45,OUT010,375.4641419381945
FDJ07,OUT013,1907.0009885005343
FDQ45,OUT018,2947.2799683897583
FDM33,OUT027,5568.311783271641
FDO15,OUT010,175.98229702901892
FDM46,OUT013,1411.4341400209532
FDR03,OUT045,3822.667059643539
FDY49,OUT018,2846.5564479718173
FDQ60,OUT045,1915.2380789700026
FDW10,OUT049,2546.462837033585
FDO51,OUT049,723.77404322472
FDJ40,OUT018,1321.3661571963255
FDS20,OUT018,2947.3413523407016
FDU45,OUT013,1821.1900091920602
FDV02,OUT035,2818.5898867536293
FDN09,OUT046,3980.407715563119
NCM55,OUT027,5864.49623484259
FDN23,OUT018,2506.8126659911245
FDY31,OUT010,340.923637524239
FDW03,OUT010,247.39868162577287
FDD14,OUT046,3215.323401970353
FDV23,OUT017,2055.616071548781
DRI03,OUT045,2800.400240930287
FDN13,OUT035,1429.0357711913045
FDF45,OUT027,1608.2023469482026
FDU46,OUT035,1407.972544755117
FDB57,OUT049,3724.3262604103184
FDV12,OUT049,1639.4023420688231
FDQ58,OUT013,2280.9820989848236
NCA18,OUT017,1876.7018232362504
FDH52,OUT049,847.1849154021298
FDM24,OUT018,2235.537279637027
NCP43,OUT027,4660.544673662474
NCO18,OUT019,397.22079178873815
FDM32,OUT017,1382.3072115638274
NCL07,OUT017,595.207854811111
FDK03,OUT013,4198.777225338719
FDP59,OUT017,1570.2414742136707
FDQ24,OUT049,4208.231362405045
FDQ16,OUT018,1266.4871198106728
FDU44,OUT013,2629.095490860507
FDH28,OUT010,102.2021587536155
FDV28,OUT019,71.44416081216713
FDM22,OUT045,954.3598868295304
FDR56,OUT046,3157.0170165809304
FDV39,OUT049,3305.0540392204316
FDU37,OUT019,222.0595439705808
FDQ11,OUT010,741.1808577594859
FDX02,OUT045,3783.6643788010992
NCS42,OUT018,1355.668343237806
FDY57,OUT027,2598.884805415019
FDB21,OUT049,4262.314641715011
FDE28,OUT017,3840.023013786638
FDQ55,OUT017,2094.0171280254067
FDA48,OUT049,3677.601799608404
FDZ19,OUT045,2760.9294063654115
NCC43,OUT045,3807.756307079549
NCV18,OUT046,1643.261751455232
NCA42,OUT018,2659.4769164054765
FDY45,OUT046,3928.887801677566
NCC30,OUT045,2919.3458704596806
FDM57,OUT013,1357.9918744650192
FDL09,OUT010,325.9756893822841
FDB09,OUT027,3531.7866310204754
FDT44,OUT035,1928.0385259133361
NCT06,OUT027,4192.874560403098
FDX26,OUT049,3251.054410920801
FDK32,OUT013,2554.108146154669
DRA12,OUT046,2077.549145104339
FDO46,OUT010,429.0124714056667
FDE52,OUT013,1338.2209847693005
NCH42,OUT045,4002.7693969718785
FDV08,OUT035,702.4201300571913
FDB47,OUT018,3306.787055216803
FDC28,OUT010,227.41371932626421
FDD22,OUT046,1914.150917703275
FDS07,OUT027,3148.329609404042
DRI13,OUT045,3358.445348167388
FDG32,OUT018,4121.82503330757
FDU14,OUT017,3953.9272865405665
FDD28,OUT019,144.97526385839146
NCP41,OUT017,1655.3064260813221
FDS08,OUT049,2644.392104105613
FDX47,OUT045,2318.4922352280423
FDC53,OUT019,185.8766657611988
FDQ19,OUT035,3956.6100158287095
FDL14,OUT045,2232.631204470979
FDM33,OUT019,597.2250855925096
FDA51,OUT045,2106.2064094779557
FDZ27,OUT018,663.1329248548733
FDT04,OUT046,660.8634548474212
DRC13,OUT049,1965.8092176077776
FDR16,OUT027,5257.22504505093
FDQ03,OUT027,7007.61869170061
FDE38,OUT035,2690.404028177066
DRH23,OUT027,1907.7332034007095
FDT11,OUT019,649.8505692059574
FDD09,OUT035,3099.3343967540013
FDR40,OUT045,1363.1845472763246
FDX07,OUT017,3241.438495432938
FDR07,OUT035,1551.3676569726938
FDA51,OUT017,1899.1171545256293
FDT59,OUT019,611.787321326385
FDF20,OUT017,3156.0436623264304
FDR13,OUT045,1882.8107220423055
FDY26,OUT049,4172.129251156264
FDW04,OUT017,2038.4984406698545
FDK52,OUT017,3937.4552367218707
FDN60,OUT049,2745.7122801931278
FDM09,OUT019,446.7573574589098
FDP46,OUT049,1346.7934196242984
FDB50,OUT019,272.49942494755106
NCQ29,OUT049,3795.384722145027
FDP16,OUT027,6351.563089225746
FDX33,OUT018,2308.109165367129
FDP07,OUT010,532.1497582662565
FDN22,OUT046,3817.2954338886916
FDF39,OUT049,4788.854191044869
FDS21,OUT017,903.1265525430052
NCM42,OUT013,1840.0811996068635
FDK50,OUT019,426.42402498742524
DRF13,OUT027,3583.4648139441015
FDH35,OUT018,2335.0351599814317
FDP60,OUT018,1419.7509920182301
DRJ49,OUT027,3174.985224610849
NCT42,OUT019,412.06383168434274
FDE38,OUT049,2714.873449157604
FDI04,OUT049,3110.936632532415
NCH54,OUT045,2668.6145158634745
FDT56,OUT049,830.075938298252
DRD15,OUT018,3111.629252337819
FDV58,OUT013,2980.8634852013115
FDP21,OUT049,3324.730110866774
FDH05,OUT013,3674.718417217609
FDR10,OUT027,4319.432020179348
NCP06,OUT045,2239.8080808055624
FDF33,OUT049,1710.4063680021022
DRK37,OUT013,3344.3697614224516
DRH49,OUT045,1178.955476500809
FDT58,OUT013,2748.6074802875855
FDD41,OUT018,1475.9669202055657
FDP40,OUT018,1706.5087874726114
FDM51,OUT027,2681.9025915793677
FDO45,OUT010,212.07358821406913
FDW33,OUT010,196.89880833848386
FDY24,OUT045,1034.0107494342456
FDB10,OUT010,575.7075439734487
FDM40,OUT035,2256.1209044304414
NCI06,OUT017,3074.0303196628083
FDW12,OUT019,269.4788168015058
FDX48,OUT027,4429.768734993463
NCW05,OUT027,2511.930328812629
FDX27,OUT017,1561.4662546149973
DRM37,OUT045,3259.6810848658624
FDA38,OUT045,4076.0173218496734
FDR36,OUT046,681.4447887763603
FDZ45,OUT046,3102.3911722024395
FDG05,OUT017,2529.196002945128
FDK28,OUT013,4222.707287506145
FDV47,OUT045,1387.2827533277298
FDN21,OUT045,2565.4373685939854
FDP20,OUT027,3028.2169622456468
FDI35,OUT045,3763.1107407396107
DRY23,OUT013,750.5668633249907
FDA56,OUT017,1977.334294008956
FDB09,OUT013,2194.27639273668
NCO26,OUT027,2818.139791697497
FDQ49,OUT018,2199.2088035027623
FDI52,OUT027,3138.783909979106
FDZ44,OUT027,3081.944374661675
FDZ09,OUT018,2413.171536649842
FDY03,OUT049,2079.7335683696915
NCG42,OUT017,2088.7790604164034
DRI13,OUT027,6284.552844032357
FDQ32,OUT013,2200.5184945586097
FDW16,OUT035,1355.4374090785207
FDU27,OUT046,752.8570163922134
FDR28,OUT010,418.7251353004369
FDQ49,OUT010,278.82938734150673
FDS37,OUT046,1916.6705211731792
FDW26,OUT018,3144.3609953848227
FDX12,OUT018,3432.6501075722686
NCP06,OUT013,2316.8533952721173
FDW45,OUT010,316.1540136519244
NCN30,OUT049,1514.083015290786
FDN24,OUT049,855.9294485936817
NCL41,OUT027,1022.7408135459898
FDR02,OUT019,309.4101059706505
FDD09,OUT010,464.7977188782745
FDS33,OUT010,182.08757447531514
FDU22,OUT045,2034.0190648573455
FDI53,OUT013,2593.75028174778
DRH01,OUT049,2776.1243495643153
FDX32,OUT013,2262.364359005691
NCP30,OUT018,505.2352507369162
FDB60,OUT045,3139.6937139174192
FDB14,OUT049,1463.9794853180028
NCP02,OUT035,797.171196019857
FDJ10,OUT017,2270.624755691892
FDG34,OUT046,1713.86997746295
NCB18,OUT017,1451.9003027395224
FDM16,OUT049,1156.8185725930252
FDW25,OUT018,1320.0979986295338
FDB35,OUT010,193.30506137763632
DRN11,OUT013,2208.0926217929505
FDF41,OUT019,523.1621809628933
FDH16,OUT045,1393.6545405943918
NCQ50,OUT018,3040.398756826123
DRH23,OUT018,791.5976994233638
DRJ37,OUT013,2309.174072852474
DRJ24,OUT027,5247.866401752891
FDY16,OUT035,3237.5046579201576
FDQ27,OUT045,1831.4281595794348
FDZ33,OUT045,2477.28552814276
FDF29,OUT045,2112.9264578622115
FDA08,OUT049,2789.177459528227
FDG31,OUT046,1012.2855307906385
FDE34,OUT019,373.61555966027345
NCR30,OUT027,2134.8760758887397
FDV33,OUT035,4197.026012942804
DRZ24,OUT018,1857.1006399988337
NCL54,OUT035,2890.2147334760634
FDR12,OUT049,2898.302644473236
NCC54,OUT046,3847.034860305979
DRN59,OUT013,787.217998429694
FDX50,OUT019,230.61053652737687
FDV31,OUT027,5389.088513983769
NCA29,OUT027,5232.061740909689
FDW60,OUT049,2986.737012228321
FDX08,OUT017,3706.071202515026
DRD49,OUT013,3743.5533670577615
FDD33,OUT046,3549.283063686289
FDW35,OUT013,789.180095174825
FDJ36,OUT017,1699.685355152453
FDV51,OUT035,3028.8062769712765
FDW36,OUT046,1670.329689798214
FDH35,OUT046,2537.4494484515644
NCS30,OUT027,2971.470734152786
FDN49,OUT017,646.0135092056313
FDL08,OUT018,3239.7548494971784
FDI09,OUT013,3609.0100548147248
FDP19,OUT018,2159.9245402286897
FDU21,OUT010,64.38723590624228
NCP41,OUT045,1624.3563110765867
FDY10,OUT013,1803.3727926862077
FDP12,OUT018,436.74971073498426
NCN26,OUT049,1956.659099641709
FDK44,OUT013,2751.2442172637557
FDC28,OUT049,1667.8060418767445
FDJ41,OUT027,6299.760972176274
NCT29,OUT035,2006.7968251945363
NCH42,OUT019,400.0607070475542
FDU60,OUT018,2734.3439315541495
FDS02,OUT045,3166.7038862402565
FDC51,OUT046,2055.6790047327154
FDU03,OUT013,3195.7566962312626
FDX39,OUT045,3990.6076455107122
NCY05,OUT010,76.28839547072424
NCL06,OUT027,6356.885228381262
FDD32,OUT035,1206.9348260740462
NCN41,OUT045,2051.880903787512
NCX53,OUT049,2197.452649563011
FDU57,OUT019,333.02940722989706
FDQ23,OUT046,1766.816200655091
FDQ52,OUT045,4235.453075396064
FDC14,OUT045,656.7543581664554
FDY09,OUT035,3013.540330407002
FDQ28,OUT045,2523.5912174654727
FDV25,OUT046,3725.142134833503
FDJ07,OUT035,2014.3596778824938
DRB25,OUT049,1673.0275889478912
FDK52,OUT019,600.6547938020891
FDY52,OUT027,1514.8774238364888
FDB28,OUT046,3102.9885756486765
FDT36,OUT035,622.6941760563144
FDV25,OUT017,3727.200589053086
NCN07,OUT027,3570.2100156703555
FDC57,OUT017,3112.3106186080113
FDQ03,OUT018,3060.2432927016966
FDU23,OUT017,2951.720970984365
NCX41,OUT035,3535.6421367470134
NCD06,OUT035,755.5951532526205
FDW08,OUT045,1746.0961207598764
NCU29,OUT017,2635.9554445102235
NCE06,OUT013,2327.0873220411327
FDV52,OUT010,256.54754878538796
FDB02,OUT017,2962.704837665786
NCR18,OUT045,688.6812105630946
FDK16,OUT049,1553.5852881995174
NCQ29,OUT010,763.8642020195296
FDZ01,OUT019,166.49721067291236
FDW27,OUT035,2229.1868745115835
FDD17,OUT018,3274.971064108988
FDW39,OUT013,2901.690894205347
DRH59,OUT045,1043.463170424406
FDS52,OUT013,1568.658163293359
FDU40,OUT027,5963.662456831225
NCF54,OUT013,2797.646268518919
FDH46,OUT045,1674.1981135942435
NCP14,OUT049,1764.0456601909673
FDH50,OUT049,3206.9118091048285
DRF15,OUT010,318.06579193586725
FDV27,OUT027,2208.7376254289625
NCJ06,OUT049,2077.4606326311305
FDN02,OUT018,3500.26602981749
FDQ51,OUT049,786.8593393056195
FDQ07,OUT017,3790.5701287072075
FDS45,OUT049,1853.2313375984436
NCJ06,OUT045,2068.4584780106948
FDD36,OUT035,1959.7265997254553
FDY25,OUT045,3588.170018952396
FDU52,OUT046,2279.665278788405
DRK47,OUT017,3702.3372093006765
NCL30,OUT017,2083.3743585231796
FDN22,OUT035,3895.6681674835995
NCF30,OUT027,3167.2308850553186
FDK03,OUT035,4110.349594853418
FDT45,OUT017,906.2258063679323
NCC54,OUT027,5863.787389361139
FDP08,OUT018,2956.376361070836
FDU44,OUT046,2835.866259370708
DRG39,OUT035,869.8665597522813
FDU32,OUT049,2002.9897513805804
FDY27,OUT049,2884.427616262666
NCP54,OUT013,2154.7881940861103
NCZ41,OUT049,2015.8726244993736
DRL49,OUT013,2238.4647438089282
FDI05,OUT018,1329.0225755255983
FDY56,OUT045,4208.005668349631
DRC13,OUT013,1990.185256881299
NCV29,OUT017,3030.4719284586745
FDR24,OUT049,1353.8512290815104
FDZ34,OUT018,2932.1023626670503
FDP37,OUT035,2181.281475892904
FDX08,OUT027,5470.966265952489
FDS57,OUT045,2111.971031390879
NCG18,OUT049,1673.5997410836617
FDK25,OUT018,2684.6111987423374
FDH53,OUT049,1280.1984275615043
DRI59,OUT018,3112.82344533571
FDA52,OUT046,2663.5448926197423
FDT20,OUT010,70.96208984931745
FDE36,OUT019,489.0854572456554
FDI24,OUT017,2836.392913316977
FDB28,OUT018,3108.2855787663866
FDV11,OUT017,2853.488210925626
FDP01,OUT046,2295.6442839528777
FDD34,OUT027,3705.462700083027
FDJ50,OUT027,1393.757916196418
FDZ44,OUT013,1816.2929746956133
DRO59,OUT035,1241.7587657642275
DRB48,OUT045,660.3324362558755
FDR21,OUT018,2687.509373005664
NCE42,OUT010,608.1215562864123
FDO23,OUT046,1394.4441670525664
NCE30,OUT018,2842.1612913253807
FDQ22,OUT035,567.5025249422662
FDY01,OUT045,1975.4457202651956
FDS08,OUT017,2643.600430822735
FDG28,OUT018,3153.6675033900287
FDQ51,OUT018,677.6080777521304
FDB05,OUT017,3804.1764482438866
FDO56,OUT049,1889.1947425553622
FDE02,OUT018,1288.5776213894978
FDN45,OUT017,3763.579248320408
FDS09,OUT013,707.9511307725005
NCA54,OUT018,2780.28294110613
FDP09,OUT010,484.3307554529526
FDC53,OUT045,1563.8583158911454
NCM55,OUT017,3129.1577031432917
FDL09,OUT018,2544.4694580217088
FDA11,OUT019,243.31140244281661
FDA50,OUT045,1567.8291199991986
FDC23,OUT017,3064.6680992105803
FDE22,OUT049,2667.5549681449465
FDD23,OUT046,3309.433894204186
NCA29,OUT049,2988.3911546681406
FDK38,OUT046,2289.4724199131715
DRC13,OUT046,2036.7688749929941
NCP43,OUT049,2839.476820893072
FDX28,OUT049,1593.9046628976705
FDF08,OUT049,1363.2823060197372
FDZ33,OUT046,2470.9210025922634
FDD10,OUT049,2534.16067969705
FDO58,OUT017,2583.558270485078
FDI50,OUT017,4127.92256128365
FDO58,OUT045,2609.2415023249628
FDX08,OUT013,3156.341021232834
NCK17,OUT010,71.13305017026298
FDF39,OUT035,4827.950875310943
FDU45,OUT010,270.4021865565789
NCJ18,OUT018,1850.7587868600897
DRC27,OUT019,537.1499747858877
DRC25,OUT035,1526.3887274108622
FDU59,OUT035,2244.293882034586
FDU28,OUT035,3085.1212146436114
NCP30,OUT046,693.1307964291584
FDB39,OUT018,811.7203083999779
FDE41,OUT013,1359.4373961347565
DRH11,OUT010,184.29627521136308
FDA58,OUT045,3750.446388555089
FDU50,OUT046,1825.6831192892585
FDM34,OUT013,2265.667707482786
FDM44,OUT027,2732.958268729618
FDR39,OUT045,3113.187380886553
FDM25,OUT045,2846.441477350845
FDQ49,OUT049,2278.295129499529
DRH25,OUT018,784.1472711604428
FDM09,OUT027,4049.5037928663387
FDL44,OUT019,465.2676707104702
NCR42,OUT018,327.25065722774343
DRL59,OUT046,849.2530480615546
FDX43,OUT013,2658.7044967929683
DRK47,OUT010,527.7557325590259
FDU48,OUT018,1726.1812113530011
FDY12,OUT045,759.382203320918
NCN43,OUT018,1801.1014425012327
NCM55,OUT018,2753.0566536521105
FDQ21,OUT027,3110.657383962558
FDX13,OUT035,4248.670825706702
NCK30,OUT027,6158.967518506989
FDG20,OUT049,2709.6600116848026
DRG27,OUT017,700.3751539388371
FDY14,OUT018,3895.555797943808
FDP59,OUT035,1566.0181514974547
FDU60,OUT017,3058.6787934095173
NCC18,OUT019,402.4418646574132
DRJ39,OUT017,3510.14070676831
FDS07,OUT049,1930.7063751703722
FDM08,OUT027,5784.031000970859
FDP51,OUT045,2035.5537837918234
FDU16,OUT035,1422.9607703576876
FDH12,OUT013,1739.1347646821841
DRE48,OUT010,469.7485407867464
NCL42,OUT027,6178.068291264982
FDR21,OUT045,2791.8533774881016
NCW29,OUT035,1960.6508688547947
FDO11,OUT013,4633.717433121277
NCM31,OUT049,2061.882564870041
FDV35,OUT019,284.03543415032556
FDF58,OUT017,1005.4555027847254
NCE43,OUT049,2974.783969620874
FDA02,OUT035,2862.061144302513
DRL37,OUT010,130.54689594432864
FDR24,OUT018,1304.4638299977696
FDW59,OUT049,1227.3113121449553
FDS22,OUT049,689.1827918710508
FDW24,OUT017,751.8870846497526
FDU24,OUT035,1602.1104045590732
FDA21,OUT027,5567.135723050175
FDH58,OUT027,3100.4907531638482
FDW36,OUT018,1398.5823902525103
FDI45,OUT027,5385.8367677079
FDU01,OUT018,2896.104765737711
FDF35,OUT027,2510.4878213473125
FDU43,OUT019,484.8607949973544
FDE24,OUT019,307.8890333473697
FDK50,OUT049,2728.163271104151
FDG31,OUT045,1012.9204271204845
FDC60,OUT045,1715.3654699678555
FDL36,OUT013,1354.1804411346295
FDP21,OUT013,3135.1177149476703
FDW16,OUT045,1365.7890987625353
FDX02,OUT017,3867.525789248234
FDQ58,OUT027,3119.7740087861116
FDT51,OUT046,1793.3018748846748
FDD59,OUT049,1231.2675736901415
NCM42,OUT018,1554.0712163632236
FDA57,OUT018,497.32778057336566
FDZ48,OUT035,1674.7986251791303
FDE46,OUT045,2439.2093767775914
NCZ30,OUT019,377.41353957199107
FDB56,OUT017,3174.5743862666627
FDA25,OUT027,2488.6232965007503
FDD20,OUT013,2218.9968152249107
FDL25,OUT013,1361.4808420161987
NCO18,OUT049,2911.3773538611636
FDJ45,OUT017,529.5414199805872
FDR12,OUT035,2943.177007693019
NCF19,OUT010,128.42403241388703
FDK25,OUT046,3033.2194234542444
NCR17,OUT046,2005.2754068912434
FDC52,OUT046,2462.954747270265
NCA54,OUT017,2993.3415274177523
FDR45,OUT010,603.036402260694
NCM19,OUT049,2050.0731079532475
FDF39,OUT027,4462.178434151336
FDX23,OUT049,1508.2051215045592
FDD58,OUT027,2673.8867919611484
FDX28,OUT013,1715.7331383855455
NCD31,OUT013,2784.0321546174346
FDU57,OUT018,2208.842511781224
FDI27,OUT046,846.1749817624108
NCM42,OUT046,1816.909815252902
FDD32,OUT027,2120.6613832278326
FDI34,OUT013,3752.9411599057635
NCM29,OUT049,2043.162479737872
FDG46,OUT018,1856.9673056406602
DRC01,OUT010,94.77124972969125
FDB15,OUT027,6335.924947009001
NCA17,OUT027,3890.0693495381583
FDF10,OUT046,2612.01486879893
FDR26,OUT027,4990.949272300955
FDI02,OUT049,1816.6643812665798
NCM54,OUT010,323.25207532065207
FDF14,OUT013,2366.0731772460204
FDJ33,OUT010,252.43974431012845
FDM20,OUT035,4081.0272318854927
FDC03,OUT027,5443.497508134532
NCX05,OUT046,2054.31324212172
NCM41,OUT027,2836.2738974790195
NCU29,OUT010,395.4771897851386
FDQ59,OUT017,1318.319995904256
FDH46,OUT010,240.20059919677965
FDH09,OUT013,707.2789890499033
NCD06,OUT045,748.6225301999978
FDC15,OUT035,2728.9411998357796
DRD37,OUT027,872.1450580014309
FDT28,OUT027,3662.2671503567967
FDR28,OUT027,4075.9892284985017
FDT38,OUT017,1343.407047812488
FDV34,OUT027,2058.656981005099
FDY52,OUT035,989.0758063857568
FDB34,OUT013,1322.0654517586258
DRL23,OUT018,1330.8569233705064
DRB24,OUT046,2416.5867721906147
FDJ50,OUT046,949.4075154674268
FDQ49,OUT035,2467.9615931259355
FDP20,OUT035,1973.8179425612545
FDV19,OUT027,4735.158141563871
NCR54,OUT045,3067.1372175402935
FDO09,OUT010,663.998842688501
FDS57,OUT018,1997.1612374703434
FDN10,OUT049,1880.5592454767052
FDV23,OUT049,2071.800220658585
FDY28,OUT049,3510.7269750378196
DRG51,OUT013,2732.0619650661483
FDD45,OUT019,221.25748478624726
NCL18,OUT027,4882.660044560346
NCM29,OUT013,2116.5871236694193
FDF17,OUT027,4683.021425327718
FDE22,OUT017,2689.595009342556
FDQ22,OUT017,559.5566416783679
FDS01,OUT013,3093.0135802727373
FDW35,OUT027,807.675004684307
FDJ33,OUT046,2076.503777834518
NCF54,OUT035,2884.3625390480843
FDE09,OUT013,1696.557831110944
NCE06,OUT045,2411.2122841232995
DRH49,OUT049,1118.3268256937365
FDY43,OUT045,2837.314667834563
NCT05,OUT017,4196.823661207037
FDZ34,OUT045,3250.9687017747065
FDL38,OUT017,1470.5055507031695
FDZ31,OUT017,3221.504731318668
FDR14,OUT035,912.4191548310063
NCN54,OUT049,1060.4329414131282
NCC42,OUT027,3529.08305584065
FDK08,OUT017,1598.6020773834452
FDP59,OUT013,1616.5522058624053
FDV22,OUT035,2837.1494161030155
FDD33,OUT035,3715.12897674476
DRE60,OUT027,5918.2493755693085
FDK52,OUT046,3734.8093757527313
FDA02,OUT017,2463.804309642071
FDM56,OUT049,1641.6446894195906
FDE57,OUT035,2067.800663446145
FDM32,OUT045,1419.2831453501567
NCQ30,OUT027,3094.072694404813
FDQ27,OUT027,2285.230823318863
FDT60,OUT027,3237.6217851351694
FDU43,OUT049,4037.545860410127
NCO55,OUT035,1676.3232263740927
FDG02,OUT045,3090.8809162183916
FDJ28,OUT013,3157.8961710628605
FDP40,OUT045,1792.3331313075976
FDJ38,OUT045,3148.3965278431574
NCC54,OUT017,3839.0918622790914
NCZ41,OUT046,2056.452412335061
FDK38,OUT019,357.72034824860236
FDU52,OUT013,2271.817658808573
FDC40,OUT046,1221.2712838186062
NCR30,OUT017,932.8163753860742
NCN18,OUT017,1801.6180702307956
FDB50,OUT035,1330.9842340429582
FDG04,OUT013,3163.2589963031814
FDR26,OUT035,2539.698928924084
NCT17,OUT018,2793.577495409042
FDX35,OUT027,5318.283142039759
FDS12,OUT046,2343.502598536675
NCZ29,OUT027,3260.1668860338805
FDB38,OUT010,311.1547671266555
FDP12,OUT013,615.9023810699294
FDP22,OUT046,760.9892758350991
FDS26,OUT018,4104.76275696512
FDR52,OUT046,3209.627729671217
DRJ13,OUT046,2806.047619769368
FDU48,OUT027,3490.2108562430853
FDE29,OUT035,1079.864546879582
NCT29,OUT049,2050.3172396725804
DRK37,OUT018,3040.4060003924633
FDK55,OUT046,1277.737469810455
FDR07,OUT046,1505.6857301463165
FDO21,OUT027,6123.394090414755
FDK46,OUT049,4623.398702706688
FDB12,OUT045,1656.055286882583
FDT31,OUT027,3912.1345463400767
FDJ33,OUT045,2042.7934194504007
FDC26,OUT027,3014.356888240716
NCQ02,OUT045,3129.5818860109425
FDP08,OUT010,600.1211386428823
FDB11,OUT027,5864.041850090025
FDV55,OUT013,2493.4193454269603
FDW20,OUT049,2230.576749151862
NCJ18,OUT019,387.343794577337
FDC41,OUT018,1279.4238742700536
FDE14,OUT027,2654.3979582496486
FDG35,OUT013,2771.9194528708426
FDF45,OUT035,987.6173777076534
FDS19,OUT027,2425.1337200800363
FDS58,OUT019,432.29459024531656
FDA26,OUT017,3708.8025280371503
FDM32,OUT049,1379.0927421658846
FDL45,OUT046,2092.121345515179
FDZ55,OUT049,2490.3457879919297
FDY37,OUT049,2223.4117575472815
FDO46,OUT046,3231.34458080493
FDQ60,OUT046,2159.345211837262
FDA19,OUT018,1855.0174124849025
FDL15,OUT046,2465.709415274225
FDM10,OUT018,3153.9009196950165
NCL05,OUT017,635.7361262008205
DRK49,OUT010,75.49660894391967
NCE18,OUT027,6409.515602959447
FDG40,OUT049,551.54243022544
DRI59,OUT045,3605.9455102939282
FDK28,OUT035,3840.54597731507
NCD06,OUT019,129.2181209045258
FDO11,OUT019,470.4096843711101
FDK27,OUT046,2066.6850030316186
FDT43,OUT027,1400.3373554811942
FDD38,OUT018,1432.4592313463297
FDA16,OUT049,3470.5596300714915
FDL14,OUT027,3943.8644566030375
NCM17,OUT049,748.4788872656891
FDD20,OUT045,2086.9022844547435
FDA40,OUT045,1308.0157050073117
FDL43,OUT045,1260.1165361422813
FDV15,OUT045,1726.9970289028854
FDE52,OUT046,1350.2290993134782
NCL17,OUT010,330.7591894307689
NCJ31,OUT045,3865.855125288856
FDR60,OUT045,1175.0194190797731
NCA18,OUT035,1872.910549890666
FDS21,OUT027,1856.8138709119012
FDW09,OUT035,1195.242563555174
FDL26,OUT035,2665.330559637764
FDS47,OUT018,1279.0437742219583
FDC39,OUT046,3365.1064988638987
FDT51,OUT035,1809.617476771708
FDK40,OUT035,4193.380518222588
NCG19,OUT045,3436.712886658331
FDZ07,OUT046,920.1176332801889
FDF08,OUT027,2422.690530343929
FDO04,OUT013,841.0181748721952
FDK41,OUT018,1253.224768258431
FDP15,OUT049,4159.627634818057
NCD43,OUT018,1406.548911318257
NCP18,OUT013,2469.4879868010325
FDZ51,OUT046,1469.1226562750924
DRH13,OUT035,1651.0340865742955
FDF38,OUT045,642.6487021151305
NCI43,OUT045,700.496204363426
FDM38,OUT027,2197.816783292397
FDS03,OUT013,1135.390644049007
DRJ47,OUT017,2817.136902697766
FDT50,OUT010,169.6570071369901
FDV02,OUT046,2781.443072109217
NCG18,OUT017,1662.0099187457415
FDW52,OUT046,2817.531727965592
FDS40,OUT035,642.456962050587
FDN31,OUT017,3126.638840930116
FDA37,OUT045,1990.721329688438
FDA15,OUT046,4238.105147403682
FDL39,OUT046,2888.206535698809
FDJ53,OUT045,1992.3702513931712
FDX22,OUT013,3484.6870638503433
NCZ42,OUT045,4143.3783916000675
FDD56,OUT027,5015.764552511642
FDD40,OUT017,3084.9681909042415
FDS50,OUT013,3463.3920064765143
NCN14,OUT013,3083.4507566435177
FDT15,OUT013,3252.927240945968
NCS18,OUT027,2694.1472988298524
NCO26,OUT010,279.42777285134457
FDF58,OUT018,862.1597249703432
NCB19,OUT013,1465.420982985788
FDH26,OUT017,2008.9878904178418
DRB24,OUT027,3067.5417294539907
FDA49,OUT018,1353.9034035183627
FDB32,OUT045,1567.796998220864
FDI36,OUT017,3178.5856239198915
NCA17,OUT010,297.2675548616496
FDH22,OUT013,2132.450326384623
NCM26,OUT018,2248.812988800097
FDT15,OUT027,5603.817240724983
FDB16,OUT018,1299.841098985523
NCP54,OUT027,3659.4058539643215
FDJ36,OUT013,1688.7918734507377
FDO28,OUT045,2072.7883852213395
FDU09,OUT013,754.741755857481
FDF29,OUT017,2161.671619885126
FDY08,OUT013,2267.4707570983005
DRJ59,OUT018,452.20826137487535
FDT23,OUT027,2265.5656546333153
FDU15,OUT018,405.99695304785877
FDT47,OUT013,1770.0521613807498
FDI53,OUT019,420.6053583595407
FDR59,OUT018,3633.4876718332457
FDD53,OUT035,641.097126649619
FDY51,OUT017,3443.1075348152517
FDT04,OUT049,638.2505729013861
FDU51,OUT049,3072.2599411983238
FDG14,OUT035,2595.2046226483076
NCU06,OUT045,3813.398086878544
DRG25,OUT046,3322.9746192950224
DRH49,OUT035,1184.5397062378606
FDN15,OUT035,2159.5996937280424
FDL43,OUT018,1204.4451344050487
NCT18,OUT049,3626.6640886283967
NCB31,OUT013,3867.9973670962904
FDK57,OUT035,1950.7446736632244
FDY04,OUT019,356.21692072220867
NCP54,OUT046,2122.2206085993284
FDF41,OUT013,4014.903104976563
FDM01,OUT045,1695.876719599802
FDW03,OUT045,1744.4359813233348
FDF28,OUT045,2064.5924228375247
FDY37,OUT017,2220.772684456713
FDQ03,OUT017,3761.048093103853
FDP51,OUT027,2660.8564751812914
FDJ40,OUT017,1733.2437574059081
FDC32,OUT049,1366.019751181729
DRI49,OUT027,2193.229760686703
NCW54,OUT017,828.4934740804966
FDF09,OUT017,555.445469286399
FDP45,OUT018,3315.779102418544
DRJ23,OUT018,2983.206562947478
FDS59,OUT017,1810.3315314208771
FDY08,OUT046,2279.7793333533273
FDX16,OUT049,2523.6814305676494
FDY16,OUT018,2879.3859282788926
FDK32,OUT035,2582.468585265739
FDQ22,OUT013,636.3699475408441
NCC31,OUT018,2360.413271456368
FDG58,OUT049,2393.300150305743
DRF48,OUT013,3104.2832053143497
DRH36,OUT049,1022.0365169101045
NCR30,OUT035,883.4593661439587
FDB03,OUT019,510.5339696204965
FDZ28,OUT027,3126.6656363141255
FDR35,OUT017,3073.549619714012
DRD15,OUT027,6006.9883797458615
FDJ33,OUT019,312.43508369021976
FDA56,OUT010,174.36844264296528
FDP56,OUT046,748.4810594331525
NCT30,OUT046,750.9950930890793
FDK15,OUT017,1620.7728811994082
FDH44,OUT018,2172.906775892464
FDV01,OUT013,2461.935858231473
DRG03,OUT017,2483.9751630545215
FDG50,OUT027,2530.2395975159848
FDR16,OUT010,555.6188940268615
FDZ60,OUT046,1555.151591158122
DRG03,OUT045,2521.04189001596
FDS56,OUT018,3917.6037673151095
FDU33,OUT045,824.1777389583377
DRD27,OUT035,1609.2909641480173
FDW22,OUT046,3666.3158542720726
DRA24,OUT045,2650.168847597068
FDF38,OUT049,641.5334458530727
FDX48,OUT013,2431.573931687241
FDS58,OUT018,2606.0495337759107
FDC32,OUT046,1380.8924909527616
NCQ29,OUT045,3700.2922237362
DRK39,OUT018,1214.2062666973388
NCS38,OUT017,1842.450305734677
DRO47,OUT013,1771.7003748314564
DRG27,OUT027,1032.10002493616
FDC57,OUT027,5253.339409769033
FDS55,OUT046,2325.471431131077
NCJ06,OUT018,1858.6855932094727
FDO01,OUT019,322.335028910579
NCM55,OUT045,3110.126521376
FDC52,OUT049,2475.035643409534
FDQ15,OUT045,1326.3336322136388
NCT30,OUT027,1463.9709398033197
NCR42,OUT027,1077.2883905765927
FDD28,OUT035,804.4283422737054
FDQ34,OUT049,1534.6910860615835
FDZ12,OUT027,3428.3935165036823
DRE13,OUT019,224.56081177085318
NCN07,OUT019,314.6384085845584
FDM28,OUT035,3008.9101424284677
FDI10,OUT017,2798.5480821875162
FDQ25,OUT013,2857.1031311079137
FDA38,OUT010,637.5523934205316
DRI13,OUT049,3346.952111702858
FDY20,OUT027,2508.6416523770463
NCZ53,OUT035,3178.608710428493
NCM31,OUT013,3002.738000334134
DRB01,OUT017,3119.126973719036
DRF37,OUT046,4271.011927266702
NCF42,OUT049,2698.539231296982
FDF16,OUT018,2247.1513066725825
FDB41,OUT013,697.8099777342601
FDR34,OUT013,4052.1503546717354
FDR15,OUT018,2286.2842282810534
NCV42,OUT019,275.3557813569391
FDW51,OUT035,3739.2187167194083
FDU36,OUT017,1554.8437068513485
FDX60,OUT049,1317.0222608628956
FDY03,OUT035,2059.5691140448002
FDW55,OUT045,4107.150140389336
FDT01,OUT010,575.6008576405518
FDG58,OUT013,2355.8579078452062
FDK21,OUT017,4612.865657562353
NCS41,OUT019,396.9365618439228
FDS10,OUT045,3386.6366235860314
NCT53,OUT046,2622.929760593789
FDJ28,OUT018,2837.6709910944805
FDX44,OUT045,1347.990936139267
FDT20,OUT018,485.00152014412924
FDO44,OUT017,1701.8325010240073
NCX17,OUT049,3469.504204897223
FDY01,OUT017,1992.6629439032838
FDJ12,OUT027,5509.267278698136
DRK35,OUT018,548.1357815466243
FDD47,OUT019,451.24314839494656
NCM53,OUT035,1671.3770946534682
FDO45,OUT013,1289.6967709339342
NCM42,OUT010,250.69712843318678
FDE04,OUT046,2830.4242822012666
NCI30,OUT027,6192.0440059601115
FDZ19,OUT013,2850.7011204585197
FDW57,OUT013,2971.615771442547
FDA25,OUT013,1694.0595146501687
FDT22,OUT046,987.4590585487592
FDP51,OUT013,2018.0609358916997
FDD48,OUT027,3117.9100552389123
FDY39,OUT035,3631.3710696232583
FDO48,OUT010,794.8032035222489
FDD23,OUT027,5395.997813680723
DRN35,OUT027,954.2547060077211
FDT01,OUT035,3464.2773547995303
FDC20,OUT010,175.2670615342211
DRJ35,OUT035,985.2895677639771
FDB32,OUT046,1424.5006288413338
FDL24,OUT046,3009.7555107381536
NCV42,OUT035,1858.0638158579948
FDZ46,OUT046,1741.0291971223571
FDC15,OUT013,2555.479489925936
FDD08,OUT019,55.67906866770961
FDY50,OUT049,1467.3759263419795
FDD36,OUT013,2113.649814956859
FDG57,OUT027,1387.6664536907617
FDL21,OUT018,457.76272165300855
FDN16,OUT027,2689.360357200601
FDJ09,OUT027,999.8179620059628
FDS01,OUT010,405.3592388888892
FDV33,OUT017,4194.591707215683
DRE12,OUT017,1688.0366635165199
FDR07,OUT013,1529.4926548415817
FDP48,OUT010,392.3064970658649
NCB55,OUT035,871.9388288060559
FDQ08,OUT013,768.9330617926154
FDR34,OUT035,4236.856190551781
FDO33,OUT046,1686.4577194341314
FDP13,OUT045,682.8288720032582
FDX12,OUT049,4110.6970407269355
NCT06,OUT049,3027.8072500538706
FDR16,OUT019,513.6039606215633
FDE36,OUT046,3017.23312633836
FDZ36,OUT049,3473.640503408825
FDV13,OUT045,1345.8714449719616
NCZ17,OUT035,654.3269719541286
FDU56,OUT045,3211.5463737429222
FDM09,OUT035,2928.207440641403
FDV02,OUT017,2794.4679813260295
FDS34,OUT018,1685.420310316622
FDA11,OUT049,1520.0895306584507
FDP09,OUT017,4058.561614098045
FDB29,OUT027,2792.3653879752196
FDT19,OUT017,2915.892864403754
DRH15,OUT017,769.8099793823806
FDY38,OUT046,3650.5341097367436
FDF14,OUT027,2873.60825897946
FDN48,OUT010,212.63025792349885
FDQ12,OUT013,3854.566118695671
NCJ43,OUT045,2916.3158362219624
FDE17,OUT019,251.80849190709515
FDB05,OUT035,3832.933730546704
FDH10,OUT045,1962.302927281817
NCR06,OUT017,643.4704363066639
FDU32,OUT018,1775.75196222126
FDD56,OUT049,2970.609212800774
FDO36,OUT018,2756.286187941201
FDH16,OUT010,184.83491314055698
FDX10,OUT018,493.92066250692045
FDZ37,OUT017,1291.8493226966282
FDU31,OUT010,672.5104568732972
DRC49,OUT049,2028.195407417414
FDL15,OUT045,2541.003703839123
FDN32,OUT019,501.5232753774644
DRH59,OUT027,2313.7607336516294
NCU29,OUT049,2346.706494994645
FDR37,OUT019,509.99042641827924
FDS14,OUT018,2373.6452155771476
FDU02,OUT027,6253.416116146432
FDJ08,OUT035,3196.332927775612
NCZ06,OUT045,3706.0832490249854
FDO31,OUT049,1361.1890105508226
FDH31,OUT018,1402.204670332628
FDS58,OUT017,2775.981421472477
NCA53,OUT027,1201.481036129003
FDF50,OUT046,3200.831086935076
NCW42,OUT049,3734.6089999625915
NCQ17,OUT045,2520.3355214473418
FDK51,OUT018,4346.149216561576
NCW41,OUT010,451.1059680434522
NCR29,OUT017,823.6958521920961
FDB08,OUT019,382.6009624999801
FDA40,OUT027,2388.8274127654527
FDL14,OUT018,2344.371848303608
FDB47,OUT046,3601.588602761045
FDO03,OUT035,3937.752966433421
DRK13,OUT019,411.53465618969767
FDX13,OUT010,586.2538969943016
FDF52,OUT046,3474.4753871079383
FDT11,OUT013,3016.3516598566403
FDB08,OUT013,2511.8578119902554
FDQ28,OUT018,2296.7518041628764
FDD29,OUT045,4575.108351687194
NCQ29,OUT027,6130.584219394777
NCO02,OUT013,1019.0992339268439
FDR56,OUT010,465.20082255023436
NCM54,OUT049,2083.5091463866343
FDP51,OUT035,1888.8101284952993
FDT38,OUT013,1304.7401526482022
FDZ20,OUT018,3184.268204375383
FDJ53,OUT013,2071.3664945952282
FDX13,OUT049,4206.156759656022
FDP58,OUT035,3607.05495205488
NCK31,OUT019,147.01146497485445
FDA35,OUT018,1817.8619036719424
FDV37,OUT018,2960.8958168790227
NCO07,OUT027,5796.575234376688
FDA20,OUT045,3167.7744973281947
FDZ59,OUT035,2810.5410644924705
NCY17,OUT017,729.8031257214129
FDQ28,OUT035,2629.9273797059577
FDV35,OUT017,2561.7083025943743
FDQ36,OUT013,534.510323517087
FDD34,OUT018,2610.544794792733
FDK51,OUT045,4808.622485078542
FDV31,OUT035,2677.711860261994
FDR04,OUT035,1500.0948192864964
FDR14,OUT049,850.6144829773218
DRC36,OUT010,460.0296769341221
FDE39,OUT019,339.6530577761357
FDP57,OUT049,1611.926644426565
FDE57,OUT046,2095.863234068021
NCN18,OUT046,1784.4872548111912
NCQ05,OUT018,2337.5123426306304
FDW47,OUT035,2008.3929876426564
FDV46,OUT035,2191.8427185824235
NCP29,OUT045,1004.38805786066
FDE09,OUT018,1506.876189858043
NCU06,OUT027,6362.612605972074
FDT19,OUT010,488.39661114684094
DRF15,OUT017,2413.0023342847567
DRI51,OUT013,2792.2147602513633
NCX54,OUT013,1713.87134670409
DRE01,OUT013,4154.359383424816
NCB07,OUT045,3069.351835473602
FDU50,OUT035,1801.8484004303727
FDG40,OUT035,623.6944611360752
FDW10,OUT018,2797.381907039582
FDX51,OUT013,3119.116123861398
NCP17,OUT045,979.9511649272094
FDP21,OUT035,3268.866388468607
FDL04,OUT045,1604.4507784460639
FDV23,OUT013,2100.0360764637235
FDF24,OUT046,1291.3197918172684
FDH56,OUT027,2936.4312485090272
FDB51,OUT049,848.54641597345
FDI58,OUT027,2392.310299714444
FDR20,OUT013,702.6299251947389
FDC51,OUT018,1805.5719233910588
FDB16,OUT027,2122.1250411111755
FDE40,OUT049,848.2796447424718
NCM17,OUT035,752.050152279206
FDU56,OUT035,3181.4148291100187
FDS32,OUT019,310.12894029333773
FDX02,OUT049,3812.423621160938
FDT39,OUT027,3970.3560599076536
FDE35,OUT017,757.7240097575238
NCI42,OUT019,956.5981867178368
DRL23,OUT046,1635.4468389518015
FDA10,OUT046,2057.2354188045333
FDA11,OUT013,1481.8978877359125
NCM06,OUT046,2275.6243788594093
NCT05,OUT035,4001.2722548095144
NCQ02,OUT010,597.2582398726689
NCY06,OUT049,2085.9411920215666
FDY56,OUT035,4054.0250582150093
FDL02,OUT035,1684.6032007009178
NCI06,OUT035,2888.9229869120186
FDQ14,OUT045,2410.2943895221756
FDQ12,OUT017,3792.084027590902
FDP36,OUT046,732.0552085220569
FDK21,OUT027,7706.687440550121
FDO40,OUT045,2553.7889101241212
NCK54,OUT019,182.21623537457953
FDY09,OUT018,2857.03876486581
NCW30,OUT049,4171.983563764825
NCC55,OUT027,1003.6014755835427
FDE58,OUT018,1585.6440415277384
FDR39,OUT013,3190.773929203335
FDU28,OUT049,3111.232463898874
FDH08,OUT017,3814.3308414593876
FDG35,OUT045,2921.4569044226196
FDG22,OUT049,544.5231655206734
FDC34,OUT035,2876.3057573604187
FDP15,OUT018,3192.5197687771597
FDK34,OUT010,615.6292941781162
FDU45,OUT035,1984.2526460436459
FDQ04,OUT027,957.5399665553272
FDX22,OUT018,3325.9276861919193
FDB45,OUT017,1574.7632019716648
NCH43,OUT027,5282.240000421965
DRE60,OUT046,4053.2419225858316
FDD17,OUT027,6356.16749194159
NCM54,OUT017,2092.9773589857678
NCH55,OUT013,2114.9426051293
NCT06,OUT017,2681.1015374124227
FDA48,OUT027,5173.752413985967
FDY58,OUT027,6829.559296676753
FDO25,OUT045,3571.250062950038
FDN50,OUT045,1527.3433867166705
FDH35,OUT035,2656.0796441412326
FDK09,OUT045,3778.7062263237685
FDO16,OUT013,1780.43856649261
FDW11,OUT045,1033.0521357681607
FDU47,OUT027,3217.3036095454663
NCQ42,OUT010,284.6692558209042
FDK55,OUT027,2953.0964566302628
FDN08,OUT049,1878.4134727455955
FDT57,OUT045,4170.760999026404
FDJ12,OUT018,3220.4835351210836
DRL59,OUT017,791.3151121474475
NCN53,OUT046,687.8521704090944
FDO51,OUT010,88.32687747545702
FDK56,OUT017,3130.0318791612117
FDY12,OUT035,816.226363366681
FDU15,OUT035,604.381985565403
FDQ19,OUT046,3483.748072573894
DRF15,OUT045,2419.679875870427
DRE25,OUT019,217.82099757479241
FDK57,OUT018,1844.526514511609
FDD33,OUT010,576.5522253282735
FDR34,OUT027,6514.286747436982
FDU04,OUT045,1973.967838195968
FDE35,OUT019,202.33494208158805
NCD31,OUT035,3012.9256785495345
FDJ56,OUT035,1519.2910597794962
NCU53,OUT046,2480.7572885304385
FDD39,OUT035,3447.1978832208006
NCU17,OUT019,221.5656300643437
FDJ20,OUT046,1994.0251897956423
NCW41,OUT018,2535.1187676926106
FDL52,OUT035,684.0071735014291
FDS39,OUT035,2119.4375744898566
DRJ47,OUT045,2811.4766236443716
FDP13,OUT010,104.01536536344832
DRK39,OUT010,197.0517394012469
FDF28,OUT010,283.0372988480111
FDB09,OUT045,2075.7986912586457
FDM51,OUT046,1606.7861715830181
DRM49,OUT018,792.0501006294191
DRF23,OUT013,2709.665559008348
DRH01,OUT035,2874.972473676297
FDH12,OUT027,2624.589828802178
FDA28,OUT019,297.45831699670515
FDW37,OUT018,1322.689549857459
FDF02,OUT046,1682.0908188495957
DRL37,OUT046,745.1876675105522
NCF43,OUT046,2022.1411881319184
FDH08,OUT010,524.496272954127
FDR34,OUT019,552.8209679246257
NCK19,OUT049,3247.0695090144764
NCD55,OUT018,508.5173943120019
FDT27,OUT049,3752.9606068940097
FDQ57,OUT045,2325.233203220565
FDA47,OUT035,2721.400815331327
DRG15,OUT027,2037.3350511460521
FDE05,OUT018,2329.015763534071
FDN46,OUT046,1697.2797769849847
FDX27,OUT027,2735.667297238404
FDT51,OUT045,1746.5993495455962
FDU33,OUT013,724.0718463996936
FDJ16,OUT027,1543.427795508222
FDD20,OUT019,313.3657040484222
FDT36,OUT049,523.0135440550417
DRF15,OUT027,3079.802729533653
FDN52,OUT010,190.7850744128157
FDC22,OUT027,5446.14970261805
FDX15,OUT045,2625.8829277574036
FDT13,OUT013,3218.5972182915884
FDU04,OUT017,1985.6667302192072
FDU31,OUT019,556.0433648508592
FDW59,OUT027,2261.234518669223
NCO29,OUT046,2793.215129533958
FDL15,OUT035,2606.7343609883333
FDI41,OUT049,2552.210105923873
FDQ48,OUT049,1620.9866442238488
DRI39,OUT013,819.1708808095747
FDI08,OUT013,3977.413751340863
FDC21,OUT049,1784.3755625568226
FDF58,OUT035,1110.383494193358
FDS08,OUT010,445.8978300278107
FDE47,OUT045,1981.6861774739448
NCP18,OUT019,329.8816045162685
NCR41,OUT013,1620.552604795996
FDA27,OUT013,3824.306540374475
FDA43,OUT035,3207.2155512834183
FDA49,OUT045,1425.5427042541535
NCE55,OUT018,2575.5067718709015
DRM49,OUT027,1048.2373528425396
FDF22,OUT027,5489.032751111316
FDQ15,OUT018,1241.3266617639947
NCS54,OUT017,3250.862930573663
NCY05,OUT013,650.6578571385719
FDR45,OUT046,4223.376402657933
FDK57,OUT049,2044.0999531172154
FDF41,OUT010,540.152224133704
FDV21,OUT046,2640.3677499707997
FDD51,OUT046,780.8793451877691
FDF33,OUT046,1809.7582075527864
FDA38,OUT046,3979.95572153851
FDR56,OUT045,3171.032727096628
NCN41,OUT017,2097.954890562897
FDC60,OUT027,2549.7086786975647
FDB47,OUT045,3570.448931122573
DRH01,OUT013,2871.6799057899616
FDW08,OUT046,1756.9296096658202
FDF38,OUT027,891.840569638123
FDY32,OUT017,2407.352539774785
FDG34,OUT049,1659.5273749765422
FDG47,OUT019,601.2472510579291
NCF18,OUT035,3082.679852213373
FDL39,OUT019,574.6444806296092
NCH55,OUT035,2068.1619587485884
DRJ35,OUT049,847.0955811391856
FDS44,OUT035,3946.7396457960117
DRE01,OUT018,4243.026836158165
FDY39,OUT013,3246.9906053871828
FDY32,OUT018,2316.0562790800827
FDR33,OUT027,3305.69142796629
NCP50,OUT049,1207.2062579627363
FDZ47,OUT018,1336.8989940136996
FDU57,OUT049,2240.27159759269
FDY44,OUT013,3149.9355120108057
DRH59,OUT018,1138.727233075092
FDB03,OUT027,6458.47943153991
FDY46,OUT045,3058.971228994439
FDM39,OUT045,2832.076858861651
FDY36,OUT035,1304.3017586250437
NCM55,OUT035,3187.441302302168
FDJ50,OUT010,182.16492221021105
DRL60,OUT013,2360.1961257923926
NCJ54,OUT049,3797.254826732784
FDX59,OUT017,468.1406855288546
FDI07,OUT013,3046.7084448358155
DRF51,OUT010,114.98097525430376
FDM14,OUT017,1661.4677050346704
FDP21,OUT045,3201.095178548361
FDE40,OUT035,1090.1540251239537
FDE05,OUT035,2507.3489145291214
FDM13,OUT027,3677.61224926128
FDC34,OUT027,4094.554265937424
NCI55,OUT018,2048.7193676710635
NCE43,OUT018,2519.3711644601617
FDW58,OUT018,1288.322276270124
FDG60,OUT045,3882.274063006857
FDV31,OUT017,2647.963526820864
FDR47,OUT013,3024.91239048119
FDM60,OUT019,57.53139745041061
NCF06,OUT018,3500.795190781265
NCN26,OUT027,2992.1858551641076
FDQ59,OUT049,1381.9733982169757
FDF09,OUT046,687.1145903683187
NCS06,OUT017,4001.9594013057804
FDT44,OUT046,1910.758500456481
FDI19,OUT017,3963.3480358066877
FDT22,OUT017,934.804360681686
NCF54,OUT027,4590.433405753582
DRG25,OUT045,3201.3615601574934
FDB59,OUT017,2991.743161488413
FDQ37,OUT017,3278.234131593298
FDP56,OUT035,739.9274076658346
FDW44,OUT035,2978.926969856369
FDJ26,OUT010,582.7623319882467
FDU43,OUT018,3418.5442576644377
FDW33,OUT045,1629.0178517645047
NCX53,OUT027,3237.4715358243507
FDN56,OUT010,420.9565430996521
DRF15,OUT049,2349.8698092228437
FDO33,OUT017,1849.496031709055
FDZ39,OUT010,213.07685610046696
NCJ19,OUT017,938.2459965299611
FDU01,OUT035,3230.546134352832
FDT12,OUT035,3738.491446634164
NCM18,OUT018,894.8542545210723
FDP19,OUT017,2621.7695759249696
NCR42,OUT049,485.7065647630308
FDN10,OUT046,1886.3128324418112
FDG44,OUT017,874.8973357747119
FDQ10,OUT046,2924.252520474081
DRH13,OUT049,1577.4512935237933
FDT52,OUT013,4113.719035176393
FDM56,OUT045,1696.0621367895424
NCO43,OUT010,259.5336503432165
NCV29,OUT035,3089.29685387867
NCF06,OUT013,4419.1763169201995
FDO50,OUT035,1351.8492095645033
FDT59,OUT013,3974.536534241906
FDX40,OUT027,911.3772827753787
FDE50,OUT017,3137.028928976007
FDX51,OUT017,3242.1476723562173
NCD30,OUT018,1382.930803938649
FDK15,OUT013,1614.2720734683646
FDL12,OUT045,922.082722350064
FDK46,OUT017,4219.619106022443
DRH49,OUT010,192.75810171844185
FDQ57,OUT046,2363.7984590038627
FDY59,OUT017,1400.5719866936147
FDO09,OUT018,3605.687071843727
NCG30,OUT035,2012.443578406476
FDM09,OUT017,2747.7183394320377
NCN17,OUT027,2744.037108145061
NCS42,OUT013,1393.5756654569739
FDD02,OUT019,295.6451912015309
FDE34,OUT013,3397.3603829708036
FDU38,OUT045,3190.9659462432537
FDB33,OUT046,2745.5643584538498
NCJ29,OUT017,1361.797463184329
FDZ27,OUT035,739.2045040430919
FDI40,OUT013,1585.8804186435425
FDG22,OUT013,571.3313416429515
FDT51,OUT017,1765.2118678746067
FDF20,OUT018,3019.3902181430144
FDV50,OUT035,2012.0472142250253
FDT02,OUT049,606.654019367537
DRC49,OUT017,2442.522669916712
FDF26,OUT049,2257.8587400259526
FDV52,OUT035,1671.0227688911693
FDX59,OUT049,543.4515365824764
FDV25,OUT035,3678.9335095421675
FDW23,OUT027,1025.3833197033957
FDE53,OUT018,1357.420498570079
FDA19,OUT017,2016.6474141323245
FDH22,OUT046,2097.311810252287
NCO41,OUT013,1571.3187544620864
FDX12,OUT017,4275.767725005373
FDF17,OUT013,3105.5194621464934
FDS11,OUT045,3734.215542906053
FDR51,OUT035,2525.954183143228
FDT49,OUT010,228.77610107305543
FDC56,OUT013,2141.5150773934847
FDR13,OUT027,3039.2805130862866
FDQ60,OUT035,2136.5003887895055
FDN38,OUT049,3952.9056120689183
NCL29,OUT013,2517.547791112311
FDO13,OUT027,3826.6602330744136
FDE26,OUT018,2778.1749944438598
FDA31,OUT010,435.440757831796
FDX14,OUT035,1278.3763224905522
FDA34,OUT045,3060.799959781885
FDF26,OUT013,2397.197907260845
FDE38,OUT045,2793.053749596081
DRI11,OUT046,1903.8172893392084
FDQ60,OUT027,3154.1131913787945
FDL21,OUT027,870.3834185403807
DRC12,OUT027,4701.395749703301
FDC47,OUT046,3628.2179796369705
FDE57,OUT045,2003.4593021913095
FDT14,OUT045,2134.685098380372
NCZ53,OUT046,3297.1933773727455
FDE28,OUT018,4144.916776598111
FDR19,OUT035,2688.3328374191938
NCF54,OUT019,374.56903110340613
FDZ08,OUT046,1329.4085060352234
NCJ05,OUT018,2271.9290084035374
FDF59,OUT046,2031.0487851936732
NCO05,OUT035,1768.3046726171829
FDW24,OUT018,715.5286174583955
NCX42,OUT018,2822.745307640086
NCA53,OUT035,829.5602368472771
FDI45,OUT019,347.26491336142436
FDG46,OUT046,2070.2267302095206
FDM20,OUT010,615.5048945510753
FDW11,OUT010,129.51578059139558
FDX08,OUT035,3055.9190679260673
NCK17,OUT035,698.8618665091545
FDK32,OUT018,2320.348648096639
NCA42,OUT035,2641.747629661509
DRI01,OUT035,3018.5441317657164
NCL55,OUT049,3921.4606538757093
DRE25,OUT018,1337.0524725038765
FDD14,OUT017,3119.058176859681
FDB10,OUT046,3800.797752241057
DRN11,OUT035,2368.5632129088717
FDP38,OUT018,697.0926618571457
NCA30,OUT017,2995.11610193019
FDT15,OUT017,3206.876474562936
NCP55,OUT018,846.0168231508015
FDF12,OUT035,2325.1621165667143
FDM21,OUT018,4071.265627494206
FDX56,OUT035,3750.942219692492
FDF10,OUT017,2600.1912560603396
FDT32,OUT045,3076.569588492288
FDM51,OUT018,1400.9260220793774
NCR50,OUT018,2446.9044527372394
FDI19,OUT049,3988.915467982724
FDX21,OUT017,1655.6632518277745
FDR31,OUT035,2531.1447957890036
FDY02,OUT013,4083.1562762619665
NCA29,OUT045,3086.426534065622
NCX17,OUT046,3153.257112458341
FDM12,OUT045,3089.359890767743
FDI53,OUT027,3902.4588433689687
NCU30,OUT049,2957.4019310285826
FDC56,OUT027,3330.60782534647
FDK27,OUT018,1750.2317586080715
NCK18,OUT017,3310.895726007063
FDB52,OUT019,460.07347223839366
DRG25,OUT027,5546.347479496183
FDZ13,OUT049,771.194170172912
FDB57,OUT019,636.4066219323581
FDR40,OUT046,1265.6746488473918
NCO14,OUT019,126.04941541627127
NCN19,OUT045,3048.5364996238654
FDQ28,OUT019,324.83888044690434
FDO13,OUT018,2332.839166800676
FDK48,OUT013,1250.5262574921517
FDU07,OUT018,2260.1405131850656
FDW20,OUT046,2236.1073303272465
FDV12,OUT010,236.2994479135422
FDH24,OUT013,2489.483110530259
FDV59,OUT049,3401.3556884903505
FDK57,OUT045,1993.4202911840105
FDL16,OUT027,1000.0987345505147
NCQ17,OUT046,2534.5054109296725
FDJ15,OUT018,2859.1203160390314
FDX24,OUT049,1386.6199447222
FDT47,OUT046,1801.1238523308036
FDT10,OUT049,833.9948839090521
FDZ37,OUT018,1237.3530375274413
FDW43,OUT027,6633.393413013935
DRN36,OUT017,1538.8239405609738
FDJ14,OUT045,1265.2369202153186
FDA32,OUT013,3309.018979425996
FDJ38,OUT019,487.50617915520814
FDQ57,OUT017,2334.2209386273257
NCQ41,OUT019,383.3638211396147
FDG56,OUT049,933.7895189904767
DRC13,OUT027,3742.3980499829377
FDV55,OUT035,2598.334870002177
FDQ49,OUT045,2473.089202577395
FDE29,OUT010,166.270525461513
FDR03,OUT013,3608.619327311953
FDD45,OUT049,1426.526228491026
FDN38,OUT010,455.4932457047011
FDT56,OUT046,797.7639472200169
FDT48,OUT045,3256.8763401946658
FDU03,OUT049,2955.3417206864456
FDC56,OUT010,230.6748966601695
NCO43,OUT027,2307.635795565913
FDQ27,OUT017,1820.748650805762
FDR03,OUT046,3753.207632196218
DRH23,OUT010,202.3824454727817
FDG22,OUT045,632.1005130369599
NCJ42,OUT013,1668.0113241209297
FDR24,OUT046,1355.9501399135665
FDW60,OUT035,2955.4229401196562
FDJ08,OUT013,3187.220457193324
DRL59,OUT018,755.7132016510704
FDG60,OUT010,504.4442538131076
FDW27,OUT017,2157.402497977909
FDX14,OUT018,1352.3351453929506
FDC20,OUT013,763.8283221567004
NCS29,OUT018,3631.6427608079566
FDJ56,OUT046,1495.0440013392786
FDB20,OUT019,209.73755228619783
FDL28,OUT027,6762.7983664556605
FDW01,OUT018,2233.5398107278634
FDL03,OUT046,2894.2700101275404
FDX22,OUT049,4006.497192594502
FDJ21,OUT035,2772.0673252926467
FDR31,OUT045,2301.384885245909
FDG21,OUT035,2889.795510273475
FDS22,OUT027,912.1329037303403
FDK08,OUT035,1606.2414603446905
FDE17,OUT018,2227.7726305113156
NCN30,OUT017,1527.4634907088873
FDT50,OUT046,1504.5130927818516
NCX42,OUT049,2791.552507803656
FDJ12,OUT035,3874.5079607048315
NCA18,OUT027,2933.1251281428517
FDP23,OUT019,426.61865779585787
FDX12,OUT013,4229.730932389717
FDN40,OUT018,2224.4105412736153
FDV48,OUT035,1392.2908239109292
NCY54,OUT013,2949.699600445057
FDL16,OUT010,139.3823375349676
FDR45,OUT018,3345.712006844868
FDJ52,OUT046,2597.6545279660872
DRG01,OUT017,1352.1297678860253
FDP52,OUT013,4024.6776547585273
FDU58,OUT017,3122.3456413426925
FDL02,OUT045,1649.142665075286
FDG28,OUT013,4121.739815648212
FDA19,OUT035,2029.9148793886443
FDW46,OUT027,2029.176693578879
NCD43,OUT049,1587.2126016587818
DRG39,OUT013,777.750408685003
NCF55,OUT049,637.6618423077829
FDJ07,OUT046,1975.8283177643825
FDE08,OUT046,2437.60576221233
FDP56,OUT019,73.56767158509243
FDT45,OUT045,836.657667043883
FDF17,OUT018,3020.032685975437
FDX44,OUT046,1351.8347412618753
FDM28,OUT027,5516.230292077286
FDI36,OUT049,3049.2869174204543
FDS07,OUT045,1893.6406750677297
FDD36,OUT045,1892.116878193313
FDW11,OUT046,948.6005700653958
FDN40,OUT049,2183.6393283506372
NCQ18,OUT049,1567.6065329029093
NCQ54,OUT017,3345.9513576706377
NCS42,OUT045,1424.944566942686
DRH39,OUT010,168.55169894465152
FDC09,OUT027,2619.3037878991
FDT08,OUT010,320.5143841694346
FDC08,OUT035,3668.8249425259164
FDT20,OUT017,572.4790291780848
FDS35,OUT035,1140.090200499137
FDX58,OUT018,3133.302386846776
FDW58,OUT046,1678.1242897006878
DRD27,OUT046,1596.9133754389213
FDH32,OUT019,233.98062527851977
FDS26,OUT035,4320.602595023725
FDQ31,OUT046,1405.936959709441
FDP11,OUT018,3095.7997985307206
FDD58,OUT017,1663.3215815342164
FDM33,OUT045,3191.930619438108
FDZ16,OUT049,3150.0178182502764
NCS29,OUT010,481.0114607718968
NCM18,OUT019,142.13229727986567
FDP11,OUT049,3242.558697195309
NCC42,OUT017,2041.6107445252353
DRM23,OUT046,2716.455775155626
NCN55,OUT027,6101.2829857610395
FDK46,OUT013,4526.102813960318
FDR01,OUT046,3231.1318555408066
NCA05,OUT045,2237.9413197558265
NCP43,OUT017,2871.871281589706
FDR12,OUT010,393.75697240020037
FDQ01,OUT013,3770.7597640450867
FDM13,OUT046,1997.7019761726892
FDQ19,OUT017,4192.407714244076
FDK56,OUT019,445.52864539086147
NCX06,OUT010,461.50293809265276
FDO56,OUT027,2863.568156987372
FDU45,OUT045,1858.378549513134
FDI16,OUT019,159.4629761100882
FDL32,OUT046,2249.3548840413005
FDA07,OUT046,2000.3563974891736
FDA14,OUT045,2532.1080070057174
FDV46,OUT027,3432.6382604058626
NCO07,OUT035,3560.3200833770657
NCP41,OUT046,1662.6505757592406
FDY60,OUT018,1640.1809621492075
FDN38,OUT017,3739.4494622902394
FDO15,OUT046,1199.9359297061703
FDT60,OUT013,2063.5928531647905
FDA55,OUT035,3982.0914360366537
FDE02,OUT010,176.0109320714118
DRJ39,OUT049,3528.2013219877513
FDV34,OUT035,1215.4140520178837
FDS20,OUT027,5708.781307568381
FDF02,OUT027,2825.950588784489
FDW40,OUT017,2123.3575983907954
NCB43,OUT046,3121.719936293617
FDR58,OUT017,1403.5597833685179
DRJ59,OUT035,680.548247053044
NCD30,OUT017,1614.2997542380947
FDE14,OUT017,1596.7222790518938
FDC28,OUT018,1460.6836322163026
FDU16,OUT018,1283.1924795948842
NCD19,OUT035,858.1290093714538
FDU21,OUT046,628.2281637807341
FDV59,OUT027,5518.26515913489
FDU03,OUT045,3374.397930846136
FDC33,OUT010,640.2741202259022
NCR42,OUT035,593.0945171101652
DRH59,OUT035,1250.1338900382932
NCM31,OUT035,2100.4439939130357
FDS50,OUT035,3840.4013334273927
FDP39,OUT046,813.3649243277315
FDQ55,OUT013,2023.0500554439286
FDV36,OUT019,357.1837596230359
FDI05,OUT027,2694.754065062842
FDS45,OUT027,2343.55554004382
FDA39,OUT045,680.1139099720006
FDC37,OUT010,251.73782833584656
FDJ60,OUT027,4549.54058528159
DRQ35,OUT046,1972.9376495032416
NCJ06,OUT046,2079.2070962992557
NCY42,OUT018,2652.4251656726415
DRM37,OUT049,3314.8341541079453
FDR14,OUT045,762.5738572567814
FDE51,OUT049,706.4495961770288
FDT33,OUT017,2883.535296204964
FDR08,OUT013,1850.8666210648146
FDE36,OUT010,446.02909750523975
FDL22,OUT019,279.38188251708993
FDR44,OUT013,2197.264968357619
FDI56,OUT019,205.7101159845254
FDE47,OUT010,292.7412036212167
FDV27,OUT010,215.99871947889451
FDV10,OUT049,682.0979816928285
FDC40,OUT045,1316.4896773928865
NCX41,OUT013,3338.975465792225
NCQ38,OUT027,2526.0646046190636
FDV12,OUT027,2802.397435229877
FDE52,OUT017,1342.6599867737436
FDG20,OUT027,5144.903718685834
FDV16,OUT027,890.5328401392721
FDI32,OUT017,2211.2158238690877
FDJ32,OUT049,855.9462505121136
FDN39,OUT018,2424.20334068961
FDY34,OUT017,3041.0396097857106
FDC14,OUT035,667.9007739196074
FDA55,OUT017,4021.559444334715
FDZ50,OUT010,540.9846918640696
DRG13,OUT049,2644.5325943033927
FDP01,OUT013,2261.1768242688386
NCG54,OUT017,2858.090180540519
FDM13,OUT045,1974.0768070041497
NCO18,OUT027,5334.028857967772
NCW41,OUT013,2592.95834156639
FDM52,OUT027,3434.0522573456706
NCF55,OUT035,693.4928740943528
FDT09,OUT046,2187.924422181532
NCM19,OUT035,1735.240966262705
FDW12,OUT018,2171.63437323666
FDP15,OUT019,598.3351425443096
FDK36,OUT045,858.1237839776782
FDZ25,OUT035,3037.6549843395383
NCW06,OUT049,3143.0398398869816
FDW60,OUT046,3021.6785816576494
DRC49,OUT013,2454.541087650805
NCT17,OUT035,3152.050774937152
NCN06,OUT018,2425.404678833612
FDC45,OUT013,2830.34558750618
DRJ47,OUT019,433.4047478448443
NCF06,OUT045,4088.523537607869
FDE21,OUT010,271.2339299087135
DRG27,OUT013,757.1727360261874
FDW40,OUT049,2140.6730348583314
NCO53,OUT046,3050.5648809234176
FDE23,OUT049,685.0038171811555
FDQ16,OUT046,1706.9822758787582
FDS26,OUT045,4007.859507738483
FDZ13,OUT010,84.13073779509381
FDS14,OUT049,2255.37260437542
FDC10,OUT045,1874.7371370150588
FDY16,OUT049,3152.4793530120696
FDJ20,OUT035,1991.396822061409
FDV43,OUT035,674.7492807976876
FDZ32,OUT027,2399.8750407960256
FDR23,OUT046,2795.548045107869
FDN24,OUT035,877.4095388887091
FDE34,OUT027,5667.988314278889
FDU31,OUT013,3263.6438683956985
FDW33,OUT018,1375.2429770600825
FDU26,OUT046,1903.645340767688
FDE20,OUT027,4386.509399347662
NCW05,OUT035,1849.7958132569938
FDB22,OUT018,2229.472452982314
FDO56,OUT046,1917.17571950236
FDA19,OUT027,4123.744926892194
DRI39,OUT045,943.0735286528235
FDH52,OUT018,773.4704839122375
FDZ50,OUT035,3504.8569692169845
NCN42,OUT035,2664.685013037219
FDB53,OUT013,2511.3462883210523
DRG11,OUT017,1671.314118414521
DRK11,OUT027,3340.75130668334
FDQ60,OUT017,2033.6934791674978
FDT36,OUT017,512.0465760647133
DRG25,OUT018,2986.761794441947
DRJ23,OUT046,3069.9453228603056
FDG05,OUT035,2627.146798227048
NCK06,OUT018,2372.5829583810073
FDU52,OUT017,2274.5445447949287
FDW07,OUT018,1246.4722448715677
NCM17,OUT045,763.276648996151
FDA22,OUT045,2831.959362020574
NCA41,OUT018,2842.2895600272263
FDF38,OUT035,652.420019031976
FDH52,OUT046,913.6935909742016
FDY58,OUT019,691.6979959452844
FDZ16,OUT045,3150.094097906323
NCM18,OUT017,1081.0714130643682
FDA22,OUT018,2476.162441935487
NCJ43,OUT035,2849.8297605678554
FDI34,OUT027,7000.372878680368
FDG56,OUT046,1168.2511461455915
FDS34,OUT046,1924.458882620463
DRC01,OUT035,767.5065325571696
FDQ04,OUT035,669.7952818382288
FDK04,OUT035,805.9501140157012
FDT51,OUT049,1759.8928351060833
FDV26,OUT017,3123.8918217511496
FDS04,OUT049,2190.202125298111
FDW43,OUT018,3144.7719933563067
FDQ28,OUT010,300.3961115099989
NCK06,OUT017,2112.5037412670995
FDS23,OUT018,2668.590128111013
FDZ36,OUT019,607.4266392072145
FDE56,OUT018,769.8736618857428
FDW10,OUT027,4699.851280619809
NCN14,OUT045,3030.9849763237903
NCQ18,OUT045,1623.6235358889824
FDW08,OUT017,1676.222310289699
FDU43,OUT035,4102.324795390139
FDR33,OUT010,275.84836413949813
FDM24,OUT010,356.3123858253319
NCZ05,OUT046,1670.0470697826565
NCV41,OUT035,1818.5780277589056
FDV11,OUT018,2774.147936209083
NCY05,OUT035,651.028414541926
FDV44,OUT018,2782.0397961620383
FDW32,OUT049,1258.758071474196
NCU18,OUT027,3560.877063635635
NCC43,OUT035,3923.972661489765
FDW19,OUT013,1760.6006800088776
FDN31,OUT035,3187.9660736664305
FDI48,OUT045,723.1738392672956
FDS24,OUT017,1424.8624709013384
FDF46,OUT049,1863.7665242757575
DRG23,OUT017,2265.0152622282003
FDG14,OUT018,2358.962288036553
NCY30,OUT049,2863.053062832077
FDO28,OUT018,2413.840371219434
DRD24,OUT035,2006.0119744008803
FDI33,OUT049,1363.8863787498858
FDN32,OUT046,3163.782623343874
FDR16,OUT045,4003.8045165833405
FDF26,OUT046,2279.745269717158
NCN29,OUT018,622.8542401428831
FDE20,OUT045,3272.3141416630624
FDA46,OUT046,3240.744136029829
FDU28,OUT045,3060.153083452239
FDQ48,OUT045,1626.7837270855878
FDV36,OUT013,2423.480064831519
FDR14,OUT018,741.7372640637002
FDP23,OUT017,3500.366252466607
FDP56,OUT013,714.3231380715284
FDK48,OUT010,195.3161479961546
FDR48,OUT046,2487.304398575241
NCY29,OUT049,880.8794141839109
FDM22,OUT018,804.7001167311746
DRJ01,OUT013,2354.4359557055727
FDZ43,OUT045,4000.9900854200723
FDV03,OUT035,2617.8998126145098
FDX11,OUT027,5313.155878274244
NCA41,OUT027,5015.8279430321245
FDE38,OUT017,2560.330338617611
FDI27,OUT018,834.0755286336573
FDN32,OUT013,3252.3989958339303
NCN43,OUT017,2046.8411042162563
FDB47,OUT027,5484.740714082548
FDV03,OUT017,2560.641198822608
NCN30,OUT045,1582.3591296981267
NCV54,OUT010,297.18491867027564
FDV07,OUT013,1701.6681334093282
FDP07,OUT049,2876.886990651503
FDK48,OUT018,999.1302291528464
FDM15,OUT019,301.5208757250935
FDY19,OUT027,2768.6423393576183
FDK46,OUT046,4346.562778922663
FDY11,OUT045,952.4400374736551
FDH09,OUT046,773.5034892673433
FDO08,OUT027,4347.380984251417
FDU14,OUT013,4000.304629162868
FDD22,OUT027,3217.0801539856784
FDM27,OUT017,2494.582060442948
FDL02,OUT027,2484.445089387425
NCA17,OUT035,2437.360914351482
FDE38,OUT019,465.9380215526474
NCG07,OUT049,3178.7913067796753
DRC27,OUT013,3934.6752991920657
FDA27,OUT035,3747.7786864097843
FDW40,OUT045,2102.798805211279
DRI11,OUT013,1905.7532010500486
FDN50,OUT046,1529.8865820174856
FDR12,OUT046,2984.7812141730615
FDT34,OUT027,2844.879954006813
FDW11,OUT035,1033.084347967989
NCO30,OUT027,4579.234645246011
FDZ34,OUT017,3243.9365088818477
FDU45,OUT017,2037.4989048099444
NCD42,OUT035,665.4993318209234
FDX25,OUT045,3012.599363401317
NCR29,OUT046,831.7281052782487
FDX43,OUT019,436.49510304143354
FDB04,OUT010,193.91157512240787
FDR49,OUT027,1330.8833303702102
FDS39,OUT018,1672.1360795834828
FDW58,OUT045,1598.185662312712
FDG22,OUT019,108.14956698665212
FDG31,OUT017,933.2615125128104
NCV53,OUT027,6824.343989934418
DRJ37,OUT035,2489.3018939375347
FDV07,OUT035,1718.9743827196032
FDW52,OUT018,2523.9734019282164
FDT15,OUT045,3215.7234397975626
FDD02,OUT018,1716.3855869974248
FDM16,OUT035,1171.9282257330253
NCE55,OUT046,2703.1064739109406
FDB57,OUT018,2909.8431208584334
FDQ04,OUT013,692.9478650722559
FDQ47,OUT019,84.28861045606064
FDY14,OUT019,532.7955240721074
DRK37,OUT017,3315.925565807559
FDO25,OUT017,3723.1549963009597
FDL57,OUT046,4461.173228622105
NCK29,OUT018,2464.1502253174945
FDK46,OUT027,6674.729066007881
NCB43,OUT010,537.7152858348213
DRE01,OUT027,6410.208170446946
FDC46,OUT018,2928.3337547114947
FDQ23,OUT045,1679.6819246117004
FDX38,OUT049,733.611082874391
FDG60,OUT018,3596.8332952796095
FDW55,OUT017,4004.60845040006
FDP39,OUT013,702.140295621539
FDB20,OUT018,1138.7771873204256
FDV21,OUT017,2252.8849954183147
FDZ02,OUT013,1536.2556044411963
FDP19,OUT027,3259.4066845739976
FDA38,OUT035,4013.6110630925964
FDH22,OUT045,2081.291771636121
DRM11,OUT045,3991.1552111889328
FDO12,OUT027,5550.5989718300525
FDT14,OUT049,2131.274618957489
FDW34,OUT010,561.9936035846416
FDG04,OUT027,4866.422401639861
FDW59,OUT018,1188.2188931275705
FDR33,OUT018,1474.9860715250268
FDP32,OUT013,2053.2315870766615
FDL13,OUT027,7054.557447857531
FDD22,OUT013,1921.9883466463202
FDV40,OUT027,1963.8292037315682
NCD55,OUT046,673.5108367876427
FDQ20,OUT010,70.7095666967028
FDD28,OUT045,794.1040229034737
FDC39,OUT045,3832.021563613958
NCR17,OUT049,1947.9835715041802
DRO35,OUT018,1709.7592769297792
FDF40,OUT049,3952.9765728507773
FDR31,OUT018,2608.0535272547677
NCQ41,OUT017,3202.442823900044
FDP38,OUT046,723.3573825997751
NCU54,OUT027,5664.707395706012
FDG22,OUT018,403.3992978844586
DRK59,OUT013,3658.7680783251176
FDC37,OUT046,1722.3002681326154
NCO42,OUT013,2498.032502896361
NCT42,OUT017,2291.2235328524207
FDX27,OUT035,1567.5337442116488
FDV40,OUT018,958.0030249662311
FDT45,OUT027,1701.606322657489
FDS47,OUT019,279.80663807572586
FDR45,OUT035,4379.896476605661
FDB03,OUT045,3861.4341813405595
FDO49,OUT035,761.8307958556505
FDU60,OUT027,4566.69932193292
FDB26,OUT018,721.8027092235911
FDB46,OUT017,3420.0364766396324
FDQ37,OUT019,516.0106577818373
FDN03,OUT017,4399.991725081581
NCX30,OUT045,4124.176307378582
FDK32,OUT019,318.6971644317334
DRM47,OUT013,3188.4495612362184
NCO02,OUT046,1070.1759633245078
FDP04,OUT013,959.4263715400995
NCO43,OUT049,1831.762827600257
FDD59,OUT013,1316.6554785039252
FDQ10,OUT017,2951.4559968341414
FDW45,OUT035,2657.4403434387127
NCK30,OUT049,3967.311797080324
FDU31,OUT018,2753.4591100805633
NCQ17,OUT019,323.53765645575777
FDN01,OUT017,2636.7301316308667
FDZ19,OUT049,2761.2216414899585
DRG37,OUT017,2465.50227875836
FDE32,OUT045,499.48560712665216
FDO34,OUT049,2891.2976848101703
FDM04,OUT019,117.58193370840394
FDZ25,OUT049,3044.5242907649845
FDU08,OUT049,1600.2535526619395
NCW30,OUT045,3877.2018327527035
NCM18,OUT013,961.290082527062
FDS22,OUT035,676.0663849655124
NCH18,OUT017,3933.4530653450997
FDC23,OUT013,2915.236249750573
FDY46,OUT013,2999.6709061950824
NCU06,OUT046,3859.035938093532
FDX57,OUT045,1631.1286354339418
FDX36,OUT027,5696.573117946404
FDL16,OUT045,760.6922133575961
FDT16,OUT010,824.769398543025
FDN16,OUT018,1380.4081361723252
FDC03,OUT046,3262.80307033185
DRF60,OUT013,4156.26387470165
FDS27,OUT027,5451.471866305175
FDP33,OUT010,612.5302640846883
FDJ36,OUT018,1367.350518337801
NCR42,OUT013,494.77423605581106
FDV14,OUT017,1405.6358873829533
NCP42,OUT035,3221.300087539051
FDB50,OUT027,1968.9332241333466
NCC30,OUT027,5113.685229056618
FDA23,OUT018,1431.7897808506798
FDW16,OUT017,1349.0635317239346
FDQ52,OUT010,504.501758539179
FDB58,OUT049,2336.4661951400385
NCP29,OUT049,993.0047583173797
NCM05,OUT045,4191.131072159325
FDO25,OUT013,3274.1417096683595
NCM54,OUT046,2070.936759644351
NCL54,OUT046,2899.835377037694
FDL39,OUT010,568.9781090667153
FDF53,OUT018,2918.328875205939
NCQ42,OUT035,2047.1845815723832
FDF58,OUT013,859.3944851106614
FDZ04,OUT035,1053.6996837288987
FDE26,OUT019,325.76219857907034
FDS60,OUT017,2527.778223074039
FDV58,OUT017,2897.1950335105967
FDM04,OUT045,750.7831077809085
FDE08,OUT035,2508.7083007836814
NCB43,OUT049,3121.0502243070528
FDU11,OUT010,336.5359022613067
FDF22,OUT019,430.0977225623689
FDE24,OUT013,2264.394068543098
DRJ49,OUT046,2060.799580639181
NCQ53,OUT035,4540.0534754546015
NCL41,OUT013,547.1040751485558
FDR22,OUT013,1824.1077056379654
FDH04,OUT035,1468.704402334313
DRH15,OUT045,795.9692614778908
FDY40,OUT049,679.5219260847532
NCI17,OUT035,1544.5367982798614
NCC18,OUT013,2734.253465663423
FDY28,OUT027,5526.088314637257
FDB45,OUT027,2292.5442330643873
NCL30,OUT018,1886.2086741382802
FDM10,OUT017,3532.2288342757165
FDH22,OUT027,3382.577190615487
NCZ53,OUT017,3147.623061870906
NCI18,OUT013,3457.6985379143102
FDH14,OUT027,3620.777588630876
FDR36,OUT027,974.9717549339075
FDW01,OUT045,2581.836016511049
FDK02,OUT027,3026.1554673880382
FDJ02,OUT018,2227.4918403980464
FDU55,OUT013,4817.821458151636
NCV18,OUT027,2670.9761420357986
FDH14,OUT018,1923.0328374619976
FDZ37,OUT045,1313.075590811834
FDX49,OUT049,3654.056795869955
NCD43,OUT046,1638.3419508660186
FDZ07,OUT013,827.0125087529846
FDK43,OUT035,2073.78475369427
FDR32,OUT018,3097.7806129650153
FDT39,OUT013,2292.9784566993394
NCV54,OUT017,1980.711854176279
FDF38,OUT018,446.24431331373603
FDV60,OUT046,3084.700309035813
FDH44,OUT027,4052.14321162901
FDS21,OUT046,883.6250661281545
NCL41,OUT045,580.0976622620292
FDM46,OUT017,1403.3593430671303
FDU27,OUT045,726.7766060970902
NCJ54,OUT017,3946.8227358130916
DRG51,OUT018,2776.2657718392243
NCA29,OUT019,349.3657620278098
FDR47,OUT045,3104.117103306796
NCL19,OUT027,3237.928874382817
DRG01,OUT049,1146.9771005951436
FDG10,OUT046,800.5604529566077
NCV05,OUT049,2423.131945528961
NCH18,OUT019,621.2963281301587
FDV14,OUT018,1340.6552437108603
DRJ23,OUT035,3136.5008368655376
DRJ11,OUT046,3281.259010343539
FDZ03,OUT017,3171.4150638297915
FDI27,OUT010,84.55075387919611
FDJ14,OUT018,1263.483205018797
FDU32,OUT017,2001.5230854623549
FDD47,OUT027,3897.0254398150573
DRF36,OUT035,3182.8716176625117
FDM21,OUT046,4327.526035030683
FDV10,OUT018,559.230272407313
FDH60,OUT018,2867.1473559992514
FDX47,OUT010,339.1090138583135
FDT19,OUT019,457.84017854554605
FDO11,OUT045,4587.53682743982
FDH24,OUT027,4601.542287040106
FDL02,OUT018,1332.1929283260881
FDB02,OUT049,2841.5374814581196
FDA43,OUT046,3273.387792484959
FDG52,OUT045,723.1642281940992
DRC12,OUT013,3052.5927323185438
FDY37,OUT018,1722.585492653128
NCU18,OUT045,2058.3550110115298
FDU09,OUT035,814.1444028268406
DRJ25,OUT027,1494.8487504561506
DRE12,OUT018,2215.983451951186
DRL47,OUT017,2065.79418964037
DRK01,OUT046,1487.0305500828044
FDC22,OUT019,493.6179450223488
FDG44,OUT013,813.9203057175674
FDW04,OUT035,2032.900223107076
FDK09,OUT049,3555.951620470367
NCN43,OUT035,2098.930302835553
FDG04,OUT049,3154.649437755467
FDH32,OUT010,176.5586867502229
DRI47,OUT017,2549.8970439621176
DRE15,OUT013,1196.1485964546243
FDY11,OUT035,963.3195742024714
FDO60,OUT049,663.0192920889541
FDQ20,OUT018,479.3197066184656
FDO57,OUT027,4178.194361703706
FDT14,OUT019,342.888517342797
FDA57,OUT049,658.6358669200399
DRN35,OUT017,697.2561125446534
FDJ03,OUT046,727.0991273029143
FDX28,OUT017,1661.605251603511
DRE25,OUT045,1356.225962508173
FDR09,OUT046,4293.813373252198
FDB23,OUT035,3924.932381579334
FDO08,OUT045,2709.429291005766
FDQ23,OUT049,1635.3162015097207
FDW04,OUT013,2100.0296671572737
DRK13,OUT010,631.4012403487459
NCL17,OUT027,3502.972840794181
FDY21,OUT035,3183.1217789086704
FDJ38,OUT027,4940.619810199667
FDA37,OUT019,269.7152984412906
FDV43,OUT013,679.086707413906
FDL36,OUT046,1409.0853138505825
FDD53,OUT045,640.4456908815501
FDZ19,OUT010,373.9452832675924
FDV21,OUT045,2218.528847467618
NCL54,OUT018,2715.8167200738444
DRI47,OUT027,3412.277417586358
DRG03,OUT049,2511.976516058776
FDG21,OUT013,2701.3364295919955
FDW03,OUT018,1543.9340617282926
NCI55,OUT046,2476.98681424314
DRC36,OUT019,477.0443836669254
FDH22,OUT017,2105.20879439559
FDV20,OUT045,2085.799450592482
NCU41,OUT027,4337.388735478345
FDN46,OUT027,2708.9957919309386
FDK50,OUT045,2691.3612002706795
NCA05,OUT027,4244.05219533777
DRH01,OUT018,2850.6207869544082
FDT08,OUT018,2280.6302114147043
FDM08,OUT018,3054.3212008123373
FDZ07,OUT035,1010.9797453518818
FDS22,OUT017,797.8355393062019
FDV35,OUT027,4185.221339749873
FDI28,OUT010,183.6984233928373
FDW58,OUT027,2322.512159084177
FDT52,OUT045,4027.7874071505184
FDY34,OUT046,2855.304647200067
FDR10,OUT046,2808.3027639758297
FDK57,OUT017,2008.239656952058
FDR02,OUT027,2622.3566734850137
FDX49,OUT046,3743.4927838796193
FDQ20,OUT046,685.5559379532616
DRK23,OUT045,4679.906621331874
NCW06,OUT046,3122.332650294472
FDR31,OUT017,2323.222304986154
NCE43,OUT013,2928.8957586614174
DRO59,OUT027,2454.0496830466395
FDN09,OUT049,4032.6717515517153
FDR11,OUT046,2688.1938850598517
FDO57,OUT013,2511.677064552887
NCX18,OUT017,3313.8764354302216
FDB05,OUT018,3429.1740784000513
FDQ08,OUT018,768.742914225595
NCG43,OUT035,1518.413639647028
FDJ56,OUT013,1562.664933726483
FDA13,OUT010,94.0539856221793
FDO56,OUT017,1861.0916384913896
FDB37,OUT018,3475.3633548711223
FDZ02,OUT018,1353.094129456337
FDQ24,OUT046,4202.035874271041
FDM16,OUT013,1141.477485611809
FDU35,OUT049,1618.8860850478338
FDT35,OUT035,2936.18220027377
NCX30,OUT049,3908.272434609417
FDG04,OUT017,3109.4121257953316
FDI12,OUT035,1363.5699580983837
FDE35,OUT035,935.152653311978
NCP14,OUT027,2628.5343761070994
NCY53,OUT045,1722.530303714067
FDP49,OUT017,796.8185054577013
FDQ04,OUT017,684.1351522833397
FDM39,OUT035,2922.6951866398886
FDO58,OUT019,320.73982860017793
FDC56,OUT017,2141.871040784833
NCQ54,OUT046,3275.268232257271
FDV10,OUT027,1002.748904065755
NCK17,OUT046,715.03438014251
NCF55,OUT027,795.2872357353231
FDV33,OUT013,4366.394066462936
NCH29,OUT019,263.804252313699
FDA37,OUT027,3995.465174898705
FDH46,OUT018,1459.8765411764186
FDS25,OUT035,1772.9473046169726
FDH04,OUT027,2625.8039610389665
FDX52,OUT046,3143.0328056311623
NCD42,OUT017,594.4262926430089
FDW47,OUT017,2073.374514349972
FDL25,OUT027,2853.101890096016
NCJ06,OUT010,261.4838986265905
FDY09,OUT013,2917.3094634781983
FDS40,OUT046,642.8673451421522
FDH41,OUT017,3336.5787624978157
FDG38,OUT035,1414.1063593317135
FDU03,OUT027,4640.928103359731
FDV20,OUT046,2110.409496314301
DRB13,OUT045,3050.8130470934047
NCQ30,OUT013,1946.0872171101196
NCH06,OUT013,3926.3830884553727
FDU50,OUT018,2013.782460772933
NCO42,OUT019,304.1156277330981
FDW09,OUT018,986.6161008679677
FDH04,OUT013,1496.9721226258735
FDC21,OUT045,1711.2426391205117
FDL21,OUT049,731.7572302737257
FDM46,OUT010,256.4332352596716
FDT22,OUT019,165.81533793564452
FDB28,OUT035,3105.7985644565215
FDI12,OUT018,1289.3452882275699
FDA28,OUT045,2058.7255329767268
FDF59,OUT013,2180.0292630505496
FDM45,OUT027,3087.994383592336
FDQ56,OUT017,1496.7643776228874
FDR46,OUT049,2621.3359509841484
FDT01,OUT013,3301.8494924223196
FDD16,OUT027,2181.1247986757317
NCU30,OUT010,406.9795035218038
FDM40,OUT010,360.0575016813222
FDI56,OUT035,1461.3132381544995
NCS30,OUT013,2099.167994551543
FDU08,OUT017,1630.7825403207057
FDX51,OUT027,5810.241394986377
FDA43,OUT045,3131.406178967466
FDX59,OUT010,73.43598335160293
FDC37,OUT018,1319.4559474602192
FDP58,OUT013,3202.734147387387
NCY42,OUT035,1980.5828311090493
FDF21,OUT018,2793.870814118953
FDU10,OUT027,960.6743148326445
DRL47,OUT018,1795.838358020813
FDA58,OUT018,2886.9705582190713
FDJ22,OUT049,3111.087689531471
FDK50,OUT046,2643.4618554391027
FDO38,OUT035,1274.3910794239937
DRF60,OUT035,4008.949126295898
NCZ42,OUT019,601.9768037591032
FDD35,OUT049,1956.5233444309677
FDL25,OUT045,1363.9390555296525
FDJ16,OUT013,817.7528322478285
DRK59,OUT049,3648.717964134927
FDI50,OUT046,4085.2508011710215
NCB19,OUT045,1507.6522068943748
DRI37,OUT035,992.3893334950559
FDA14,OUT027,3663.377126724381
FDC08,OUT018,3173.1861139969005
FDS45,OUT046,2128.403244051364
FDI21,OUT049,1163.1514570971267
DRJ47,OUT035,2799.430044526249
DRE37,OUT027,5229.727239693955
FDT55,OUT018,2378.4366698001572
NCG42,OUT027,3306.9967020241447
FDA31,OUT049,2871.4146136993213
NCW42,OUT046,3580.8735511725154
FDF50,OUT017,3250.3058472620432
FDK56,OUT049,3271.4649179580433
FDX10,OUT035,604.1257523951338
NCK07,OUT027,3862.6772291230536
FDZ49,OUT017,3605.115883461728
FDR33,OUT013,1797.9988001583008
FDO44,OUT018,1443.0011609821859
FDA20,OUT046,3450.999525075814
NCL30,OUT045,2071.2107177907433
FDI05,OUT019,193.887754587162
FDQ12,OUT018,2964.3367490981223
FDH47,OUT017,1545.2377904303908
FDH34,OUT018,2842.6982295999005
FDF29,OUT046,2181.377639240135
FDG40,OUT018,399.4964976979463
NCE18,OUT017,4216.598706297244
FDP21,OUT010,444.48580945325784
FDY50,OUT013,1459.992324765361
FDB36,OUT049,2255.2806178493965
NCZ29,OUT049,2075.2370542059534
FDU20,OUT018,1840.079364384893
FDO56,OUT013,1812.3302254883918
FDW31,OUT049,3059.737205305434
DRH59,OUT013,1247.1793716060342
NCB30,OUT017,3162.244015788194
FDK43,OUT027,3875.887840285004
FDW43,OUT045,4246.517824806909
NCL19,OUT017,2228.8775990053496
FDJ27,OUT046,1552.405090741075
FDC45,OUT046,2709.3923713251856
FDY40,OUT035,733.9399777432591
NCM41,OUT035,1407.972276212209
NCK18,OUT019,650.9510161120609
FDP37,OUT049,2193.331827833189
FDA27,OUT027,6489.342227219691
NCX30,OUT035,3897.056801930237
FDR09,OUT017,4094.601045222017
FDG08,OUT027,4819.058627248581
NCU30,OUT013,2846.5507459496002
FDB16,OUT017,1338.84138173433
FDM16,OUT017,1195.5526071206116
FDC48,OUT013,1385.0093021976695
NCF18,OUT046,3074.941714669153
FDU46,OUT018,1562.4766717427426
FDH41,OUT018,2932.8684508391407
NCN42,OUT010,425.55349386155086
FDU49,OUT046,1509.4752184563795
FDB20,OUT027,2393.879605092236
FDG50,OUT019,243.42843302886277
FDW20,OUT045,2210.346815499229
NCO55,OUT049,1656.1777664380324
FDX48,OUT046,2478.32018196747
FDU48,OUT046,2072.104787446946
FDR48,OUT019,311.8437633161004
FDK27,OUT013,2036.4320694337168
FDT35,OUT013,2749.4509036606614
FDN12,OUT049,1691.5172142663498
NCE31,OUT019,95.91875737898037
FDL21,OUT017,661.4964676661791
FDV56,OUT017,1686.1355158558345
FDR16,OUT017,3817.652344082325
NCP41,OUT049,1651.8970173822606
FDJ27,OUT013,1614.8441807194808
FDA07,OUT017,1979.3792015900615
FDK55,OUT049,1289.4420901679425
FDM33,OUT049,3462.6509646260038
FDY46,OUT046,3066.23550917483
FDD36,OUT046,1956.9918437910887
FDB12,OUT027,2847.661339052363
FDF28,OUT019,303.80001879581556
NCE07,OUT019,406.34101886321804
FDW50,OUT027,4147.145161113253
NCW18,OUT017,3920.8542709890335
NCJ17,OUT019,251.03098170534818
DRZ24,OUT010,286.02370663237775
FDS07,OUT035,1914.097855252027
NCW05,OUT010,266.0498361362973
FDZ22,OUT018,1282.9109287385552
FDK02,OUT046,1901.2939213705308
FDZ45,OUT027,5574.318236908471
FDL25,OUT046,1296.1893890057186
FDS08,OUT045,2634.4510161903518
NCZ42,OUT027,7814.722309541328
FDX57,OUT035,1631.63982360995
FDF21,OUT046,3287.8553878065973
FDJ56,OUT018,1410.7429584953945
FDX10,OUT013,608.7289960631133
DRG48,OUT035,2510.251344411571
DRN37,OUT046,2736.9668989646398
NCY41,OUT018,456.31450700246245
FDN28,OUT045,1584.8146430176612
FDE34,OUT045,3015.4288001553887
FDR10,OUT045,2788.463021718075
FDC32,OUT017,1361.6982206750035
DRG13,OUT046,2653.8495605665494
FDP59,OUT049,1558.2299888557588
NCT53,OUT010,412.155636893134
FDL57,OUT027,6559.61200847054
FDN32,OUT010,440.625597611611
FDK09,OUT018,3032.9270465185837
FDA52,OUT010,415.72218355559556
FDC57,OUT049,3138.571527048223
FDI09,OUT035,3664.042323604794
NCB07,OUT046,2874.947503141925
FDP26,OUT035,1714.8227609077398
FDP40,OUT027,3193.204304759034
FDL15,OUT013,2480.289582513376
FDV07,OUT046,1735.341849077502
FDS03,OUT017,1121.031608373351
FDE50,OUT049,3161.3342735310316
FDQ15,OUT017,1231.1606672907762
FDQ33,OUT010,368.0674697115075
FDT22,OUT013,812.899768667657
DRO35,OUT035,1979.04772620613
FDJ41,OUT049,4336.975234553617
FDQ27,OUT035,1978.8575447689657
FDC26,OUT017,1865.3981717858223
NCF43,OUT027,3934.7533272619257
NCR50,OUT035,2722.0363209997254
FDE39,OUT018,1823.1366616472023
FDN49,OUT027,927.5176570345066
DRG11,OUT035,1712.5334817134908
NCA18,OUT049,1907.1613122347155
FDM36,OUT018,2744.1390415140627
FDW32,OUT017,1334.4572491852332
NCQ18,OUT010,265.1011404036263
FDX14,OUT027,2221.231990602091
FDD46,OUT017,2189.2937785502004
FDI34,OUT019,611.4977377753736
NCJ17,OUT035,1381.6262124428372
FDB52,OUT035,3831.422866501156
FDV55,OUT018,2704.0981261559104
FDC57,OUT046,3182.2982244991595
FDB29,OUT046,1961.8478656883176
NCO43,OUT035,1982.6410309159473
FDG44,OUT045,858.378659410624
FDJ34,OUT045,1974.9707355395306
FDH40,OUT049,1307.9969289042351
NCD07,OUT027,3818.3286857752237
FDB41,OUT017,725.0769380463372
FDH47,OUT018,1268.5641746726635
DRK37,OUT035,3468.8145949199543
FDM25,OUT019,392.6165782044685
NCX06,OUT045,3266.6561966966433
NCS05,OUT017,2066.322740461297
FDS39,OUT045,1999.1195975439068
FDC47,OUT027,6201.630852102707
FDG20,OUT013,2742.039329815758
DRL23,OUT017,1677.5627952981238
FDY33,OUT013,2612.973194140861
NCH18,OUT045,3978.5672735952057
FDX47,OUT035,2294.68246583359
NCB06,OUT045,2737.3073809948955
FDP36,OUT049,724.1091273345027
FDW44,OUT018,2787.484120512706
NCU41,OUT018,2761.719220608051
NCS17,OUT046,1527.0756811415883
FDD46,OUT035,2143.0011107768173
FDE45,OUT017,3017.908081381774
FDI09,OUT017,3719.9496709058226
NCJ54,OUT010,601.1040494125522
NCA29,OUT018,2915.3890537403213
NCN41,OUT027,3542.9260381521945
FDY34,OUT035,2896.987581885136
NCG55,OUT035,2000.2219832112062
DRM49,OUT046,840.6677705465656
NCB42,OUT049,2013.6953471680101
FDE58,OUT045,1893.267000568889
DRJ25,OUT013,778.1176883500228
FDS47,OUT010,195.73393406316765
FDY21,OUT049,3186.792595229271
NCI54,OUT013,1783.6382847633047
FDO24,OUT017,2423.6631954130626
FDY43,OUT035,2887.056116589379
FDF35,OUT018,1173.035591047713
NCP29,OUT019,189.57383280869823
FDN28,OUT027,2447.1431795589597
FDJ50,OUT018,714.3312404334976
FDQ14,OUT027,3470.9968433167974
FDC37,OUT035,1683.0258958072025
FDN08,OUT046,1902.4779501176893
FDD04,OUT035,2122.5855955111056
FDW34,OUT018,3155.7673435458864
FDP04,OUT017,1005.9244566091983
NCG07,OUT017,3063.2100881962488
NCN14,OUT018,2675.8824638235915
FDJ16,OUT045,839.2894107003299
NCM42,OUT045,1697.0700254469486
NCF19,OUT046,728.9361925412575
FDY21,OUT018,3249.3188537617007
FDY19,OUT035,1898.423261035704
FDV09,OUT045,2540.1402350362796
FDA28,OUT013,2197.7272171336454
FDC38,OUT018,1952.5555734374072
FDL28,OUT045,3884.7142227867153
NCH43,OUT049,3194.468930985783
NCN53,OUT045,533.7196332774935
NCW05,OUT017,1915.9146351402737
NCO30,OUT018,2735.0061856915418
FDT04,OUT019,105.89200301199361
FDB27,OUT018,3068.1325165076664
NCK07,OUT013,2764.959197043707
NCA53,OUT013,808.1567439305998
FDB33,OUT018,2636.851106782109
FDU37,OUT017,1328.676077309163
FDR13,OUT035,1973.202027215463
FDE45,OUT049,2832.463190877449
FDV37,OUT017,3119.5775831348105
FDX44,OUT019,253.684729357033
NCL06,OUT017,4088.653032630381
FDJ28,OUT045,3132.8769480432843
FDX55,OUT049,3382.064528452576
NCK17,OUT018,505.0849616995086
FDH52,OUT035,979.4097313486653
FDN13,OUT027,2862.48952599574
FDK44,OUT018,2558.1186712994245
FDU16,OUT046,1451.4187807517599
FDZ07,OUT017,912.2936729099091
NCN06,OUT027,4018.9736279184613
FDH02,OUT010,223.79827890601078
NCW18,OUT045,3924.563120173087
FDH57,OUT013,2088.5637316531197
FDV35,OUT045,2646.6663282074637
NCU29,OUT013,2750.329743903184
NCP02,OUT046,810.0777728573441
FDN44,OUT013,2648.422337955287
FDX03,OUT018,576.3170767256644
FDR11,OUT010,417.3152803759089
FDA36,OUT046,3280.6465107702356
FDP58,OUT027,5293.976809086535
FDH31,OUT045,1567.998547143253
FDH34,OUT035,3204.206623171581
FDS13,OUT035,3847.2978710716347
FDT01,OUT018,3507.7689807963707
FDY09,OUT049,2766.216579476299
FDV33,OUT027,6275.4479005080675
NCW29,OUT010,301.52378464400675
NCN17,OUT045,1629.7847039433914
FDX01,OUT046,1916.1140548172993
FDL03,OUT049,3099.3220372988635
DRL59,OUT049,947.5769842351053
DRM11,OUT027,5483.824068716522
FDA43,OUT049,3184.6865468716574
FDZ56,OUT010,420.3234389569249
FDI44,OUT018,1237.036751025772
FDB50,OUT013,1220.540967811825
FDU15,OUT019,53.59321725476027
NCJ19,OUT019,162.3847641080509
FDD48,OUT013,2069.971226287438
NCW42,OUT035,3681.3217547899026
FDL24,OUT017,2979.714444045644
NCB30,OUT013,3027.575053754811
FDK25,OUT013,2965.8595622524726
FDW28,OUT049,3103.54679672394
FDD47,OUT017,2910.628997310801
FDK16,OUT019,222.06229877303747
FDW37,OUT046,1418.1651872176978
FDA48,OUT035,3683.0608491925645
FDA14,OUT017,2430.5220971297267
FDV15,OUT013,1718.2258074818028
FDN22,OUT049,3769.9555641236057
NCD55,OUT045,666.5814834317839
FDY43,OUT013,2843.8254229094155
NCU05,OUT017,1390.959821627519
FDF10,OUT035,2673.082552368572
FDR39,OUT018,2868.608948393636
FDG40,OUT013,551.4719736486167
FDZ28,OUT019,281.1063874334942
FDE02,OUT045,1441.753116913275
FDU60,OUT049,3229.6147849249755
FDM21,OUT013,3927.1830386953716
FDV52,OUT019,265.29564162918194
NCW06,OUT013,2953.047177808598
FDX36,OUT035,3946.9087418379827
FDT35,OUT027,4418.361148002582
NCL19,OUT010,290.30626038249363
NCD31,OUT046,2954.4921529950607
FDE53,OUT019,317.70876571506017
FDW58,OUT019,185.29739494701622
DRF48,OUT046,3314.848280015083
FDW57,OUT035,2730.694005461672
DRH13,OUT017,1626.4706329250732
FDT33,OUT013,2846.781322253995
DRK47,OUT027,5315.702795285488
FDY22,OUT010,320.1474564627898
FDC35,OUT019,523.2597275629454
FDO03,OUT013,3885.6066473243045
FDF24,OUT045,1251.439434307283
FDF56,OUT018,2709.406968173652
FDD28,OUT013,765.8689757096535
FDG53,OUT027,3913.433822780537
FDO27,OUT019,330.9044559639368
NCF54,OUT018,2745.924433394498
FDC20,OUT027,1577.3679056817505
FDU10,OUT046,682.8543914313867
DRA24,OUT018,2478.7742399594786
FDA02,OUT010,311.5869976810437
FDG10,OUT017,749.353790941631
FDW39,OUT010,419.6268025332386
FDP04,OUT019,148.051801641092
NCM55,OUT013,3086.933825682985
FDG47,OUT045,4546.105103275511
NCU41,OUT017,3078.663698107228
NCK31,OUT017,727.7221985477396
FDZ46,OUT045,1660.8363021694618
FDU13,OUT027,3562.611002027043
NCF19,OUT045,721.5938998138516
NCJ43,OUT013,2946.0304719324404
NCJ05,OUT045,2438.2842517675563
FDS04,OUT027,3376.1001500450034
FDX28,OUT010,262.37133806560877
FDB41,OUT027,962.7839059275639
FDG53,OUT046,2042.2465764016192
FDL15,OUT010,275.27911126188815
FDQ08,OUT049,912.8477676333122
DRN36,OUT013,1595.1233953018257
FDI46,OUT013,4328.0834321320945
FDG16,OUT027,5688.262084483986
FDV32,OUT013,947.2818616883794
FDF44,OUT010,232.56877481101031
FDK04,OUT018,754.1076028235267
NCA41,OUT013,2990.9193404093257
FDD51,OUT017,660.8405590147645
NCZ53,OUT045,3144.4775756574372
FDP01,OUT027,4356.849964900183
FDY25,OUT049,3097.3089934788964
FDB17,OUT018,2848.2644153119113
NCV54,OUT018,1787.343778765933
FDJ32,OUT017,1038.1243480703263
FDA37,OUT049,2024.9304012943028
FDG35,OUT035,3147.817924817252
NCM05,OUT018,3863.8294485976717
FDG45,OUT046,3617.8985361856176
FDH28,OUT013,638.4993379232283
NCE18,OUT049,4341.404083782719
FDH38,OUT045,1990.9578933719818
FDR56,OUT013,3055.4486985811195
FDH17,OUT027,2448.6204589782415
FDD39,OUT049,3293.106251411538
FDB41,OUT049,714.3758863471816
NCR53,OUT046,3611.1388802222355
FDX46,OUT017,782.3973968765415
FDV28,OUT049,555.9141108138435
FDA08,OUT018,2460.8443999887345
FDH45,OUT017,651.8639165380339
NCS38,OUT010,266.59376934531747
FDD40,OUT010,587.731386878243
DRM59,OUT035,2396.777822388716
NCJ43,OUT018,2775.018728179828
NCN29,OUT013,727.2667590935152
NCC19,OUT045,3196.4581863192984
FDR56,OUT035,3194.9739877305656
FDZ43,OUT049,4005.883904223986
FDJ32,OUT010,124.16866560919908
DRH03,OUT017,1329.1885533034654
NCZ54,OUT035,2916.5024120422977
FDE26,OUT017,2458.6327528815464
FDS03,OUT045,1139.7110856087734
DRZ24,OUT019,347.2052025028848
FDO48,OUT027,5487.852384058046
FDW39,OUT049,2792.724535665639
NCK05,OUT049,845.7657655686601
NCK30,OUT017,3903.0120623645475
FDT27,OUT018,3210.789844583998
FDS08,OUT019,495.8224957403239
NCJ19,OUT049,921.0082513645021
FDC58,OUT045,671.7594090368341
DRE37,OUT013,3170.2952148527515
FDW02,OUT035,2229.924519120357
FDJ02,OUT010,347.7489420635768
FDX09,OUT045,2917.9357358473308
FDT31,OUT010,437.1148244724488
FDI24,OUT049,2867.144201851128
FDY09,OUT045,2832.0135658377703
FDV28,OUT045,507.1919418868918
DRM47,OUT049,3308.047666680728
FDT52,OUT019,594.9252498869538
FDI48,OUT018,741.7378502021165
FDY55,OUT017,4450.6355265484535
FDU48,OUT013,2197.9439182483816
FDN25,OUT045,748.0683400806809
FDP20,OUT049,1982.4230721425552
FDJ15,OUT013,3311.9862868373475
FDD04,OUT018,1848.1917624604039
FDY58,OUT045,3932.7793770703147
FDR37,OUT018,2914.0704839850605
FDF44,OUT013,2166.924759598259
FDD32,OUT045,1260.9696598139926
FDR57,OUT017,2269.7853018678793
DRG39,OUT027,1953.2914689310333
FDX15,OUT017,2557.1139102167513
DRN37,OUT045,2586.0270139864533
FDW40,OUT027,3160.9535753097166
FDB32,OUT049,1473.9309818577171
FDM40,OUT018,2137.844586983994
FDE39,OUT027,3166.341265036699
DRH49,OUT017,1225.5868814941866
FDT46,OUT049,724.5081062489286
NCF06,OUT035,3811.7105245334337
FDP07,OUT017,3065.0851609081833
FDC04,OUT013,4060.4868438491444
FDZ32,OUT017,1681.9497033148464
FDD50,OUT045,2775.0199876533543
FDU56,OUT017,3143.382745644961
FDV34,OUT017,1049.2059900064064
NCY41,OUT013,673.1852192958216
NCK18,OUT046,2974.5250621649384
DRH25,OUT049,814.5319110892239
FDT57,OUT046,4249.990228266786
FDV56,OUT018,1375.844233133406
FDV12,OUT045,1575.85905292135
FDN52,OUT017,1313.0052976102493
FDX38,OUT035,730.3792930359394
FDE47,OUT018,1835.3586102107442
NCO07,OUT013,3385.6659541028407
FDV09,OUT027,3232.0984528843937
FDZ23,OUT019,567.81219009411
DRH51,OUT018,1230.3268296188523
NCY54,OUT045,2901.6365355857674
DRG49,OUT013,4354.08902011831
NCC19,OUT049,3339.6554975821723
NCV53,OUT045,4704.654616116328
FDZ47,OUT019,262.5236783045903
NCO26,OUT018,1710.361126987039
NCP02,OUT045,969.671791522258
NCW30,OUT018,3920.2997756395575
NCN55,OUT046,4022.4586568139152
FDB20,OUT010,182.26099726077234
DRL11,OUT013,2438.990268404691
DRD60,OUT045,3646.307472520519
FDW14,OUT010,213.88936960858626
FDL27,OUT010,193.2322702204989
FDU09,OUT018,659.0538880027223
DRH36,OUT027,2329.289539211659
FDP34,OUT027,4000.8825378627844
FDE04,OUT017,2902.0454908848583
FDZ57,OUT027,4012.066806042804
FDF02,OUT010,213.50167086799735
FDG28,OUT045,4038.076283815483
NCI31,OUT046,573.6832439108836
FDT43,OUT013,741.6182015892284
FDU20,OUT046,2342.059279798616
FDD53,OUT013,671.2961377835783
FDW15,OUT045,2526.2720136807447
NCT53,OUT045,2717.6297906054883
NCG55,OUT027,2955.268394246288
FDD48,OUT035,1996.9684349231852
FDG47,OUT049,4402.986470480868
FDI21,OUT017,1096.8071158489038
FDT27,OUT017,3860.7160829975896
DRO35,OUT013,2073.308437752161
FDD33,OUT017,3622.5834729766266
FDC04,OUT035,3959.572142449188
FDY34,OUT013,2714.35382375999
DRJ49,OUT049,2013.9023938653215
FDE05,OUT049,2846.2467271138926
FDU31,OUT017,3518.7573627010406
NCN19,OUT027,5168.036023352664
FDK56,OUT027,5761.963027992587
FDK58,OUT017,1732.2904283719802
NCJ42,OUT035,1721.8765464045766
FDZ34,OUT027,5268.020302430825
FDA52,OUT018,2658.492184055013
NCR29,OUT013,725.6872418883078
FDT48,OUT035,3366.6869724269586
DRJ51,OUT019,604.7150442712925
NCS54,OUT046,3355.349606775307
FDV01,OUT035,2607.2545197830377
DRG51,OUT027,3796.6600882566986
NCG42,OUT013,2170.075982793077
FDA51,OUT049,1902.4472643235629
FDV19,OUT010,323.88589242217137
NCT18,OUT045,3473.594333732905
NCS41,OUT045,3179.2039997968136
FDO03,OUT046,3826.684354799905
FDL12,OUT010,189.50466194902944
FDY37,OUT010,318.7694907916966
FDI58,OUT049,1417.0198506547802
FDT28,OUT018,2228.7532635164516
NCC42,OUT010,322.0059275157273
FDO01,OUT017,2207.394210461324
FDJ02,OUT013,2471.6287359004637
FDQ04,OUT018,564.7250531010781
DRL47,OUT013,2172.1736636195124
FDZ32,OUT035,1763.4345537001295
FDC35,OUT035,3645.8486473749617
FDX14,OUT045,1209.532373370992
FDZ35,OUT013,1701.0031258473346
FDL14,OUT013,2256.345448556758
FDO04,OUT049,927.6352225954605
DRK11,OUT017,2258.0058681464307
FDB44,OUT018,3377.130768905634
FDZ50,OUT049,3286.4499222231157
FDI12,OUT027,2823.6470481084198
FDU43,OUT017,4065.9923274973157
FDD58,OUT010,222.43801350530455
FDB27,OUT017,3253.830260016555
FDB04,OUT018,1341.7730209419674
NCO17,OUT013,1914.757610712309
FDL12,OUT017,803.0025464730044
DRJ13,OUT049,2691.1812840825787
FDD57,OUT045,1564.9891188315846
FDW19,OUT035,1738.5297977965897
DRD27,OUT018,1361.2767492838539
FDH27,OUT027,3736.593270782681
NCW30,OUT027,7107.866058809644
FDR40,OUT018,1154.0916948638123
FDG05,OUT013,2421.600404732539
NCY41,OUT019,118.59038089390839
FDI38,OUT018,3211.5796244638736
FDR20,OUT046,675.5241541332388
FDE09,OUT017,1649.8631315721996
FDN50,OUT019,265.6666519292918
DRF27,OUT045,2666.1844794833587
DRF51,OUT013,743.3736835440577
NCO02,OUT019,165.96335494356518
FDB51,OUT027,1807.4249683951214
FDJ50,OUT013,780.2167821326254
FDN52,OUT013,1337.6668446173428
FDX14,OUT013,1353.6980412748803
FDT27,OUT019,587.5936924593562
FDV10,OUT013,684.2235707144699
FDU33,OUT046,747.890621418813
FDU58,OUT046,3380.721237407032
NCP42,OUT027,5865.006969606844
FDL51,OUT027,6088.482933089217
DRH15,OUT027,1037.0230488501152
FDU16,OUT017,1394.0170500692332
FDW15,OUT017,2489.6025321929706
FDQ44,OUT045,2033.3484356431416
NCI06,OUT027,5521.358057280782
DRK23,OUT019,518.3653814972685
FDC28,OUT035,1723.9386766320738
NCY17,OUT019,93.43563508840961
NCV05,OUT018,2346.1103801176278
FDM34,OUT019,358.5070964507559
DRD60,OUT027,5786.730862757981
FDT38,OUT046,1347.5771021502717
FDQ57,OUT018,2528.7448747671297
FDE59,OUT027,966.1986214216378
NCM43,OUT046,2928.721127031324
DRI51,OUT049,2851.669356409124
NCG30,OUT017,2048.9369945742033
NCK54,OUT035,2042.8957014818916
FDQ16,OUT019,232.52719375912392
FDI36,OUT013,3003.153035296339
FDX16,OUT027,3422.2423840076144
FDA34,OUT046,3017.7967884956543
FDJ48,OUT018,3110.6016591141088
FDU47,OUT035,2068.5563597312653
FDS39,OUT046,2053.078478820583
FDD11,OUT046,3869.2032460258647
FDM16,OUT027,2093.9031300324104
FDU56,OUT018,3138.906162693291
FDQ32,OUT017,2119.144920427232
DRK35,OUT013,768.6483910245129
FDA58,OUT049,3562.209255234509
DRG48,OUT019,470.0240316728556
FDT59,OUT010,610.89705256011
FDQ31,OUT019,229.12264062940804
FDS51,OUT018,1006.9458293008958
FDW32,OUT027,2460.6010601898847
FDI15,OUT027,4752.50705229939
NCV30,OUT017,858.1228493051436
DRG25,OUT049,3283.561095745639
FDT02,OUT013,516.3927326367708
FDO33,OUT027,3000.4149293928626
FDP38,OUT035,747.7144114658576
FDZ45,OUT035,3100.1960621035078
NCA54,OUT027,5346.634802136173
FDU33,OUT017,826.5416488574191
FDN58,OUT017,3896.573006332572
FDI05,OUT045,1289.505860933041
FDM57,OUT019,243.21217598880156
NCS42,OUT027,2549.545443063417
FDB57,OUT045,3766.2926605675166
FDC03,OUT045,3175.570296267258
FDZ58,OUT013,2235.6937492571865
NCK29,OUT045,2100.351148523348
NCR53,OUT045,3814.577906694987
FDE26,OUT027,3763.9762136316526
FDU52,OUT049,2263.8705181734217
FDE41,OUT027,2418.4845462520184
FDU38,OUT018,2938.0471029159257
FDA52,OUT017,2600.1489055768716
FDW46,OUT046,1091.8894621764562
DRI59,OUT035,3741.8776665077467
FDT38,OUT035,1348.1293578645852
FDL33,OUT018,3100.5034140107437
FDQ01,OUT027,6543.093974160107
FDJ08,OUT046,3241.348755155234
FDQ47,OUT049,640.8532778435668
NCZ18,OUT013,4700.655587318959
FDE29,OUT017,923.824093024644
FDF10,OUT027,3612.482340336182
FDC48,OUT049,1379.0873492942883
FDY58,OUT013,3927.9787210893237
NCX30,OUT010,602.9118597944642
FDV11,OUT013,2955.641800931186
FDT46,OUT046,728.3580809901574
DRD01,OUT019,147.44537461461982
FDQ11,OUT013,3867.946825359549
NCM41,OUT017,1367.3519016957357
NCC55,OUT013,664.7128637359632
FDG45,OUT027,5476.611342648978
NCQ54,OUT049,3172.61432745392
FDM34,OUT045,2071.6086640390563
FDD17,OUT019,457.62166394640604
FDN38,OUT027,6557.930345211349
FDB53,OUT018,2304.993449690044
NCL06,OUT035,4326.103463169311
NCV18,OUT019,206.83294208199885
FDX25,OUT013,3326.9500902226746
FDB39,OUT046,909.8843488561973
FDC33,OUT049,3200.2393941072355
NCO14,OUT018,586.7451637290549
FDA58,OUT027,6252.826403926002
NCQ02,OUT017,3159.882837491269
NCR53,OUT017,3807.6505306883437
FDN52,OUT046,1316.5131053391037
FDG26,OUT046,3957.9309672521867
FDE23,OUT027,1368.444533641635
DRI37,OUT013,784.5096889391202
DRH37,OUT018,2576.3497733146173
FDO01,OUT035,2224.903803846608
FDK45,OUT049,1917.968522433241
FDP23,OUT049,3467.973928613329
FDM33,OUT035,3467.6069190177986
FDD36,OUT017,2085.8358169150633
FDL56,OUT017,1316.5505984025758
FDT27,OUT010,578.3286872268235
FDG52,OUT017,667.3818476498141
NCL42,OUT035,4141.624665582439
DRJ24,OUT046,3141.8296374392708
FDV38,OUT046,836.1536355062456
FDT35,OUT045,2921.303381451166
FDY51,OUT045,3227.7512404009703
FDC37,OUT017,1654.7203795990984
NCP43,OUT013,2986.351439975675
FDO33,OUT045,1700.2635236078363
FDW04,OUT018,1871.5951419905155
NCC31,OUT046,2299.8536209828467
FDK22,OUT049,3421.8225139614465
FDJ50,OUT017,864.1773202923101
FDV13,OUT017,1360.4850745934268
DRL60,OUT017,2359.8676241558765
FDW03,OUT017,1751.125030270183
FDY27,OUT035,2789.4822339518937
FDB39,OUT027,1640.1289853118776
FDU59,OUT045,2443.7372708793014
FDZ57,OUT049,2001.4865107878627
FDO21,OUT049,3469.5842565083967
FDS43,OUT018,2907.1296825321197
FDU28,OUT010,533.7073512204254
FDC51,OUT010,161.02335209873496
FDW16,OUT010,223.6522941555748
FDP32,OUT010,303.69144274909627
FDB60,OUT019,413.7774163150056
NCQ30,OUT046,2014.992347857741
FDD26,OUT049,3426.282249243544
FDI44,OUT045,1279.6868318163556
DRH23,OUT046,950.6860719072308
FDO44,OUT046,1726.7942456129797
FDG04,OUT046,3159.797248766452
FDM32,OUT027,2758.7167913953613
FDM09,OUT013,2835.365021933454
FDZ47,OUT013,1559.579366715582
FDM40,OUT027,3382.6105128912113
FDY48,OUT017,1657.902504116701
NCM30,OUT045,669.8823825262073
FDX36,OUT010,543.5590655858397
DRF03,OUT017,607.1791247456318
FDN51,OUT049,4281.686075773802
FDM57,OUT049,1266.0160623980694
FDB35,OUT049,1405.106639152275
FDY13,OUT027,2222.095569467498
FDA37,OUT017,2049.6066870933646
NCX53,OUT017,2239.8980490622703
FDD59,OUT018,1179.5847902954451
FDX10,OUT019,99.38833613042401
FDC03,OUT018,2908.6277868334423
FDW43,OUT035,4000.9063117850114
FDW10,OUT046,2586.525655111959
FDY14,OUT027,5792.425884287233
FDV43,OUT045,711.6961778112396
FDO40,OUT013,2469.7204666288662
FDP46,OUT027,2437.050737450761
NCE43,OUT019,423.3290742432245
FDD05,OUT035,2278.7547741404046
FDJ60,OUT010,306.4767359400477
DRE27,OUT018,1250.9850770467847
FDO11,OUT035,4545.559276227085
DRG11,OUT027,2599.2681405572603
FDK33,OUT010,515.1281782795791
DRM23,OUT045,2654.5177610112037
FDJ02,OUT027,4068.8891543987966
NCZ05,OUT045,1649.5557336629279
NCL30,OUT013,2178.1696171852514
FDZ19,OUT018,2544.4082974721514
FDM45,OUT049,2035.040683423921
FDO36,OUT046,2721.812933063811
NCK31,OUT045,729.7969154444928
DRJ37,OUT045,2445.4640711314923
FDP24,OUT018,1844.927019738914
FDF46,OUT013,1827.630769987317
FDX46,OUT019,145.99075054032912
NCL18,OUT045,3034.980665756529
FDJ26,OUT013,3127.322620649298
FDJ07,OUT045,2083.4746789089445
FDY15,OUT013,2431.778657982838
DRG01,OUT045,1207.1783112658654
FDF58,OUT045,1128.7785674286426
FDZ14,OUT019,246.2295610722684
FDP31,OUT049,837.245992404499
FDH45,OUT013,667.2314509793043
FDA09,OUT010,414.1215919077564
FDW31,OUT035,3058.692008583715
FDA57,OUT046,666.8036637576487
NCE55,OUT035,2716.4406745127408
FDC17,OUT019,552.6710719584959
FDC59,OUT013,955.6758343890122
FDA22,OUT013,2802.2549422268626
FDK52,OUT035,3719.7306635645577
NCM26,OUT046,2368.801290517834
NCT53,OUT035,2765.585012465822
FDW45,OUT018,2330.801383029623
NCI18,OUT035,3467.8198434968376
FDE38,OUT018,2466.6910766059013
FDF08,OUT019,244.1552949212781
FDY58,OUT010,642.8230840074576
FDF58,OUT019,148.59111981460003
FDX39,OUT017,4097.456982577905
FDB44,OUT049,3479.11881273601
FDF28,OUT013,2204.253635755145
FDE39,OUT013,1843.2991100842307
FDT37,OUT018,3195.7163451164565
FDZ45,OUT017,3162.6569905288047
FDO40,OUT035,2619.0693687457783
FDM57,OUT027,2090.917596562047
DRG36,OUT017,2873.5120123019615
FDY36,OUT010,152.07347259258776
DRL60,OUT027,2781.2455784238286
FDS25,OUT019,222.84686773318748
DRF49,OUT027,3096.7830381323633
FDP16,OUT045,4121.55416659179
FDS60,OUT049,2419.4818686304193
FDU15,OUT027,875.2844524975577
FDK43,OUT046,2085.6516601911267
FDN25,OUT046,768.494665955447
FDE53,OUT049,1620.410838504484
FDB22,OUT013,2265.3878807395436
FDE39,OUT017,2076.6667934211555
FDX35,OUT035,3898.0339776404685
NCG54,OUT049,2906.9816625671865
FDH27,OUT035,2408.1928000087946
NCK42,OUT013,3143.84921884294
FDS25,OUT049,1677.6147625198194
FDI10,OUT018,2727.435755152138
FDU35,OUT035,1682.8129483301939
FDI04,OUT017,3195.3696537651836
DRK23,OUT035,4709.05816429248
FDB53,OUT019,339.50634834758347
FDY02,OUT049,3979.8458710355862
FDM60,OUT035,666.4007723688769
NCJ31,OUT010,577.6587759626772
DRP35,OUT017,2057.1133182791245
NCQ30,OUT018,1744.3013665918177
DRL11,OUT010,401.5869998993445
FDU01,OUT013,3147.0318766931373
FDR39,OUT035,3002.8566179249337
FDO08,OUT046,2678.0151746060014
FDC02,OUT045,4728.612198230628
NCZ29,OUT035,2057.5557588388306
FDF29,OUT010,290.2949088717153
FDZ23,OUT017,3094.8900934826647
NCU53,OUT018,2441.283273876436
NCW30,OUT013,3937.7891283066383
NCM26,OUT027,5136.4042324751
FDV50,OUT027,3097.3531470244784
FDW15,OUT049,2439.133237083803
FDI35,OUT027,5889.5571545467255
FDO11,OUT017,4381.1326452297135
FDN48,OUT046,1459.484856994748
NCA17,OUT049,2302.687281442383
NCN54,OUT013,932.4047067243233
FDP22,OUT013,713.4042723133423
NCB54,OUT035,2016.2970764376366
FDD08,OUT045,597.0452973706172
DRM48,OUT010,112.1235930904435
FDG41,OUT027,3226.6994217188067
FDE44,OUT027,1389.7613051827402
FDE26,OUT035,2392.7056358100594
NCS38,OUT013,2304.6228930353745
NCJ54,OUT018,3155.5186560711973
FDI40,OUT019,269.54622817655957
FDN45,OUT018,4033.0263598387764
FDU43,OUT046,4019.6349724888755
FDI04,OUT010,463.5888045097192
NCC07,OUT018,1317.6310968829418
NCC07,OUT019,231.94383207388543
NCD18,OUT045,3948.8500754846455
FDU55,OUT035,4367.247050252983
FDX59,OUT035,605.0014380255952
FDR52,OUT049,3176.3625984807745
NCP17,OUT013,895.3204649225859
FDQ32,OUT045,2116.9551330696436
NCT17,OUT049,3203.309072143916
FDO10,OUT049,897.2063108178791
FDE32,OUT049,552.5192530460914
FDN44,OUT045,2738.020484401092
FDH02,OUT035,1253.4171684680189
FDK60,OUT013,1620.8986128319812
FDS24,OUT019,252.48712616563552
FDL03,OUT010,682.9901670439208
FDB46,OUT027,5492.663259580964
FDO48,OUT049,3816.957951073905
FDZ39,OUT049,1657.1538138464334
FDT02,OUT027,796.4675879724359
FDC50,OUT013,1530.362605898161
FDP39,OUT035,739.7396950175124
DRG15,OUT018,915.4945830111501
FDP10,OUT018,1258.1789741779603
FDF53,OUT027,5127.144598417152
FDN34,OUT045,2833.0850262083363
FDK02,OUT045,2034.6041083786292
FDC23,OUT045,2885.0426005084078
FDJ10,OUT019,292.2106311955424
FDE53,OUT035,1693.969017340803
FDR25,OUT035,4777.092419176566
FDW50,OUT046,2666.1106154037466
FDS09,OUT049,740.3040687129504
FDW49,OUT010,447.12483198658737
FDU51,OUT046,2997.102412439248
FDF28,OUT018,1882.1224541068582
NCY30,OUT018,2817.7669329288333
FDD44,OUT045,4428.07568769761
FDX09,OUT017,2842.782178095968
NCF30,OUT013,2209.3484427754456
FDZ50,OUT019,530.1596985883073
FDW37,OUT013,1395.5466876403016
FDD11,OUT049,3905.6914928588994
DRH39,OUT018,966.8215903662613
FDA36,OUT049,3107.218423055918
NCG43,OUT049,1431.8293878883865
FDF02,OUT035,1680.9895222828734
FDP57,OUT027,2683.0182154493637
NCE42,OUT017,3847.4512483392223
NCR38,OUT027,6151.370022604575
FDP03,OUT019,305.3839517001141
FDO51,OUT035,700.5469263068095
NCQ42,OUT046,2016.4499739254727
NCM41,OUT046,1360.5510210980094
FDH48,OUT027,2135.747892310166
DRF60,OUT046,3880.746369491372
FDJ27,OUT035,1579.4862321830765
FDQ14,OUT013,2364.739353591667
FDN27,OUT017,1753.9077055781424
NCQ02,OUT046,3209.7041234185203
FDJ33,OUT049,2048.258216429896
FDP07,OUT027,5429.397154651248
DRE01,OUT049,4087.850337684645
FDU36,OUT045,1655.5963348621494
FDL28,OUT017,3934.507291086948
NCX53,OUT046,2269.53954881966
FDZ39,OUT013,1665.1456421606106
NCP42,OUT013,3089.7707285633846
FDJ14,OUT035,1329.9758694577356
FDK04,OUT049,833.0609205235959
NCC19,OUT017,3144.2367204901393
FDS09,OUT018,680.9694051242928
FDZ02,OUT046,1668.5452751400276
FDD35,OUT018,1801.6307225618216
NCY42,OUT017,2621.823099834358
FDB05,OUT045,3834.357018605561
FDF20,OUT035,3174.6491207958725
NCO41,OUT018,1386.047501466232
FDC40,OUT027,2085.4651427668327
FDV58,OUT045,2852.5467045619284
FDZ57,OUT045,1975.2130120083737
DRM35,OUT046,2949.1376075885973
DRN36,OUT018,1324.465362335694
FDQ13,OUT046,1244.0734599652308
DRO35,OUT010,252.88755122394554
NCD43,OUT035,1675.7354143967432
FDA51,OUT018,1691.87900434979
NCX17,OUT027,7234.579370026205
NCZ17,OUT049,701.4585887383003
FDR11,OUT027,4077.808142264747
FDW34,OUT049,4067.886894092802
FDN50,OUT017,1421.196304262099
FDS09,OUT046,738.7111251880458
FDS48,OUT018,2334.7247830476335
FDL44,OUT049,2822.8227557298196
DRF48,OUT018,2699.3396584306847
FDA14,OUT018,2172.1084141472543
NCD30,OUT049,1615.9022915513465
FDI16,OUT017,771.8024239855199
NCG06,OUT035,4079.4537249297255
DRZ24,OUT035,2132.427876480994
NCS17,OUT045,1487.6066095246117
FDB37,OUT045,4320.122157503118
FDE10,OUT035,2055.482686985156
FDC57,OUT045,3084.1040152607243
FDM12,OUT018,2838.8974049135695
FDE24,OUT049,2042.2857175720603
FDW22,OUT045,3497.59199955226
DRD01,OUT027,1838.0170992222227
NCZ18,OUT027,6195.58108048859
FDN49,OUT045,644.9523903962721
FDR22,OUT035,2321.662991007749
FDV08,OUT019,97.33422784925635
FDY39,OUT046,3587.981875560163
FDV36,OUT049,2377.874390014386
FDO60,OUT045,711.1512994256236
FDU04,OUT027,3260.4787967416655
FDR20,OUT027,1294.037303066653
FDW19,OUT019,277.17746281250135
FDU40,OUT049,2767.485012392971
FDK15,OUT045,1540.5319266882302
DRF15,OUT035,2430.6074409319904
FDQ25,OUT017,2946.1948866157704
FDI48,OUT019,136.41382805995684
FDS49,OUT046,1473.0006682970052
FDV22,OUT046,2763.946719637846
NCV42,OUT046,1780.7515489094708
FDX26,OUT046,3128.0824125527192
FDI33,OUT018,1332.8181465604578
FDZ14,OUT049,2051.0494059806797
FDG10,OUT013,722.6902792948812
FDM38,OUT018,730.8625079912265
FDG26,OUT027,6426.310951952982
FDH46,OUT035,1696.5213088869768
FDN13,OUT018,1265.6494403919896
FDU57,OUT035,2312.895918370487
NCI06,OUT046,3005.960785015645
FDM38,OUT045,867.2829112741275
NCG42,OUT010,301.84912397814475
FDL39,OUT045,2908.8105915771757
FDT31,OUT019,483.3244276451954
FDV59,OUT013,3313.365331163695
FDB49,OUT035,1714.359786676452
FDD58,OUT049,1642.4944993163467
DRN59,OUT046,763.5798319919721
FDX48,OUT049,2485.2622718386556
FDQ11,OUT049,3845.132229488971
FDY12,OUT049,827.7953709709466
FDQ11,OUT045,3790.798862276916
DRI11,OUT017,1892.1334580619011
FDY32,OUT027,3739.260228572084
FDS51,OUT045,939.0709308959113
FDR19,OUT010,346.10543087996706
DRB13,OUT018,2881.2521105202677
FDS21,OUT035,950.5543718837141
FDQ40,OUT045,2807.676019075992
NCE55,OUT013,2808.0326519129817
FDX43,OUT027,4282.725487393222
FDS12,OUT049,2496.2896069253593
DRK01,OUT027,2339.9819489914767
FDN25,OUT017,751.6695837665461
FDB60,OUT046,3278.584958923033
FDQ13,OUT017,1354.4845686543558
DRK13,OUT045,3258.2503017247477
DRF25,OUT018,422.2336668734275
NCD42,OUT019,94.10103986802554
FDW25,OUT045,1458.2138999313383
NCV29,OUT027,5558.4164763218105
NCK42,OUT035,3402.5426986435264
DRJ13,OUT027,3943.0991480661214
DRD15,OUT017,3705.220416733873
FDM27,OUT045,2514.459261087779
FDZ50,OUT018,3037.0803721407906
FDC04,OUT046,3910.3610805511257
FDF50,OUT049,3325.818610307906
FDP15,OUT045,4222.243707236388
FDK46,OUT035,4316.501157730688
FDZ56,OUT018,2709.678500319843
FDY60,OUT049,2251.214549790474
FDB10,OUT035,3886.044819056769
FDR57,OUT045,2245.3425825936124
FDU58,OUT049,3269.4335432847065
FDH02,OUT046,1234.3387514315275
FDP48,OUT013,3437.103529404353
FDI46,OUT035,4130.279131046473
FDW56,OUT013,3247.8892106155276
NCM19,OUT010,256.1750228774261
FDS50,OUT027,5275.569412740489
FDK24,OUT013,703.5238982341662
FDO36,OUT017,2898.1026119841804
FDK45,OUT027,2990.213913973856
NCL05,OUT045,680.988429841908
FDL32,OUT018,1865.436240618819
FDA28,OUT049,2079.257323584415
FDY36,OUT018,1206.2613391340783
FDP32,OUT018,1884.901104794334
FDL50,OUT046,1982.0638260351059
DRC24,OUT049,2478.3071379834005
NCS18,OUT017,1719.470614162596
FDD16,OUT017,1065.5017690572506
NCV18,OUT013,1650.7727369057347
FDX07,OUT046,3185.6400811552594
NCZ05,OUT027,2610.1023238832154
NCI31,OUT013,621.7549370310792
FDK14,OUT049,1325.819366111207
NCR06,OUT045,751.0871961521005
NCF54,OUT049,2871.575107901132
DRG23,OUT010,416.4184769776788
FDD53,OUT046,664.958588389458
NCM31,OUT027,3223.183430838555
FDT16,OUT017,4235.45196988058
FDR40,OUT035,1194.6154987281493
DRG25,OUT017,3348.96816052613
FDT10,OUT035,974.4861797360794
FDY32,OUT013,2614.509824752611
FDN50,OUT035,1401.0658163216067
FDZ35,OUT019,251.22330013869833
NCP54,OUT045,2090.454522178805
NCD07,OUT035,1656.9592501078143
FDS02,OUT018,3096.0474572325484
DRN59,OUT018,676.4782260332656
DRB24,OUT013,2436.1480352450385
FDP37,OUT027,3202.486157080614
DRB01,OUT018,2946.536209474954
FDR47,OUT046,3084.134911263176
NCM31,OUT010,348.40330802101533
NCF06,OUT027,6267.6494163131365
NCV17,OUT027,3218.9046137447267
FDS10,OUT049,2728.879489661791
FDN52,OUT035,1307.3084260490568
FDZ48,OUT013,1976.7991069307147
FDJ48,OUT049,4027.257588860405
DRB13,OUT027,3853.1163889449276
FDV59,OUT017,3495.8564458617825
FDL32,OUT035,1756.8810596592832
FDZ12,OUT035,2141.4079332683586
NCR06,OUT027,845.145331528731
FDP51,OUT017,2042.5323502795238
FDY22,OUT013,2254.0069854403437
FDZ38,OUT049,3614.4843892699287
NCO54,OUT035,973.087443062193
FDR23,OUT035,2830.8746079826233
FDM38,OUT049,919.7825040976376
FDS25,OUT013,1892.689902591531
FDZ22,OUT013,1293.0145339858607
FDZ20,OUT019,529.5448722484306
FDD45,OUT010,171.23175082966145
FDN03,OUT049,4012.127333720896
NCW30,OUT046,3505.91046810848
FDY24,OUT027,1997.571762885697
FDJ26,OUT019,558.7568110373908
FDM15,OUT049,2423.3850346032295
NCW54,OUT027,2164.882668351534
FDA23,OUT045,1621.19200651792
FDA39,OUT019,70.7865295825091
FDZ12,OUT017,2343.491455398494
NCB42,OUT046,2070.0985212082232
FDL16,OUT046,769.3741479335623
FDO24,OUT019,386.76152240903554
NCP42,OUT046,3311.765603802376
FDR19,OUT018,2207.3036830120795
DRL01,OUT045,4000.068276234297
FDV37,OUT046,3023.9629622007706
FDI41,OUT010,309.4224153030146
FDF58,OUT049,938.6716357832879
NCF43,OUT018,1754.8651829477794
FDN02,OUT049,3555.037514932493
NCP41,OUT035,1664.7032233486464
NCY17,OUT027,917.1880050933794
FDL58,OUT027,3963.0191774124823
NCA30,OUT027,5162.560173828564
FDE46,OUT018,2259.8084409497587
FDY38,OUT035,4036.924514162206
NCH29,OUT027,2272.203785361186
FDO20,OUT045,3798.1001218933225
FDP44,OUT018,1360.7622189396313
FDM02,OUT027,2405.944740150188
FDJ14,OUT027,2215.8187613966656
FDH04,OUT010,213.43480925566647
DRK23,OUT046,4597.627538287234
NCW05,OUT046,1911.893774290858
FDF12,OUT049,2241.239118552231
FDL51,OUT019,518.5993635321718
FDN03,OUT018,4058.243978566701
DRJ37,OUT049,2424.005318042999
FDM12,OUT019,491.6916878590536
FDA16,OUT045,3448.3149151247535
NCB07,OUT017,3108.1723689840583
NCI17,OUT019,229.39000093241654
FDR51,OUT046,2474.8516760479265
FDJ55,OUT045,3945.16096210214
NCZ17,OUT013,707.4328726771904
FDU25,OUT013,789.1600903853657
NCG18,OUT045,1630.744039048419
DRM11,OUT017,3898.742449453068
FDH16,OUT035,1417.3986898052028
FDZ04,OUT018,804.855617593152
NCX53,OUT035,2197.4008053705465
FDX38,OUT027,1451.8198477860212
FDX09,OUT046,2900.47413479371
NCW05,OUT018,1374.5249540193806
NCS41,OUT017,3177.5524686152794
FDI26,OUT046,2745.1418496800216
NCZ41,OUT027,3059.1054885035787
NCK06,OUT046,2157.8824979448627
FDX23,OUT027,2613.8841482374823
NCA42,OUT046,2435.8597487002103
FDC20,OUT049,899.844918794955
DRC49,OUT018,2726.810651917429
FDX01,OUT013,1893.6983870709955
FDC08,OUT045,3704.9283985514417
FDC02,OUT017,4888.19820013199
FDK10,OUT045,2884.742271879346
DRC24,OUT013,2522.7839967667123
FDW16,OUT019,261.7544261799
NCU06,OUT018,3215.6130740128665
DRA59,OUT045,3073.9956209221655
FDR24,OUT019,280.4661790086082
DRL35,OUT018,518.8339125513431
FDA49,OUT013,1407.9535792890235
NCC55,OUT046,669.2394023757726
DRD24,OUT019,333.36996330279925
NCE55,OUT049,2799.6809550624344
FDT33,OUT045,2954.9220809585913
NCT53,OUT013,2622.0393694063996
FDS26,OUT046,4114.205315082974
FDL22,OUT018,1262.7322181647792
FDP44,OUT017,1657.583327120651
FDC52,OUT018,2285.134207954129
FDI53,OUT010,408.91741600204483
FDZ23,OUT046,3129.882136320921
NCT18,OUT013,3346.6700915618158
FDR13,OUT046,1909.8103731967446
FDB09,OUT010,298.8376574377307
FDZ60,OUT013,1584.5858849072577
FDB11,OUT046,3765.7226102705154
FDC10,OUT018,1861.3377187378521
FDW56,OUT035,3408.340551983094
FDK14,OUT027,2085.0670088157217
DRE27,OUT027,2697.9333033217213
FDA38,OUT017,4070.4940055115126
FDT11,OUT045,3119.53821440485
FDP15,OUT035,4380.194512490619
FDV27,OUT035,1342.7348871930712
FDS36,OUT027,2506.2493490647125
FDY40,OUT027,1372.099654592766
NCF19,OUT049,711.3755715049726
FDF53,OUT045,3363.560842494531
FDS14,OUT027,3641.258203078761
FDE56,OUT046,1056.8099296254827
FDZ19,OUT035,2755.6443635437295
FDZ46,OUT013,1742.3525918232572
FDR16,OUT046,3949.7531496094284
FDG29,OUT018,560.2716132336212
NCE30,OUT017,3281.9697847021043
FDZ40,OUT046,843.8820348874193
FDG58,OUT018,2327.716335207429
DRH03,OUT013,1533.5993964769275
FDZ47,OUT045,1526.3738925280818
FDV04,OUT018,2169.2039366576832
FDZ10,OUT018,1843.1341125770275
FDG46,OUT017,2078.970206657738
NCF07,OUT045,1594.1866615656184
FDY44,OUT035,3259.9212551563646
FDB21,OUT013,4181.658947588464
FDS20,OUT035,3650.638950074585
FDS49,OUT049,1284.2090371809522
FDX55,OUT027,5503.146414913629
NCQ02,OUT018,2889.5391125463557
FDR25,OUT013,4571.719095985174
DRG39,OUT045,972.2733094867432
FDB46,OUT046,3298.250381873955
NCC30,OUT018,2702.328265594675
FDE58,OUT035,2109.421125309434
FDC05,OUT019,641.7523502445391
FDY15,OUT046,2654.4778267597144
FDG14,OUT046,2468.7336292113696
FDL08,OUT049,3979.2153623472836
FDQ47,OUT013,565.5312184649008
FDN12,OUT035,1728.1922957053919
FDW10,OUT013,2430.521378772795
FDD02,OUT035,1846.8835923584131
FDX35,OUT010,568.6830227741289
FDT35,OUT046,2880.7384077224324
DRN47,OUT019,465.6776010180691
FDB11,OUT010,601.649334456664
FDN20,OUT045,2915.516450145171
FDB59,OUT035,2925.8490813787994
FDJ58,OUT045,2946.571169460957
FDU60,OUT046,3125.755951092823
FDS03,OUT049,1098.0264752373243
FDU40,OUT019,496.5370070152096
DRH15,OUT049,829.5967067411857
FDD04,OUT027,3749.7229619003856
FDQ01,OUT046,3783.0494280508356
FDF28,OUT035,2102.376552909083
FDD22,OUT010,254.9045769261772
FDY19,OUT046,1901.3227839324056
FDN33,OUT035,1502.0085465857778
FDV36,OUT035,2353.7482000731916
FDW01,OUT010,324.098199862559
FDJ28,OUT049,3259.8997284333495
FDB17,OUT035,2962.2874955766724
FDM40,OUT049,2162.781912588542
FDV46,OUT045,2178.4132529329895
FDQ44,OUT049,2068.9900870223037
NCD42,OUT046,678.9965931920549
DRH37,OUT046,2636.0026417912254
FDR10,OUT018,2582.874488015128
NCD06,OUT027,1055.914683471553
FDI53,OUT046,2547.955148849389
FDG16,OUT035,3336.984717419797
DRB25,OUT046,1636.2394580454002
FDY09,OUT046,2837.471063592686
FDX48,OUT045,2665.814996127191
FDC03,OUT010,432.4619378878186
FDT47,OUT035,1792.8395180860662
FDW44,OUT027,4311.200797853857
FDT24,OUT017,1416.2959467221342
FDT12,OUT019,450.12288949091067
NCS38,OUT035,1904.3326653375161
FDO39,OUT035,3502.677164244938
FDA13,OUT046,641.0965210258705
FDO48,OUT035,3653.6773451716786
DRJ01,OUT017,2146.451168261527
FDD53,OUT018,461.07793662232297
NCT05,OUT049,3925.8002744632813
FDQ51,OUT045,820.1690798916562
FDU60,OUT013,2993.984064440192
FDC59,OUT046,884.7578320890867
FDP36,OUT035,770.150280343314
NCM19,OUT017,1712.3958329089508
FDL16,OUT035,715.9886574080417
FDE50,OUT018,2807.735094644817
NCR18,OUT013,692.5162553751052
NCD30,OUT035,1598.9112260722354
FDH31,OUT013,1608.1328377245088
FDD56,OUT019,573.2089222092686
FDC47,OUT049,3770.488605186236
FDZ21,OUT045,1550.0442750805282
FDM01,OUT049,1698.3381311445746
FDF24,OUT013,1242.4913763982154
FDW23,OUT017,670.3838399240814
FDY52,OUT018,830.457451883303
DRH37,OUT027,4050.622964951125
DRO47,OUT027,3085.8908378774313
FDR25,OUT049,4496.500183895925
FDQ24,OUT027,6796.613550300106
DRJ51,OUT018,2971.189916031074
NCU06,OUT035,3951.5220406084927
NCV18,OUT018,1527.6311077350813
NCC06,OUT027,3291.7351070850973
FDZ01,OUT018,1415.6720835286253
FDT14,OUT017,2151.153069831988
FDD11,OUT019,579.3849265672585
FDN09,OUT017,3967.699818083663
NCO18,OUT010,402.4700500769228
FDZ50,OUT045,3145.631203126606
FDS44,OUT013,3862.111588755662
FDI36,OUT045,3014.466485393283
FDA26,OUT010,426.09964002154925
NCY53,OUT049,1841.4852643233069
FDF32,OUT049,3001.355827712917
FDF59,OUT010,324.25620158999806
FDB20,OUT046,1231.0589729556866
DRH11,OUT035,934.6816850839763
FDT03,OUT049,2044.5716353208031
NCH06,OUT035,3870.4474761865163
FDR55,OUT049,3189.232060054198
FDI10,OUT035,2887.3690422830114
FDZ12,OUT045,2120.15681648333
FDM12,OUT049,3131.2365293903317
DRB25,OUT045,1627.2997884578817
NCS41,OUT013,3255.7043952550875
NCT53,OUT049,2742.1948153167345
NCD55,OUT013,667.4578465227872
FDY08,OUT049,2207.3439245557706
NCP55,OUT049,983.4919911372227
FDA33,OUT013,2318.0301595369942
FDQ33,OUT013,2483.028790920089
FDE45,OUT027,5397.153238942588
FDT26,OUT013,2245.2838402561797
NCV53,OUT049,4414.944460999543
FDK60,OUT027,2506.719551511665
NCJ29,OUT046,1287.701647042533
FDI15,OUT045,4772.165061712363
FDX21,OUT013,1797.1975385898825
FDV49,OUT019,598.1916250220324
DRO59,OUT046,1442.0875444627059
FDZ14,OUT045,1982.1202242544084
FDP32,OUT027,3355.3876010623844
FDC33,OUT017,3081.7785702070564
FDT14,OUT010,260.32926832621877
NCN54,OUT027,2114.7731450616166
FDR57,OUT027,4032.5979860370476
DRK12,OUT046,498.26455613906745
FDX52,OUT049,3175.554116109538
FDX08,OUT010,425.38423380130894
FDP10,OUT010,211.93919110502517
NCP50,OUT045,1105.4865427863572
NCL06,OUT013,4428.0994913678405
FDP25,OUT013,3266.8217487673305
FDE53,OUT013,1665.174059657192
FDL27,OUT017,1003.949192120511
FDC35,OUT049,3409.8042865357224
DRJ47,OUT010,418.9781130481861
FDD16,OUT018,873.6195915385638
NCN42,OUT049,2498.914081537288
FDC38,OUT027,3148.8009890966073
NCO07,OUT045,3487.8392714181255
FDQ20,OUT049,657.6312099695268
FDI32,OUT046,2124.158816479688
FDN20,OUT010,350.35454860708967
DRJ51,OUT027,6741.8974212158755
FDU08,OUT045,1539.4218050503237
DRN37,OUT019,444.5564765728371
FDD05,OUT010,325.73739460361026
FDW15,OUT046,2486.5553978134453
FDI52,OUT046,2113.042092558171
DRM11,OUT049,4226.127307153208
NCO06,OUT045,497.07774477191384
FDU38,OUT049,3265.9826749274534
FDU59,OUT018,2163.1759006050056
FDJ10,OUT046,2204.516760183021
FDM13,OUT049,1983.9748252154693
NCJ30,OUT019,425.9712067507601
FDM45,OUT018,1911.4954443903296
FDP36,OUT045,731.9331679439581
NCD30,OUT010,256.09109200818506
FDN48,OUT017,1486.7575906012962
FDY32,OUT049,2439.231615726107
FDU47,OUT046,2131.1690978926267
FDF17,OUT019,707.0237525863316
FDP34,OUT017,2593.633484752934
FDA47,OUT049,2722.1697753477542
DRD27,OUT027,2726.6754183584403
FDW38,OUT045,960.9998513262556
FDZ15,OUT019,359.85274064985947
FDZ03,OUT027,5809.26018307526
NCN19,OUT049,3123.8877982529884
FDG02,OUT035,3190.9636478269726
FDS31,OUT035,3687.4342432689373
FDW43,OUT019,577.9870835392178
FDZ47,OUT010,207.23601071617858
FDO57,OUT017,2239.426662154341
NCL07,OUT013,669.4015757568833
NCV42,OUT013,1835.0077373108845
FDP40,OUT017,1797.937571384659
FDP48,OUT019,438.8488333560451
FDH21,OUT017,2645.478419261568
NCP02,OUT049,831.8556643649501
FDK24,OUT049,783.997784365672
FDC41,OUT045,1252.4371554579768
FDF08,OUT017,1348.8221317037116
FDO49,OUT017,746.6583187686925
FDS56,OUT027,6391.823854628064
FDX46,OUT018,778.34235859749
FDQ07,OUT013,3330.010589132506
FDC32,OUT010,197.98609321860297
FDT21,OUT019,568.1800705612698
FDG58,OUT045,2441.2930160718097
FDW14,OUT049,1355.650426487866
DRA12,OUT027,3531.704477169372
FDV27,OUT013,1307.3892164763467
DRD25,OUT013,1884.0320165368644
DRF48,OUT027,5052.543596857685
FDX24,OUT017,1502.0392870829573
DRJ51,OUT046,3531.8111473930076
FDE45,OUT045,2990.8294494583497
FDE14,OUT046,1665.8314092141868
FDG53,OUT045,1961.5598654380321
FDT08,OUT046,2505.841317933126
DRC27,OUT027,6024.90551585562
FDG20,OUT035,2632.119036803821
FDC21,OUT046,1736.5205292469338
FDV31,OUT018,2728.04996962111
FDB58,OUT045,2069.2784441715853
FDV23,OUT046,2097.7301230804937
FDA25,OUT019,244.7298138358663
FDC15,OUT046,2597.6475774674877
FDU47,OUT049,2098.7731840159954
FDE23,OUT013,711.3880406569108
FDS08,OUT013,2775.9644122096342
FDW03,OUT027,2309.2799901609833
FDJ60,OUT018,2324.7651469609827
FDM34,OUT017,2106.232307629451
FDW33,OUT013,1690.5116504356756
FDZ40,OUT013,849.2407640588237
FDE33,OUT018,1164.077014714981
NCC06,OUT010,332.3262180077067
FDU11,OUT046,2009.252567446486
FDL44,OUT017,2773.712069697119
NCZ29,OUT017,2059.3989087180057
FDG28,OUT010,616.2545588996322
FDL12,OUT018,762.7827822755146
FDD52,OUT017,1726.7859472279254
FDO15,OUT013,1014.226120786606
NCN29,OUT027,1279.6446975554024
FDW36,OUT013,1660.868195642251
FDB21,OUT046,4098.308369784498
FDZ28,OUT013,2163.156268113371
FDY10,OUT035,1852.628954649389
DRG39,OUT017,859.6675973731343
FDN28,OUT013,1674.0822386153986
FDV15,OUT035,1740.6439331322556
DRI13,OUT035,3435.2797382185363
FDH20,OUT046,1584.2853347792889
FDY51,OUT013,3336.488482798808
FDE16,OUT013,3383.065312545517
FDX40,OUT018,528.070203847352
FDC48,OUT018,1162.108225288303
FDS14,OUT046,2274.2552004370077
FDX56,OUT017,4019.202902944361
FDI10,OUT046,2947.8281206915385
FDI14,OUT013,2262.5710053776324
DRM48,OUT013,763.7085597538719
NCH07,OUT027,4703.2688891584885
FDY26,OUT013,3801.2199983945698
FDD02,OUT027,2795.104998102455
FDM12,OUT046,3121.876117590231
DRF01,OUT010,465.07950185285995
FDV36,OUT046,2368.3364737629354
DRI59,OUT013,3754.1344359129316
FDV03,OUT018,2364.3801796124385
FDO39,OUT017,3429.711007022938
NCB07,OUT018,2823.0891107212
FDH38,OUT027,2744.310833643034
FDZ13,OUT035,769.3323860110133
NCZ30,OUT046,2015.3254939623976
NCA06,OUT035,577.773999545655
FDB04,OUT049,1368.7759003231818
FDN50,OUT013,1382.8979623750417
NCG06,OUT049,3973.9620793139393
NCY17,OUT018,694.300550739478
FDC23,OUT046,2833.7081956315515
FDK33,OUT049,3494.452555964351
FDR03,OUT049,3923.80415292444
FDZ07,OUT045,1109.2878543630654
FDO38,OUT013,1171.0228819163829
FDS59,OUT046,1750.0946659109811
DRM11,OUT019,539.0903415506755
FDX52,OUT027,5140.452085404841
DRJ35,OUT018,785.2167699714065
NCP53,OUT046,3933.3977879531667
FDW15,OUT019,351.62194543184455
DRI47,OUT045,2707.347623289355
DRZ11,OUT035,2054.178251893405
FDS02,OUT013,3045.5567730482994
DRD49,OUT018,4253.977658135698
FDW38,OUT049,944.9337030071802
FDR21,OUT019,456.56821508891085
FDE40,OUT013,1065.039050992221
FDI02,OUT045,1766.021110180304
FDQ04,OUT045,666.5234123709224
FDY14,OUT017,4610.932431227706
NCT54,OUT046,1503.4423341738427
DRD25,OUT017,1789.7506305056022
DRE01,OUT045,4086.7273724080296
FDJ12,OUT010,621.0498221153825
NCZ05,OUT049,1648.6747990815375
DRB25,OUT019,265.88135283171084
NCC31,OUT045,2463.6488886887582
FDM16,OUT045,1269.1847535422085
DRG11,OUT049,1649.588842209892
FDV24,OUT027,3499.7096437277723
FDV43,OUT046,683.1994978416477
FDG05,OUT018,2274.3001811642675
FDV23,OUT010,296.86311234359135
FDI58,OUT018,1338.0523467648825
FDQ11,OUT017,3801.058965480533
FDC05,OUT027,5576.447806065905
FDF40,OUT013,3973.2352138428514
FDU02,OUT018,3013.0360169237965
FDT32,OUT013,2988.947276548433
NCF06,OUT017,4192.437446150519
FDT46,OUT013,721.9053984753647
FDR58,OUT010,192.45299910996377
FDY04,OUT046,2745.7292254782105
FDT58,OUT045,2801.6662785383323
FDE46,OUT049,2374.4807829895462
DRH11,OUT017,805.8863623702194
DRI51,OUT046,2790.533767957202
FDC35,OUT017,3550.06100053394
FDP45,OUT035,3871.1845006046156
FDC45,OUT017,2659.9630293830896
FDU01,OUT045,3047.9438915393125
FDJ53,OUT010,272.06355352881957
FDJ46,OUT017,2863.8134899397533
FDX07,OUT013,3159.7509491141273
NCI30,OUT049,3650.478355015212
FDE47,OUT027,3746.5884270458046
FDV48,OUT045,1362.1561099241726
FDN16,OUT019,247.98833204334903
FDM52,OUT013,2528.311895054084
FDA32,OUT027,5434.965918823118
FDH05,OUT017,3802.9433749947457
FDW25,OUT010,223.25496653213244
FDQ09,OUT046,1854.0239657490254
NCM17,OUT010,101.35387959331923
DRM59,OUT046,2288.876099152211
FDV47,OUT027,2195.1403275464418
DRE15,OUT035,1172.5383434601993
FDS25,OUT010,199.86174933843944
NCZ05,OUT018,1482.5719066102683
NCV05,OUT019,324.2342026362788
DRM37,OUT046,3373.185892900023
FDV58,OUT027,6483.979275601967
FDN22,OUT027,6614.398997564786
NCO06,OUT049,469.9339560685366
FDT56,OUT019,199.03207609432894
FDM02,OUT013,1335.1803467255
FDA09,OUT046,2808.8800871563953
NCC06,OUT035,2390.2347263747965
NCL54,OUT049,2810.4664018693366
NCB55,OUT017,898.4750632892241
FDB12,OUT017,1676.1266578248747
NCA54,OUT049,2853.6734763099266
NCS38,OUT049,1933.9146794494466
FDC02,OUT049,4816.1707852805575
FDK44,OUT019,326.0414894913911
FDE16,OUT035,3774.7424517986933
NCS05,OUT035,2089.2659297636233
FDZ59,OUT045,2949.6375099213374
FDI20,OUT017,3691.1830494472174
FDQ14,OUT046,2400.8893091474924
FDF53,OUT017,3101.0639628358936
FDW25,OUT017,1474.3269111826078
NCQ43,OUT010,260.4056009719227
FDX52,OUT013,3056.1417686039736
FDE28,OUT045,3886.1057005369285
FDN15,OUT017,2166.052505440953
FDO28,OUT017,2019.9850158162985
FDQ33,OUT045,2589.569459268481
FDM22,OUT010,167.0497247432278
FDJ03,OUT017,699.3985145745627
FDI16,OUT045,949.2144021817098
FDI09,OUT027,7220.36168114387
FDX55,OUT013,3320.1962492314597
FDS23,OUT027,3242.4965427835095
DRC12,OUT045,3084.280235418771
FDH41,OUT049,3254.0429065728304
FDN01,OUT013,2843.104488545069
FDV55,OUT045,2947.8232804837844
NCJ19,OUT013,792.2621429353924
NCY29,OUT010,173.00754905984272
FDP03,OUT018,2497.375107798404
FDZ52,OUT045,1642.7496292748915
FDH31,OUT010,161.29324970315577
FDQ19,OUT018,3645.124942821902
FDS15,OUT035,1700.8464495729727
FDN32,OUT017,3465.118904527418
FDH32,OUT049,1613.986378541876
FDF33,OUT017,1733.9434910490052
FDJ22,OUT046,3096.76384298853
FDG56,OUT010,131.7097894091488
FDC05,OUT046,3167.502025797954
FDK09,OUT013,3716.5541293249917
NCV29,OUT045,2976.402903739798
NCC43,OUT019,533.6245991756649
NCA42,OUT049,2476.051255941939
FDC10,OUT046,1827.605157531976
FDC16,OUT013,1245.1519899291784
NCL17,OUT013,2149.74848010329
FDA51,OUT035,1922.4430995564492
FDW01,OUT017,2503.4367394562423
NCF30,OUT045,2128.72216343646
FDN49,OUT013,668.4356927670864
FDY20,OUT045,1343.0268198386793
FDC15,OUT045,2624.289594250471
FDY24,OUT046,1097.3247429294565
NCG43,OUT017,1596.5762209942657
FDA48,OUT013,3655.0025015279907
NCF55,OUT017,617.5320554931458
FDL38,OUT049,1431.6625428856953
NCQ29,OUT018,3114.177138106977
FDC34,OUT017,2683.9352300318737
FDP36,OUT027,1403.725018783569
FDN50,OUT010,204.48853333039006
FDO23,OUT049,1491.8724791215125
FDT56,OUT013,715.7618554497614
FDT13,OUT027,5589.609308429311
FDZ03,OUT013,3149.520006800789
FDQ03,OUT010,586.2903962694007
FDU44,OUT045,2881.308391724673
FDD03,OUT049,3607.458606298084
NCH30,OUT013,1730.367754586824
FDS60,OUT010,415.0508049505831
FDG08,OUT046,2944.529003842241
FDX38,OUT017,743.9807378740896
FDD22,OUT017,1787.1922214019726
FDW51,OUT013,3327.200073204857
FDL09,OUT017,2688.1365614738247
FDZ60,OUT045,1514.9194000745003
NCH07,OUT046,2711.900323144781
NCQ41,OUT049,3285.038692506169
FDW04,OUT049,2031.7872481425056
FDI08,OUT027,6050.421140161815
FDR19,OUT019,357.52104740416985
FDV13,OUT046,1337.227409127958
FDB52,OUT017,3814.33424688035
FDZ48,OUT027,3271.329144762273
NCO14,OUT049,812.5803950797091
FDZ50,OUT013,3284.476658809008
FDN27,OUT019,245.1688439891855
FDQ60,OUT013,2129.99540440355
FDR49,OUT017,766.3342262601782
DRJ35,OUT027,1905.944166302437
DRI49,OUT017,1323.7533942326395
FDB47,OUT017,3765.0569860056803
FDP37,OUT010,314.50470980054814
FDR26,OUT049,2335.3693316327212
FDY31,OUT019,423.2716895423898
FDC11,OUT045,1452.0593961525237
DRP47,OUT035,4026.1688502461293
NCY54,OUT018,2618.526454673822
FDR27,OUT046,2124.6667106520463
FDQ21,OUT019,311.72476858375694
NCQ29,OUT035,3732.731966815687
FDJ02,OUT046,2524.6944556616404
FDE21,OUT018,1716.196404733976
FDM39,OUT046,2801.695728318255
FDZ01,OUT017,1665.7718789919088
NCB19,OUT018,1426.367123703165
FDU03,OUT046,3330.537860691259
FDP27,OUT049,3294.757800100031
DRF01,OUT045,2282.249256743355
FDM03,OUT049,1632.9008794891135
FDV01,OUT046,2530.5405017048397
FDS16,OUT046,2668.262606429103
FDO45,OUT035,1351.3910138436565
NCX06,OUT035,3158.8632269721015
FDP13,OUT046,694.7268915450048
NCR38,OUT018,3581.5504453462695
FDA01,OUT013,728.4141775728837
FDT26,OUT017,1785.1893166773195
FDD44,OUT027,6571.426474728487
FDB26,OUT013,907.4582304286766
FDP45,OUT019,496.53549681218465
NCP55,OUT046,976.6166468960049
FDT23,OUT017,1346.1370135139646
FDO51,OUT045,674.1147463217918
FDA44,OUT046,906.1836405317785
NCJ31,OUT018,4256.627404463944
FDX37,OUT045,1624.2989503667297
NCD18,OUT049,3883.1837380236916
FDN40,OUT027,3288.049376479539
FDL33,OUT017,3167.6668260880624
DRF48,OUT035,3207.4631811950308
FDW08,OUT035,1747.6721674833454
FDX39,OUT018,2927.2387393168992
FDB38,OUT049,2682.371660489484
FDY46,OUT018,2860.2316978199538
NCB06,OUT049,2731.61317561195
FDA34,OUT035,3244.0942176374347
FDA35,OUT045,2020.292799868381
FDQ07,OUT035,3386.7057478082356
FDU32,OUT045,1996.8256459708566
FDU26,OUT013,2137.885308240108
FDU13,OUT010,510.5945140708081
FDO09,OUT035,4301.534623803367
FDW03,OUT019,257.05644186537427
FDB38,OUT013,2571.72186567
FDL26,OUT010,293.182484782163
NCN43,OUT045,2014.3053952638436
FDH08,OUT045,4093.73000687938
NCC31,OUT019,518.3366548414959
FDH14,OUT035,2091.3514711186594
FDL40,OUT017,1600.6360222813003
FDD20,OUT035,2100.548742148162
NCV53,OUT035,4640.8624527786405
FDD16,OUT045,926.322000281424
FDP24,OUT035,1924.0427898538373
FDQ25,OUT045,2955.0044849957703
FDM38,OUT035,851.0524129745593
NCT18,OUT010,365.6973500890562
FDM34,OUT049,2075.1842602815695
DRH37,OUT010,373.10198907284956
NCE07,OUT013,2040.1071470925006
FDG12,OUT013,1965.2596673855223
FDB59,OUT010,747.1415687988392
FDS10,OUT018,2685.637806069086
FDN21,OUT010,316.86390216959677
FDM02,OUT045,1349.4086588563484
FDO44,OUT049,1735.9341710219412
NCN17,OUT017,1679.3653496407774
FDH16,OUT018,1357.306181680978
FDL44,OUT046,2829.1584650249106
FDY47,OUT017,2006.6317973752498
DRI39,OUT046,988.6893366983463
NCX54,OUT018,1506.493847117918
FDE59,OUT046,624.0772864691193
FDO46,OUT045,3146.3419227500854
DRE13,OUT046,1355.9548704525077
FDW14,OUT013,1333.2262215752662
FDF35,OUT046,1535.3549864478823
FDO50,OUT019,246.17093222786974
DRF49,OUT017,1930.938656414804
FDT60,OUT049,2039.7687246825608
FDP38,OUT045,706.2706303327916
FDA31,OUT027,4960.3952074165145
FDY52,OUT010,175.06901736014228
FDD03,OUT027,6677.509576250505
FDN52,OUT018,1270.4842734585266
FDU20,OUT010,269.4133034648165
FDD22,OUT035,1739.208041906342
NCB55,OUT019,185.61189295930285
FDN27,OUT045,1735.5691056227818
FDD16,OUT013,1200.918217551534
FDW48,OUT046,969.8213122801623
DRN35,OUT045,613.9469892991125
FDX25,OUT049,2925.230920598639
DRD49,OUT049,3715.8146700538223
FDE21,OUT019,315.4797792205352
FDN44,OUT035,2830.3206498900454
DRC01,OUT049,791.1130311047771
NCK30,OUT046,3992.056256368644
FDU39,OUT013,788.3087606094598
FDB49,OUT013,1666.1180415855313
FDS12,OUT045,2593.706967566071
FDR57,OUT018,2416.5460225729616
FDX22,OUT027,6176.1623752716005
FDC60,OUT013,1666.3361473934144
NCE42,OUT049,3668.624126481049
NCK42,OUT049,3337.4612438950376
DRE01,OUT017,3980.0108596534874
FDE57,OUT018,1722.3921781191325
DRK59,OUT019,553.9998762724915
FDB10,OUT027,5582.436002148251
FDQ25,OUT046,2955.339800452832
FDY26,OUT017,4252.626281148569
FDG28,OUT049,4032.6897775099746
FDM14,OUT049,1654.842862791717
NCH29,OUT049,1733.5946628563288
FDD48,OUT049,2090.560307435671
FDC17,OUT045,3733.405116724677
DRH49,OUT027,2147.8010865735773
FDN44,OUT018,2545.9793049863815
FDC29,OUT045,1893.5893812607424
DRK01,OUT019,252.3348538302975
FDD48,OUT017,1942.6537837167502
FDB59,OUT013,2827.3001961389823
FDY45,OUT010,536.8714013628564
FDX60,OUT035,1275.0505846587453
FDT09,OUT010,255.02816180110517
DRB24,OUT018,2340.651533092465
FDL13,OUT035,3987.120785777558
FDN16,OUT035,1708.9201908618656
FDK57,OUT013,2114.501578577278
FDO22,OUT027,2087.7863554513674
FDC57,OUT010,541.2800910356144
FDZ13,OUT027,1591.8452688645384
FDW27,OUT013,2137.3721178306428
FDX10,OUT049,606.3047679636366
FDY08,OUT018,2052.8990690347046
FDA49,OUT017,1399.5675540759728
FDC32,OUT018,1322.6092193259162
FDO04,OUT035,976.9331148188267
NCZ54,OUT013,2697.377517117037
FDY40,OUT045,716.212467497434
FDW36,OUT045,1622.9934938314461
FDE11,OUT017,3294.8899436389106
DRE37,OUT045,3145.927788502538
NCK19,OUT017,3118.9878227791037
FDT19,OUT035,2822.3292762291862
FDE56,OUT045,942.9318973208894
FDZ57,OUT010,251.72485796097064
FDB35,OUT035,1496.8289233973842
FDF09,OUT010,72.71427525525861
FDO34,OUT046,2955.103251863902
FDA55,OUT046,3832.9142532781148
NCM18,OUT035,1199.2305480608366
FDJ20,OUT019,273.63001345102276
DRQ35,OUT019,302.22630683218944
FDG02,OUT013,3125.6615615256437
NCU29,OUT018,2594.6182667114917
FDL27,OUT027,1504.1715189515294
NCA54,OUT035,2869.8576997164
FDJ32,OUT035,978.5244198545109
FDB21,OUT019,549.4476787434512
FDR46,OUT035,2751.5550863380104
FDZ32,OUT046,1726.7566246825338
DRF36,OUT017,3178.71733806688
NCU54,OUT017,3592.8567215223907
NCI31,OUT017,600.797604662865
DRA59,OUT035,3038.239901968732
NCC55,OUT045,659.784456302383
FDE44,OUT018,642.1250373218492
NCN26,OUT018,1772.0219052190714
FDC11,OUT049,1433.243618503251
FDV24,OUT035,2252.4225102892865
FDR40,OUT019,246.85767214686305
NCQ17,OUT049,2620.8035397223935
FDC46,OUT045,3127.1858236002913
NCM18,OUT046,1147.1016567164718
FDK16,OUT046,1520.297489323086
FDI28,OUT017,1155.402992179269
FDS11,OUT018,3116.0684166153833
DRD13,OUT046,993.1668480816876
FDL36,OUT035,1360.807417763778
FDI27,OUT013,720.0137058201159
FDJ53,OUT019,304.29374933657573
FDS44,OUT045,3886.492343044661
FDE28,OUT046,3745.647462765058
FDQ33,OUT018,2309.2514366950836
FDB37,OUT017,4345.190327472392
FDQ31,OUT045,1431.2891856035214
NCQ05,OUT046,2465.2724097386617
FDE10,OUT013,2113.4746930266383
FDF38,OUT017,594.0113653545963
FDE50,OUT019,544.8265303746446
DRG37,OUT010,523.8203302180308
NCH06,OUT049,3868.193454313392
FDY14,OUT045,4580.82113970677
FDO27,OUT017,1520.6680059071468
FDQ19,OUT049,3893.9531749871876
FDZ26,OUT019,565.8407067569754
FDN51,OUT013,4737.175180867593
FDK20,OUT035,2041.4865363842027
FDD40,OUT018,2805.050222302239
DRI25,OUT018,837.8173661189372
FDH56,OUT017,1816.6766701038248
FDI36,OUT027,5485.426760756832
DRH11,OUT018,738.8608303806562
NCV18,OUT017,1816.5054002547042
DRI01,OUT049,2983.0538883335357
DRE48,OUT049,2927.936334277487
FDS51,OUT035,1032.0350082954785
FDM38,OUT017,779.3085648737756
FDB60,OUT027,5211.566604768591
FDY58,OUT035,3868.058916581666
FDY22,OUT045,2175.5250387654382
FDF11,OUT027,6721.440912086031
FDZ51,OUT035,1569.644368373579
FDQ45,OUT017,3515.4035450631286
FDF17,OUT035,3307.405053940473
NCF31,OUT027,3373.3818273531283
FDA37,OUT013,2061.417389349234
FDO51,OUT046,711.1355577465794
FDF34,OUT013,2993.791514155247
FDD57,OUT018,1284.9833509312796
FDO37,OUT046,4085.9331722662387
FDR49,OUT049,777.8651795793933
FDS39,OUT049,2011.0497604212494
FDI48,OUT027,1353.0629558935434
DRM35,OUT049,3015.3889895855273
FDV57,OUT035,3106.607715008912
FDZ55,OUT013,2539.2209870058623
FDI28,OUT035,1145.2467554649238
FDS21,OUT045,928.8573219124925
FDT34,OUT013,1676.4813141289922
DRI25,OUT035,991.8031537909171
FDT47,OUT010,215.54724065860674
DRH39,OUT045,1133.8215766414833
NCD54,OUT045,2386.685908167033
FDU16,OUT027,2291.9589652214017
NCW29,OUT045,1930.5958273962117
FDV25,OUT027,5306.461651748591
FDM56,OUT035,1640.907450794263
FDZ04,OUT027,1889.6386064196126
FDG59,OUT019,69.20914036279773
FDI56,OUT045,1361.7539489110513
FDS33,OUT035,1448.413525354799
FDC23,OUT049,2769.672157623645
FDT11,OUT049,3253.75312775354
FDG17,OUT045,4215.102685437277
FDZ44,OUT045,1772.558010218552
FDJ52,OUT013,2548.0038056026287
DRI23,OUT046,2569.866970627711
DRE15,OUT010,182.31644551698213
NCF07,OUT013,1622.9439471452044
NCR29,OUT049,788.1039064692472
FDE44,OUT019,115.82565827157664
FDT23,OUT035,1353.46003831447
NCG06,OUT017,4013.8509751918227
NCU41,OUT010,534.0690042228262
FDH46,OUT017,1709.944317056935
FDV31,OUT013,2875.349158290304
NCT41,OUT027,4247.121391668835
FDE22,OUT027,3840.338275350505
FDC26,OUT045,1647.8753336001162
DRF51,OUT017,690.5053664186858
NCY53,OUT019,254.7874363628236
FDY21,OUT017,3193.1362025068033
FDL27,OUT013,1009.459726788279
FDZ34,OUT049,3348.9036061647375
NCF43,OUT010,307.78157495231414
FDC21,OUT035,1735.2582421601555
FDL26,OUT013,2489.0239452634532
FDT25,OUT010,274.70997505543164
NCR30,OUT046,843.9361939663856
DRL23,OUT019,244.62027175636365
NCR05,OUT049,3070.9145284844735
NCE19,OUT018,825.0699289299323
FDY07,OUT035,703.8839901501364
FDB10,OUT017,3752.9458668692905
FDP57,OUT013,1668.593352163186
FDU48,OUT019,350.053475555881
FDH48,OUT035,1367.7206083745343
FDO33,OUT035,1883.428070686054
NCU29,OUT045,2311.570794584052
FDW35,OUT046,830.1240054342201
FDH05,OUT010,595.5616267879137
FDP26,OUT049,1659.694562229666
DRG27,OUT035,758.0563481731945
FDQ33,OUT046,2551.7295973889645
FDH20,OUT010,218.45541758934186
FDV14,OUT046,1410.4521633973868
DRD01,OUT046,911.4535768817138
NCI17,OUT049,1486.8689001988582
FDF39,OUT010,653.1105103052333
FDX37,OUT046,1626.40014728266
NCX17,OUT035,3598.710531197426
FDN03,OUT013,4462.588374447953
NCS41,OUT010,410.7070849316461
FDH34,OUT045,3218.916861462874
NCX53,OUT018,1951.8012288112702
FDY31,OUT046,2251.5614889941776
FDD20,OUT017,2096.6968495095502
FDE51,OUT045,799.1359549840998
FDV27,OUT046,1342.4257598314334
FDF16,OUT035,2308.528571651886
FDZ02,OUT049,1467.015891662441
NCK05,OUT045,991.1162616065645
FDM12,OUT027,5212.942207488287
NCA05,OUT018,2056.1632485259834
FDX33,OUT045,2490.6889639422966
FDM25,OUT049,2817.2063019550405
FDE41,OUT018,1350.1296114777645
FDW14,OUT045,1335.513443979347
NCD30,OUT046,1544.399077880025
FDB23,OUT010,643.3305843988014
FDF45,OUT046,953.5886802610631
FDW20,OUT017,2247.8788220741076
FDF47,OUT045,3151.4104907639094
NCR05,OUT019,701.2581173662037
DRB01,OUT046,3348.5264344129364
FDE36,OUT013,2964.759831748356
FDU56,OUT049,3095.1041916448444
FDB23,OUT049,3691.9311202274666
FDN48,OUT049,1361.7937185625303
FDS43,OUT013,3096.4097024005046
NCN05,OUT013,3220.287211038294
NCL53,OUT049,2863.8905059803324
FDL56,OUT046,1352.9954066949915
FDH17,OUT018,1364.7076582218865
FDP37,OUT046,2203.0928359300924
FDG09,OUT019,569.5826557002565
FDA55,OUT045,3926.998628046928
FDX31,OUT049,3972.317700522299
FDJ41,OUT045,4333.854417889596
DRC24,OUT045,2588.707731445963
FDQ21,OUT035,2278.932800439302
NCT54,OUT045,1404.6751782330393
FDH08,OUT049,4229.336119300172
FDY38,OUT018,4125.548066873069
DRM11,OUT010,605.173012598742
FDG32,OUT049,3361.3541765890973
NCH18,OUT046,3923.390394281564
FDI20,OUT035,4062.647043276932
FDA33,OUT018,2291.0935293295865
FDN45,OUT013,3582.4268655340607
FDT45,OUT010,167.78191603373799
FDR32,OUT035,3903.882822054946
FDA48,OUT017,3675.449751684989
FDN23,OUT017,2634.2273775127705
NCR18,OUT035,692.1516782765547
FDD45,OUT046,1425.9023934837878
FDI22,OUT018,3292.790707553015
FDT09,OUT013,2282.3520911167984
DRC24,OUT027,3832.836519225987
FDT39,OUT046,2268.220224582824
FDX28,OUT045,1589.9299574260554
FDA50,OUT018,1324.4629131117508
FDT33,OUT027,4369.760722047266
FDQ60,OUT049,2128.7763028694512
NCM19,OUT018,1640.4045099037196
FDF40,OUT046,3918.1889771416513
NCI30,OUT035,4010.1023768099917
FDK34,OUT049,3977.858341353045
FDA38,OUT027,5385.7347830192475
FDT02,OUT045,605.9866674680846
FDC11,OUT017,1378.8697376199684
FDD08,OUT046,676.1761072419058
NCS29,OUT046,4295.78240090843
DRI03,OUT010,556.0793473038652
FDK48,OUT035,1048.787539629138
FDM52,OUT049,2490.026620161202
FDP49,OUT035,885.6451811460478
DRA24,OUT046,2529.3462274491535
NCJ43,OUT049,2917.5602681999335
FDE11,OUT045,3124.8853662264023
FDP01,OUT049,2177.640030447792
FDQ59,OUT018,1269.3472513512063
FDA43,OUT019,480.9986488187827
FDL14,OUT017,2271.803983281142
FDV50,OUT010,295.4562015920199
FDT01,OUT027,5670.218491917287
NCC42,OUT035,2012.1486832637302
FDO28,OUT046,1901.0994879654124
FDD32,OUT019,235.71924072266046
FDV45,OUT035,3129.0022271608836
NCW17,OUT019,366.12766873602754
NCJ17,OUT027,2669.6979427922274
NCF18,OUT049,3074.8568132118844
FDP01,OUT045,2236.678288394945
FDH24,OUT045,2513.1844753457012
FDI38,OUT027,6490.253450575291
FDX03,OUT035,669.6016874728621
FDY28,OUT046,3440.9254656076864
FDN34,OUT018,2667.78990317152
FDJ02,OUT045,2554.04527324678
FDW40,OUT019,320.05200151163376
FDX03,OUT017,641.6868427788183
FDE17,OUT027,4264.740888134113
FDT58,OUT046,2743.336295539074
FDI38,OUT013,3630.459614300596
FDW22,OUT035,3940.0031120830085
FDS15,OUT027,2617.184511421691
NCX06,OUT013,3339.557536813932
DRK47,OUT035,3755.5987837859902
FDC23,OUT027,5408.126868433515
FDM56,OUT010,248.34644107303194
FDP21,OUT046,3413.774658632799
FDP58,OUT046,3241.994285547021
FDA27,OUT019,537.6918379947123
FDK41,OUT019,264.02432627773896
NCH42,OUT046,3995.1758073005694
FDG29,OUT045,672.0387652364275
FDW15,OUT018,2269.8480073228247
FDD28,OUT018,799.0440673443763
FDQ37,OUT049,3312.6836119196423
FDC23,OUT035,2983.1116265060455
FDV13,OUT035,1354.1630593954926
FDK33,OUT046,3739.654222794737
FDO33,OUT013,2287.024754154516
FDN21,OUT017,2480.9596855835775
NCW06,OUT027,5413.888901700379
FDI38,OUT035,4155.161162599745
FDC21,OUT027,2571.007891126213
NCS05,OUT046,2093.224921074179
NCN53,OUT049,681.7360592155879
FDV40,OUT010,159.15721746732765
FDG60,OUT017,3910.8613227977194
NCY30,OUT027,5130.747149401893
FDM40,OUT045,2168.8359234795366
NCO30,OUT046,3158.9777076396726
FDK10,OUT046,2814.048797798961
FDM36,OUT045,2893.7207171111118
FDN10,OUT013,1885.3476456778567
FDM46,OUT018,1245.363038235154
FDX50,OUT049,1691.5310287475343
FDP33,OUT045,3922.664639251379
FDO12,OUT045,3143.9808538093484
FDC28,OUT013,1772.3052225423596
FDO31,OUT045,1383.2638007561566
FDX45,OUT035,2647.6582240615103
FDV21,OUT049,2213.6662526163163
FDH04,OUT049,1401.8880045597582
NCG54,OUT013,2837.3756041732863
FDO13,OUT046,2566.0282598487897
FDA09,OUT027,5522.603688339987
FDC38,OUT017,2059.1075598484936
NCO42,OUT046,2312.970392974428
FDL45,OUT049,2091.498543569386
NCK31,OUT013,742.760793021741
FDM39,OUT017,2823.2748978148466
FDC22,OUT010,459.2264157590342
FDF46,OUT046,1855.0536708512118
FDQ37,OUT045,3273.881005633304
FDH41,OUT010,504.3361625368854
FDQ04,OUT046,686.993839173559
NCQ02,OUT027,4787.361020182657
FDJ57,OUT027,5129.580684970194
NCE07,OUT049,1953.5743319090238
FDE56,OUT013,752.8140805930174
FDI20,OUT049,3819.6802347052717
FDK36,OUT018,749.171838297513
FDP08,OUT027,5858.700213621396
FDF44,OUT017,2090.7524693242435
NCU53,OUT017,2532.2420116032877
FDF47,OUT035,3204.0726710373124
FDS55,OUT010,364.2010380385784
FDZ52,OUT010,216.7461988574296
FDL04,OUT018,1294.763725396422
NCM26,OUT035,2430.359262980843
FDX43,OUT049,2602.2729934775475
FDP52,OUT049,3935.041176489823
DRK49,OUT045,673.4137239886751
FDE38,OUT013,2566.8850143619165
DRF13,OUT035,2608.0543127981077
FDK41,OUT010,183.19920475569614
FDJ04,OUT027,3165.118227501822
FDZ44,OUT018,1654.9820911330667
FDS11,OUT013,3696.103679072257
FDA55,OUT049,3904.7864648270406
NCW53,OUT046,3087.8929992950452
FDB49,OUT027,2540.5172356540297
FDD23,OUT017,3124.4950738553916
NCV42,OUT045,1766.8651583044293
NCZ29,OUT018,1908.4883634747425
FDQ26,OUT013,695.1254064891225
FDV08,OUT017,626.4146411803995
FDC53,OUT049,1562.0616852548933
FDV58,OUT010,482.3873323711005
NCP02,OUT019,225.44734271634107
DRI37,OUT045,918.7693531703402
FDQ12,OUT049,3872.257722941636
FDE33,OUT046,1371.2186644719588
FDX27,OUT045,1564.982157974928
FDM22,OUT017,742.6312028137886
NCH30,OUT019,274.0559079949506
FDC04,OUT017,3908.0398760681314
FDO38,OUT046,1252.395388056397
FDV52,OUT027,3186.5689316914036
FDB32,OUT013,1598.8666854183396
FDV43,OUT018,660.1107827807682
FDI24,OUT018,2670.114393792754
FDR40,OUT017,1356.7253019152256
FDW02,OUT049,2220.509605569811
FDE44,OUT049,721.9149114925873
FDL38,OUT046,1448.6916034612334
NCT54,OUT010,239.0411673438407
DRJ39,OUT010,680.0024608534529
FDW55,OUT049,4073.054538282096
DRF13,OUT019,335.7583156228734
NCW17,OUT049,2296.6182319237164
FDP13,OUT035,690.0772379208796
FDS08,OUT018,2523.9689999469865
NCP17,OUT035,947.8854709929311
NCO53,OUT035,3179.0957786078848
FDH19,OUT045,2804.7521158306886
FDJ04,OUT017,2171.673145715264
FDG10,OUT049,764.6345191503309
FDA40,OUT010,200.83608356913473
FDI53,OUT045,2575.031163133775
FDU09,OUT010,216.9163996666798
FDK60,OUT045,1606.4951570209992
FDR43,OUT017,557.6042719016484
FDW22,OUT017,3612.3578106455775
DRP47,OUT010,514.8927743361554
DRG48,OUT010,512.4060839424457
FDA14,OUT035,2630.045202060786
FDU49,OUT013,1506.2301786528492
FDK28,OUT045,3788.4832003591328
FDT19,OUT046,3024.1503002580985
NCQ42,OUT045,2017.3301189451959
FDD03,OUT045,3586.322658804969
NCM53,OUT013,1665.126005571143
NCX53,OUT045,2206.2706243748567
FDV14,OUT027,2230.390010778538
NCZ54,OUT017,2747.061930115309
FDB39,OUT013,789.2154011451228
DRC24,OUT046,2440.341101178069
FDY36,OUT013,1202.467184771376
FDN01,OUT035,2888.0832471236704
DRH25,OUT046,868.126207911033
FDV08,OUT046,699.7343480718557
NCP53,OUT049,4052.070330465063
FDU52,OUT010,350.33011022698025
NCI42,OUT045,3332.2080112750073
FDZ14,OUT035,2070.7789584595316
FDF11,OUT046,3831.9560074871415
FDQ13,OUT018,1561.3191864723533
FDO32,OUT010,152.34846818644277
DRJ37,OUT018,2284.124907509936
FDY43,OUT046,2872.1541279708763
NCT41,OUT017,2508.305144341439
NCV17,OUT045,2247.0417196355497
FDM04,OUT027,1563.2180455118612
DRB48,OUT018,458.34354293851123
FDM24,OUT013,2251.6535625932856
FDT37,OUT049,4015.1075413551707
NCO05,OUT010,226.71742342762138
FDL13,OUT046,3945.9692528102173
FDL15,OUT017,2468.4964290653334
FDB11,OUT018,3423.4103624969835
FDL14,OUT019,359.0726591526504
FDY10,OUT019,267.91336468192515
FDJ40,OUT049,1725.4369279275654
NCW18,OUT046,3956.2412293582556
NCY06,OUT013,2218.1279538583435
DRE13,OUT018,1355.3062527346135
FDA26,OUT045,3526.136324694343
NCE19,OUT010,200.43146478537074
FDE33,OUT035,1306.686517418877
DRL59,OUT027,1605.8451085834959
FDY07,OUT046,865.9528669024098
FDF57,OUT018,2600.3322533327037
FDM58,OUT035,1714.0595201854271
FDP26,OUT027,2781.8011861353903
FDY32,OUT046,2576.411774307681
FDD51,OUT010,125.49682294174313
FDU22,OUT018,1827.3954442385168
FDZ49,OUT018,3788.833182262425
NCI42,OUT017,3482.923235190163
FDT04,OUT027,823.1548085639339
NCU41,OUT045,3052.2536895649273
FDS56,OUT045,3772.2022681141575
NCN42,OUT017,2454.7420255016036
FDK34,OUT046,3972.424407445385
FDB03,OUT017,3877.3987296165587
DRJ25,OUT035,809.494966423509
FDT25,OUT027,4064.3479153789854
FDN20,OUT013,2778.083181114469
FDP09,OUT013,3426.1643398374417
FDM20,OUT019,598.5927032656093
NCG55,OUT046,2027.474208897922
NCP14,OUT045,1758.806885810281
NCH06,OUT046,3786.3801962450907
FDV52,OUT013,1748.7645397359665
NCL07,OUT035,676.7243876564249
DRJ11,OUT027,5286.981962427217
DRO59,OUT013,1200.2046462256058
FDW15,OUT010,349.16789290689144
NCQ30,OUT035,2021.6694604066747
NCN54,OUT019,167.96995291416658
FDY01,OUT027,3335.1304157429377
FDX39,OUT035,3731.569441546711
FDH53,OUT027,2138.6874784859506
FDA57,OUT035,655.5685975824867
NCC07,OUT010,260.58907894998833
FDU28,OUT013,3003.7518996712747
FDK36,OUT010,88.34753815489344
FDR36,OUT018,617.9899511208919
NCQ17,OUT035,2539.8408826486775
FDS28,OUT019,181.7056442198252
FDE08,OUT045,2524.3842367149
FDU22,OUT046,2051.324995094543
FDG41,OUT045,1631.1349538925888
FDO31,OUT010,217.74526869941317
FDM21,OUT019,493.16099290637175
FDU40,OUT017,2877.021138845243
FDV36,OUT018,1964.966062104927
FDT10,OUT027,1745.0088435655252
FDX38,OUT045,728.9262953615836
NCU30,OUT027,3856.729136506988
NCV06,OUT049,3245.176006200803
FDT16,OUT035,4237.913432835971
NCP41,OUT027,2503.5738190328793
FDZ56,OUT017,2935.635951065385
FDC22,OUT035,3236.9907052917292
FDU10,OUT035,671.4114564328622
FDS46,OUT045,1814.932774831084
FDO08,OUT049,2805.6768311535125
NCV42,OUT018,1577.5623367472488
FDP33,OUT035,4007.7522382136217
FDJ12,OUT046,3716.946352917659
FDH04,OUT045,1476.2649297913551
NCU54,OUT013,3159.377430782067
FDO36,OUT010,561.4083780594807
FDT37,OUT027,6555.99891336717
FDD14,OUT010,532.6847543819428
FDA16,OUT013,3351.763924661597
NCS42,OUT019,213.85282804093728
FDP10,OUT019,239.78077811278771
FDQ28,OUT049,2467.996335191434
FDK57,OUT010,266.6490499599741
FDK02,OUT013,1966.1081435654576
FDW47,OUT018,1880.2513433053139
NCC42,OUT018,1964.166612268138
FDQ37,OUT018,3118.745255561158
FDL40,OUT046,1522.343087944438
DRE13,OUT010,200.37332671943867
FDQ34,OUT027,2782.0117011306106
NCB54,OUT046,1990.055659366345
FDS48,OUT049,2490.0035934671323
FDO15,OUT045,1069.1974649970614
NCT30,OUT013,792.9543720659293
FDU49,OUT027,2356.6638384136954
FDE21,OUT046,2273.691393444413
FDS49,OUT019,219.32202903017483
FDT38,OUT027,2347.125199739788
FDZ01,OUT045,1660.7359825685724
FDC41,OUT035,1239.280687713741
DRG13,OUT010,391.9178040433933
NCZ42,OUT018,3529.5645746504747
NCM07,OUT045,1381.7074988031077
NCV17,OUT018,2002.4811936658718
DRK39,OUT035,1311.4613206394602
FDS37,OUT018,1685.4008484384415
FDV12,OUT019,272.82319143716586
NCG19,OUT018,4445.835207598536
FDS51,OUT013,791.2584471889878
NCO14,OUT046,712.5340154908096
FDC38,OUT046,2106.6981139280274
FDN15,OUT046,2149.3708409342903
NCH42,OUT013,3883.7573144635503
FDQ22,OUT046,580.3369351121445
FDC05,OUT013,3086.7029184160224
FDZ31,OUT013,3157.1642624857895
DRJ23,OUT049,3102.386731865624
FDC52,OUT035,2578.6455190536644
DRD12,OUT010,162.95725056589708
FDV55,OUT017,2512.3168851506543
FDD32,OUT046,1284.145907957737
FDR01,OUT049,3435.489857444057
FDY08,OUT019,382.37629193674417
FDQ45,OUT045,3203.9113023627133
DRN11,OUT027,3461.7417070582374
NCS05,OUT018,1846.7860533590026
FDY32,OUT035,2508.6819029062754
NCD31,OUT045,2879.7313924119535
NCE06,OUT049,2495.8982874071203
NCP14,OUT046,1842.7561394287138
NCF18,OUT019,573.4885790538557
FDF14,OUT018,2368.8059613522087
FDB22,OUT017,2222.89171703914
NCH54,OUT049,2722.4905413180836
FDU27,OUT035,728.3412639083458
FDS58,OUT027,4393.409115245549
NCU29,OUT035,2681.0916571677117
FDJ57,OUT013,3202.710100196504
FDL56,OUT049,1325.440903684716
FDH60,OUT035,3162.5887970078984
FDN24,OUT018,888.9584315576561
FDD02,OUT017,2039.493054005752
FDP15,OUT017,4330.864485200599
FDB28,OUT027,5373.848145933313
DRC49,OUT045,2511.2178274209773
NCG30,OUT018,1831.673757062481
FDJ14,OUT049,1211.6469110802116
FDL52,OUT045,625.4058248795207
NCG19,OUT027,6570.825843998829
NCN41,OUT035,2071.3995263024112
FDW22,OUT013,3824.362063927735
FDI02,OUT013,1830.5370522886053
FDV51,OUT045,2702.8841820377143
FDV48,OUT046,1296.0251077390321
NCL17,OUT019,323.08351058598447
FDP46,OUT045,1376.3543208048732
FDU10,OUT045,600.6571656763583
FDT37,OUT010,671.7784664455896
FDI27,OUT035,767.4600856216485
FDN51,OUT046,4304.47426206686
FDW07,OUT035,1270.1923489300366
FDN45,OUT049,3445.207300474218
DRN37,OUT027,4176.692498276677
DRF48,OUT049,3240.6520025986392
FDP38,OUT019,147.1662506227471
NCX18,OUT027,5260.371340261491
FDK45,OUT018,1709.7698215006383
FDZ37,OUT049,1295.2875621940798
FDS50,OUT018,3376.2097645168096
NCR54,OUT018,2863.0756747811224
NCS17,OUT035,1560.427689782626
FDV31,OUT046,2714.428232130992
DRE27,OUT017,1470.2173067634687
FDN60,OUT013,2645.4220759991895
FDK26,OUT013,3221.6004211595186
FDX37,OUT018,1426.272778602655
FDW31,OUT046,3086.9401705383125
FDX26,OUT018,2907.0018333295393
DRL49,OUT019,343.15770924984565
FDU49,OUT017,1517.0667050495047
FDY58,OUT046,3800.631545228567
FDN03,OUT045,4465.239902969399
NCV06,OUT010,442.3877575174165
FDH53,OUT045,1351.457078523885
FDG31,OUT018,937.6957919717582
NCC06,OUT045,2351.9489152663696
FDS13,OUT049,3997.7437448337373
FDP16,OUT035,3959.2108155614983
FDA35,OUT013,2163.155143807314
DRP47,OUT018,3789.2453309125344
FDY28,OUT010,434.02290726034477
FDY20,OUT035,1351.1475165763118
NCH30,OUT017,1703.2865698098713
NCR29,OUT019,208.5825321055581
NCP05,OUT013,2481.490021369788
NCF30,OUT019,308.2350487891279
FDA08,OUT035,2718.1659739763986
FDN51,OUT027,5761.323568621725
FDH12,OUT046,1709.9232060798615
FDY39,OUT017,3598.9674774424493
NCO53,OUT045,3012.4838224751
FDB40,OUT046,2651.4477673303745
FDH02,OUT049,1206.8603539131163
FDY11,OUT027,1801.1080126567415
FDQ09,OUT019,297.0831455994454
FDP16,OUT013,3938.1587413904185
NCF55,OUT018,346.46504682179557
FDY09,OUT027,5664.506417020829
FDY39,OUT045,3770.7145654920278
NCU53,OUT049,2525.7125955399133
NCT41,OUT049,2465.631502622696
FDJ45,OUT046,620.8436607882101
FDR28,OUT013,2680.464725016733
FDN08,OUT013,1897.0751202122872
FDJ07,OUT049,1951.7455501714446
FDZ09,OUT027,4167.182158654487
FDQ14,OUT017,2390.897868322132
FDY12,OUT027,1336.0280450642936
FDK57,OUT046,2050.7517277679826
FDD20,OUT049,2089.9092174966313
FDS36,OUT018,1717.4001193791307
FDI40,OUT049,1693.9752220420312
FDJ40,OUT045,1729.4320038293195
FDE08,OUT013,2401.573644025322
DRK01,OUT013,1475.6777923098805
FDC58,OUT049,683.1941466935424
FDE50,OUT046,3143.1460621349665
FDX48,OUT035,2569.5619421878014
DRM35,OUT018,2573.9583324272007
FDG41,OUT013,1699.543771952528
FDB52,OUT046,3730.344419062123
FDV19,OUT045,2780.38865991469
DRG48,OUT017,2537.9946058093724
FDI26,OUT013,2787.7992050122925
FDU11,OUT019,309.151599311447
FDF59,OUT019,340.36450222021665
FDR07,OUT049,1509.436604230795
NCE06,OUT017,2317.876061203182
FDE10,OUT046,2039.424835228963
NCO55,OUT046,1668.139112962694
FDZ13,OUT013,719.0214655821529
FDT50,OUT017,1538.279610516565
FDH12,OUT010,196.26097698223492
FDD21,OUT045,1936.0464557876678
NCM05,OUT013,4470.96393222122
FDK04,OUT013,769.7210090976854
FDN33,OUT017,1528.536616950999
NCM18,OUT010,136.54885401320948
DRC25,OUT049,1459.3689185237995
FDT47,OUT017,1721.1923630611295
FDD45,OUT027,2739.4420666226624
NCD07,OUT018,1723.8447799546802
NCY54,OUT010,484.45666049689794
FDL12,OUT049,837.6517852954707
FDL02,OUT017,1664.6608301862343
FDC60,OUT035,1755.5444765261898
FDR37,OUT017,2997.6255636910037
FDY16,OUT017,3153.392823525733
FDU26,OUT045,2015.079560708717
FDN24,OUT013,813.824190619227
FDH44,OUT013,2455.3573394039468
FDE23,OUT010,118.96690511249368
FDW60,OUT017,2942.226872751468
FDQ55,OUT049,1982.5467937225174
FDV32,OUT027,1835.677003173255
FDV03,OUT010,307.7112737872524
FDY14,OUT010,529.3530708318759
NCL55,OUT027,5605.924261339924
DRF25,OUT017,675.089812014548
FDX03,OUT046,667.4884265905589
FDF40,OUT045,3970.927465030318
FDX24,OUT010,191.5777270974547
FDA25,OUT049,1676.098282975359
FDH21,OUT018,2557.010606181132
FDB47,OUT010,599.4359264457654
FDT34,OUT019,321.80156506263444
FDS39,OUT010,302.2554643441903
NCU05,OUT046,1293.3542440133003
FDE02,OUT049,1360.4494848442753
FDL25,OUT035,1299.2697521203122
FDC50,OUT049,1426.3217701820352
FDZ32,OUT049,1677.7143025666182
FDV14,OUT045,1438.9030797941675
FDR07,OUT045,1514.4203791128218
FDB26,OUT049,825.0768358045714
NCR50,OUT045,2590.0645714040375
FDP01,OUT018,2014.5098660666006
FDH57,OUT045,1973.948455340012
FDM60,OUT027,1055.3818553656756
FDA45,OUT017,2832.6644910499836
FDU55,OUT017,4252.448663946886
FDH40,OUT035,1336.009329327281
FDG40,OUT019,56.93027743241637
FDT12,OUT049,3763.832409538688
DRL59,OUT045,859.1603044983505
FDT47,OUT018,1563.2628814015225
FDI60,OUT017,958.6890454777134
DRF51,OUT027,867.1827909373604
NCK31,OUT049,732.2060971485089
FDB08,OUT045,2451.635432996101
FDM44,OUT035,1660.8222426316665
FDD46,OUT018,2184.9159385988582
FDR27,OUT019,311.60549020330905
FDV56,OUT010,250.42585127429905
FDM02,OUT049,1344.5525635242184
FDU45,OUT018,1918.7900502604284
FDZ10,OUT017,2094.276655726263
NCK31,OUT010,111.11816840560141
FDR27,OUT035,2091.92350098997
FDF33,OUT013,1795.3225902410109
FDJ36,OUT046,1667.383720230112
FDP33,OUT049,3969.328438303027
FDG17,OUT046,4135.054507929303
FDG47,OUT027,4323.4536615393345
NCW29,OUT046,1939.080930922856
DRH59,OUT017,1061.2463004619158
FDR32,OUT017,3858.9580054626017
FDP48,OUT035,3814.6094375585158
FDG17,OUT035,4155.305548620944
DRJ59,OUT017,614.5696278477437
FDY48,OUT027,2726.1135382825805
FDB02,OUT046,2898.1582092039766
FDN10,OUT019,304.0003193918105
NCD55,OUT035,693.9094217511504
FDX34,OUT013,2108.74203661457
FDZ38,OUT045,3638.636170451357
DRF37,OUT049,4249.302210662008
DRL47,OUT019,278.6080918747786
FDL27,OUT035,1038.6964746425376
NCP53,OUT035,3972.028160399777
FDT03,OUT019,451.49414125611287
FDJ28,OUT035,3225.713406563999
FDF40,OUT018,3633.163836543769
FDA32,OUT035,3478.8687813983643
NCP02,OUT017,765.3042211994743
FDZ31,OUT045,3203.1828755559022
NCQ29,OUT013,3841.134852804318
FDP57,OUT010,215.31351458437027
FDL32,OUT027,3161.473159841802
DRB01,OUT035,3327.461544420981
FDJ40,OUT046,1713.8622386113113
FDO24,OUT018,2297.3292269353688
FDO11,OUT018,3319.863739630422
FDA56,OUT035,1993.6510978592698
FDF02,OUT045,1642.1382387565968
FDA10,OUT013,2203.6435248136154
NCI55,OUT017,2483.7847917617974
FDZ40,OUT010,230.74764661609467
FDV08,OUT049,671.9266127739369
FDN48,OUT013,1358.5340431198135
FDU57,OUT017,2310.5293575787055
DRF49,OUT013,1852.5426207704854
FDS02,OUT035,3167.700734487361
FDS43,OUT046,3156.869809945671
FDT16,OUT013,4385.401935518537
FDX19,OUT027,6574.618340372632
FDK15,OUT046,1597.6177515734494
DRA12,OUT049,2030.002712807461
FDY35,OUT017,805.455840025861
NCU42,OUT013,3032.1209474552556
FDD26,OUT013,3274.053834541156
FDR11,OUT018,2339.5782825617234
NCP53,OUT045,4000.240829607755
FDP34,OUT045,2668.3590759013373
NCV41,OUT019,324.5637129973777
FDN20,OUT018,2650.9423959837004
FDZ16,OUT018,3024.29675705013
FDZ28,OUT049,2055.6433361401855
NCL55,OUT013,4152.337019084696
NCJ17,OUT046,1351.7991379120774
FDT37,OUT046,3986.647757260704
FDV51,OUT049,2802.1316767309736
FDZ28,OUT035,2052.397414292083
FDN27,OUT013,1788.8335913367512
FDS14,OUT019,352.98315262973654
FDZ58,OUT045,2097.0239452487044
FDD46,OUT046,2098.3673642380318
FDJ03,OUT035,709.7382042271668
FDU03,OUT010,602.9317250634515
FDA33,OUT027,3398.284822511887
NCW53,OUT035,3066.1455992651136
NCC55,OUT017,625.9089587522176
FDP52,OUT019,526.4132072400685
FDE39,OUT049,2060.463982329245
FDB44,OUT035,3588.5942650616107
FDG59,OUT013,579.3163022226564
FDI05,OUT013,1256.1921962548715
FDF59,OUT045,1979.0997290120033
FDM39,OUT019,432.5524304416724
FDB14,OUT013,1420.2334160547477
NCS05,OUT019,349.38351148760137
DRJ35,OUT045,900.8709755990803
FDO31,OUT019,273.3324118612258
FDA31,OUT046,2793.0683523878347
FDX40,OUT049,657.2640251442591
FDW56,OUT045,3330.3703026198405
FDH09,OUT018,711.4053059546646
FDA52,OUT019,410.5193708389899
FDF20,OUT019,486.41777542769717
FDE40,OUT046,908.1853440204001
NCU17,OUT046,2001.700850464985
NCP14,OUT035,1818.9306985760736
FDN25,OUT027,2159.913638163201
FDU39,OUT049,877.5874771433067
NCM05,OUT017,4170.06596142222
FDU07,OUT017,2410.356602857771
FDF28,OUT049,2081.702750636739
FDR57,OUT049,2565.189593868494
FDJ33,OUT013,2044.731673840195
DRH23,OUT035,974.8180674086998
FDQ52,OUT046,4111.8478628009
DRK13,OUT035,3249.1728737612484
FDP09,OUT046,3918.4627432689344
FDR08,OUT027,2997.0750875480276
FDV50,OUT045,1996.8221621361577
FDT13,OUT049,3281.8968016704266
FDJ27,OUT027,2612.7947618814014
FDH21,OUT046,2623.60944885115
FDW14,OUT027,2213.715399594088
FDL52,OUT049,676.739747185369
FDW28,OUT017,3095.2073828384796
FDL40,OUT049,1561.4543778851057
FDE24,OUT046,2122.6343098106354
FDX35,OUT049,3722.666918846933
FDP46,OUT017,1327.6778535001235
FDX56,OUT045,3687.070258134631
FDQ45,OUT049,3215.340540881813
FDK50,OUT027,3685.4554136918887
FDY26,OUT045,4262.088450771456
FDQ09,OUT017,1774.3693268877912
FDN39,OUT049,2815.824806341726
FDP13,OUT017,652.2652832880327
FDR51,OUT013,2389.2286265598955
FDZ49,OUT010,574.7543751737212
FDL28,OUT018,2966.732843845825
FDZ10,OUT035,2087.619260962772
FDK38,OUT013,2283.572483883603
DRL49,OUT027,3504.871242136029
FDR15,OUT013,2389.181875502706
FDQ24,OUT035,4277.441778369539
FDD56,OUT013,3027.065638898196
NCR42,OUT046,518.8547307982219
FDH52,OUT045,1040.0861555771166
FDH57,OUT019,310.1085582284529
FDR15,OUT010,346.7498208033497
FDJ34,OUT035,2029.6036502982975
FDW37,OUT035,1406.334334161292
FDQ23,OUT018,1471.7488211322861
FDP34,OUT013,2577.336620901993
FDE04,OUT027,4307.3380337284125
FDC48,OUT045,1322.7342745388828
FDA47,OUT019,379.4651491725257
FDI35,OUT018,2948.972457566648
NCV05,OUT013,2420.298531807508
FDR28,OUT045,2856.8655040480094
FDH31,OUT017,1614.3405506779347
FDP59,OUT019,234.47402455583966
FDS19,OUT018,1210.4705439849995
FDM60,OUT045,656.1307340861799
FDJ44,OUT018,2805.752971450596
DRH51,OUT017,1276.6159460683004
DRC25,OUT017,1512.558079162979
DRE25,OUT013,1440.0495098672197
NCX05,OUT049,2049.718057154671
FDR11,OUT017,2516.337906092188
DRP47,OUT045,3954.799046750057
DRC49,OUT019,332.06203434248584
FDQ47,OUT027,844.7439933255471
FDL20,OUT013,1750.4364185932473
FDM34,OUT035,2037.6032584555094
NCN55,OUT013,4166.908509018489
FDD41,OUT035,1722.7614338345447
FDE52,OUT049,1341.8362398897489
NCT18,OUT019,349.85737467576587
FDJ32,OUT018,790.0870851574191
FDE16,OUT046,3755.6423442108407
FDZ09,OUT045,2767.481329020712
DRZ11,OUT046,2086.576997075925
FDK41,OUT049,1313.3377001214549
FDE56,OUT049,852.0527455013636
FDH34,OUT013,3175.202822631364
DRI49,OUT013,1253.4212072642051
DRI59,OUT046,3706.793699969733
DRC36,OUT049,2852.141806143433
FDS15,OUT019,215.05663511158562
FDI07,OUT018,3023.4959491149175
FDZ15,OUT018,1728.91340120955
NCX41,OUT027,4972.513645767788
NCO29,OUT019,367.0473083556153
FDF57,OUT013,2822.788008745473
FDI33,OUT035,1375.9517144426507
DRJ47,OUT049,2829.4077637999976
FDB34,OUT046,1309.211105948994
FDY22,OUT027,3316.813784690424
DRL11,OUT017,2591.7495688357253
FDY46,OUT035,3106.1920958636906
FDG17,OUT013,4110.685844164708
FDE52,OUT018,1224.4304604678307
DRP47,OUT027,6951.5881398523625
FDO01,OUT010,292.4852414250776
FDL09,OUT046,2750.4654878643832
FDR57,OUT013,2405.7829836412525
DRD37,OUT035,833.1819229025076
FDQ36,OUT027,871.9397418030923
FDL33,OUT049,3206.486786818729
FDL48,OUT045,679.3741225024797
FDL28,OUT049,3835.9723442206246
NCN29,OUT046,825.9912581724437
FDO13,OUT035,2635.5275958413285
FDB38,OUT045,2749.7531642209897
FDI36,OUT035,3162.849836852152
FDI58,OUT035,1379.952067179157
FDH22,OUT018,2067.5570956828037
FDQ27,OUT013,1982.0355265737558
FDT33,OUT046,2844.274148952195
FDC56,OUT045,2053.9535069483613
FDF14,OUT046,2316.3721230963115
FDQ39,OUT017,3242.5486565020606
NCM43,OUT017,2767.6340344199853
FDS46,OUT035,2059.9876395729125
FDI22,OUT049,3551.874196160208
NCE43,OUT045,2850.9786530438682
FDZ36,OUT010,615.0770568159855
FDR13,OUT019,256.1905034220171
FDP46,OUT018,1308.2108965490966
FDW56,OUT019,454.6602443202845
FDB40,OUT017,2619.8987056788533
FDM28,OUT018,2794.965712144168
FDV49,OUT013,4709.895399764328
NCS53,OUT018,2416.0610114896367
FDO03,OUT049,4028.494992881967
FDT15,OUT035,3327.1619503555844
FDD33,OUT049,3640.9935894768414
FDX13,OUT017,4258.499782146499
FDH60,OUT013,2973.4541754607467
DRH51,OUT046,1287.0465141849902
NCL07,OUT049,687.134872628086
FDW51,OUT045,3330.554038239507
FDF21,OUT019,440.7871256246504
FDH26,OUT019,305.93086007781915
FDJ03,OUT049,715.9597153512509
FDU35,OUT017,1588.3259974394157
DRL01,OUT018,3299.1701741273064
FDE59,OUT045,611.4428131631489
FDI60,OUT035,980.5049567607128
DRH39,OUT035,1399.0129942409358
FDK36,OUT049,884.4577299596243
FDN52,OUT045,1337.1492056014424
FDU12,OUT017,3853.9003719985158
NCT05,OUT027,6141.852749652466
FDS37,OUT027,3182.5165243297797
FDK24,OUT017,743.3528676834719
DRF36,OUT013,3149.911817775969
FDN46,OUT010,202.79401018054594
NCN06,OUT045,2587.6929319345104
FDD59,OUT035,1344.8154574834882
FDM14,OUT045,1653.6662940629649
FDO10,OUT018,859.0251750502952
FDU35,OUT013,1603.460724421157
NCA30,OUT018,2772.014621616255
NCO41,OUT049,1583.1834073665434
FDI24,OUT046,2797.600956114258
FDZ16,OUT046,3135.755768414661
FDV47,OUT046,1326.2113574731952
FDV16,OUT045,543.5286812706406
FDZ22,OUT035,1363.6962191026062
FDO20,OUT010,588.2769030558941
FDW38,OUT013,793.8269373352732
FDW52,OUT045,2840.0002161119864
FDT43,OUT019,133.0007414352421
NCS29,OUT045,4327.491868836926
NCC31,OUT017,2329.227726580257
FDA21,OUT017,3182.238226671242
FDQ55,OUT046,2046.385847661832
NCE54,OUT049,997.8643385513473
FDD45,OUT017,1444.2995957728037
NCP17,OUT017,970.590772631009
FDR47,OUT035,3147.633558719319
DRM35,OUT013,2941.7467112104214
FDR47,OUT019,494.77100238740337
FDX19,OUT010,527.7432077937111
FDV22,OUT027,4610.984184010795
FDQ46,OUT027,3412.4986672737314
DRO47,OUT045,1740.279836292706
FDB44,OUT010,635.9839947763217
FDN02,OUT010,674.7365008945642
FDW10,OUT045,2975.6143797056875
FDJ41,OUT019,608.273259679577
FDM50,OUT046,859.329194140982
FDW10,OUT035,2673.297330339963
FDY48,OUT049,1690.829182591802
NCE30,OUT027,5548.689335819884
FDO04,OUT045,921.1580887006902
FDQ26,OUT010,165.17132353370604
NCX29,OUT018,2317.1256503500217
FDE39,OUT046,1852.2147688699008
NCR54,OUT027,5619.800705095824
NCP55,OUT027,1555.609789949374
FDX22,OUT017,4058.0727818511186
FDI05,OUT035,1237.3940063404516
FDC51,OUT027,3566.6327096602236
FDC10,OUT013,1950.7296370943973
FDJ46,OUT045,2934.942162302236
FDV10,OUT010,88.39059131272946
FDX12,OUT027,5511.626266033666
FDL43,OUT019,215.93491110416267
DRB13,OUT046,3210.8517720067975
FDF59,OUT027,3232.1922086044597
FDT35,OUT049,2823.353488390052
NCJ19,OUT035,942.2938663935514
FDT35,OUT018,2558.1245633886897
FDI48,OUT046,731.1450113461451
DRC24,OUT019,305.88632350716347
NCZ05,OUT017,1675.0682589447201
FDJ57,OUT049,3473.206813306593
FDX11,OUT017,3375.24351916511
FDE09,OUT035,1751.7813130579075
NCK06,OUT049,2010.33926405714
DRE37,OUT017,3173.828825739862
FDV56,OUT046,1685.3306225818824
FDY43,OUT017,2680.071553306965
FDV35,OUT013,2547.7693781957296
FDF05,OUT019,509.60204425365606
FDA36,OUT035,3155.6321624429706
FDS13,OUT027,6253.004129857601
FDU47,OUT013,2268.1339726180963
FDI36,OUT010,444.09747566591193
FDH48,OUT046,1348.3171855018757
FDZ14,OUT013,2048.0818845339795
FDS46,OUT013,2180.228502698645
FDE21,OUT017,1881.9435715280222
FDA26,OUT049,3628.1717282753157
FDV12,OUT046,1618.303218619609
FDL46,OUT019,239.76617074965262
FDN57,OUT013,2215.7014868826977
NCJ18,OUT017,2064.7653608599667
FDO36,OUT045,2929.9771900763435
FDX55,OUT018,3021.281738354785
FDT25,OUT019,256.2018668873715
FDD16,OUT049,980.8934310894347
NCX18,OUT013,3251.2337088695217
NCG55,OUT018,1697.3056175804181
NCV18,OUT049,1651.6556140896948
NCS18,OUT035,1711.300786954157
FDC37,OUT045,1664.489753260981
FDE47,OUT046,2059.9123623158857
DRG49,OUT019,490.7294352132394
FDC39,OUT049,3439.831241613545
FDH24,OUT019,385.18692824025794
FDV39,OUT027,5262.2347144762025
NCL17,OUT045,2109.012345119348
NCY53,OUT035,1967.8730910431511
FDH52,OUT013,1048.6377039280312
NCD19,OUT018,833.0464616695975
FDI44,OUT046,1211.1253085704732
DRD49,OUT027,6288.332296310312
FDN08,OUT035,1936.0583435739868
FDO20,OUT027,7184.701168305416
FDY02,OUT046,3998.1007874879956
FDX23,OUT045,1390.430517557029
FDX01,OUT017,1901.0022694891713
FDH20,OUT027,2496.634188499714
NCX41,OUT017,3837.7607904289707
FDD21,OUT027,2963.1003052083565
DRH11,OUT019,206.92098123537687
DRE60,OUT018,4310.278258876179
FDB10,OUT013,3983.955775080546
FDH38,OUT013,1953.7983451897123
NCL07,OUT018,469.64651433135714
FDD48,OUT046,2055.8389611373777
NCT54,OUT027,2800.686880349686
FDF32,OUT027,5404.724252575484
DRH51,OUT045,1254.8730926792655
DRG03,OUT035,2616.5780273593664
NCY42,OUT019,408.0396875705045
FDH32,OUT017,1532.8079109527325
NCJ06,OUT027,2915.410393155891
FDH47,OUT027,2663.9864368539406
FDZ08,OUT018,1259.7674807714025
FDK16,OUT017,1512.0505098517922
DRG01,OUT018,1134.9168170691662
NCM53,OUT027,2838.3026360245585
NCB07,OUT035,3101.5400053594835
NCZ06,OUT035,3814.1214097802326
FDU48,OUT049,2051.5379256689184
NCB55,OUT027,1640.1953041455606
FDP15,OUT013,4689.710561784219
FDF17,OUT046,3419.1351753595077
NCN06,OUT049,2690.5114980154153
DRM48,OUT018,606.6209986874676
FDH10,OUT046,2203.8092752861003
FDC60,OUT018,1590.0151116468176
FDE35,OUT018,677.0893283519862
DRI23,OUT013,2645.2115331068517
NCR38,OUT013,3896.157489658785
FDP04,OUT035,959.4890771163394
NCW17,OUT045,2235.414597917664
FDX34,OUT017,2031.4479046509236
NCK53,OUT045,1570.8807614470315
NCO54,OUT010,153.6528013072173
NCH55,OUT046,2073.978577788196
FDT44,OUT027,3132.0854191933026
DRG49,OUT046,4329.806273888753
FDX46,OUT010,141.55927619827597
DRG36,OUT049,3010.457802799934
FDU37,OUT049,1345.038085740813
FDK10,OUT049,2970.795656424316
DRF37,OUT027,7297.11269729209
FDC44,OUT035,1947.8794142839522
FDP15,OUT046,4149.667827705783
FDZ27,OUT027,1422.171733330545
FDY22,OUT019,336.91258988524237
DRG51,OUT035,3014.993896542232
FDN58,OUT045,3918.119945345205
FDW01,OUT049,2495.9429570064917
FDX24,OUT018,1453.4806682401593
FDO51,OUT017,685.3561956289301
FDJ52,OUT027,3823.366063686338
NCY06,OUT010,350.0729848628165
FDE20,OUT018,2963.6676438753852
FDT23,OUT010,180.88683360954786
FDQ51,OUT046,726.479832664317
FDE35,OUT046,877.8540099131087
FDB46,OUT013,3218.1443198105976
NCG19,OUT035,3618.200853814081
NCL06,OUT018,3632.888086219853
FDT36,OUT019,64.28845377527979
FDC56,OUT049,2117.260769379906
FDJ26,OUT049,3186.3262151938898
FDZ59,OUT017,2627.4299187666234
FDV11,OUT027,5128.080320596874
FDR13,OUT010,236.5736404454075
FDI15,OUT018,3906.2910640273003
FDF47,OUT018,3533.7346511575333
NCB54,OUT019,312.20185128769185
NCK19,OUT027,5494.501351730356
FDX16,OUT017,2618.595641171461
FDL50,OUT045,1965.7862562740756
NCE31,OUT035,631.190387513285
DRJ01,OUT049,2196.3846318090023
FDE22,OUT013,2663.272271106769
FDY20,OUT019,219.21846971348165
NCO14,OUT045,716.0511929935482
NCR50,OUT017,2538.753395358221
DRM47,OUT017,3148.374027989515
FDO27,OUT010,297.55261748729475
FDJ20,OUT027,2813.1634433599183
NCX17,OUT013,3560.8415586380156
FDG59,OUT049,600.7661087399176
FDD52,OUT045,1576.8298381036268
FDO48,OUT017,3728.5404708102337
FDC59,OUT019,144.2486585561312
FDS15,OUT018,1431.8211848109115
FDB47,OUT035,3706.0859268542513
FDV14,OUT019,204.53663324663682
FDB27,OUT013,3136.517070065743
FDA35,OUT035,2042.849771865661
FDN51,OUT018,3600.215811066161
FDO39,OUT019,436.5486216681133
FDB28,OUT049,3080.6918239781517
DRJ25,OUT046,815.374715491031
FDH46,OUT027,2515.1720441871694
FDI10,OUT045,2896.7840606566265
FDU21,OUT018,358.09624020684765
FDD09,OUT049,2979.4306571916827
FDD10,OUT046,2570.803520285699
FDN31,OUT010,466.70914303105957
FDA46,OUT018,3169.369383362798
FDM56,OUT046,1644.2154424712305
FDF11,OUT010,648.1782467307095
FDS32,OUT018,1844.0521271311861
NCM06,OUT013,2292.9226588659244
FDZ26,OUT045,3858.9001895046295
FDO01,OUT013,2293.0398945870925
FDJ46,OUT049,2832.5107682857465
FDG26,OUT019,524.7558496450044
FDZ38,OUT035,3711.7383515840047
NCO55,OUT013,1713.5589780555777
FDT60,OUT035,2023.65813107713
FDW37,OUT049,1375.7156090429646
NCK42,OUT018,2968.2541160668143
FDA45,OUT046,2573.8067536756853
FDW55,OUT018,3576.4677617193547
FDY44,OUT017,3228.4603464578754
FDQ31,OUT017,1452.5365141064249
FDM09,OUT049,2979.1501736016444
FDH12,OUT018,1383.834989554301
NCQ43,OUT035,1632.3512183027153
FDT33,OUT035,3008.5335302192643
NCT41,OUT018,2276.0965199213347
DRJ25,OUT010,121.74619298586347
NCQ41,OUT046,3318.5520156268317
NCN17,OUT049,1619.4880487085263
DRO35,OUT027,2805.7569703535173
FDU27,OUT018,615.7151715023683
FDY43,OUT027,4171.7689817137025
FDG46,OUT035,1903.802855152315
DRL49,OUT018,2046.3483246394123
NCB55,OUT049,834.4126734827283
FDK28,OUT049,4083.8610844177056
FDO49,OUT045,726.2353464950498
FDT03,OUT013,2274.7232308739076
FDW33,OUT027,2936.7740722708145
FDR02,OUT035,1793.3524580784406
FDF50,OUT013,3163.989869383835
FDA40,OUT018,1287.181436494552
NCT53,OUT018,2541.9719597774133
FDY60,OUT035,2096.35679358199
FDP44,OUT027,2542.0006837738756
NCQ50,OUT045,3465.853753244651
NCC30,OUT017,2851.6404012747926
FDQ60,OUT018,2091.5238983773124
FDG41,OUT046,1665.2373966561265
FDQ03,OUT046,3852.632826596517
FDM03,OUT045,1678.8808170603002
FDZ51,OUT018,1354.044309878702
DRF51,OUT035,758.4833191574967
FDF39,OUT017,4599.8603461251005
FDW52,OUT035,2867.092608276844
FDY22,OUT049,2613.4163382947036
FDG14,OUT013,2448.5604792632716
FDA57,OUT017,601.1035655497202
FDL45,OUT019,323.6274237843812
FDX28,OUT046,1553.5714061728986
NCQ54,OUT013,3145.7302897997215
FDH40,OUT045,1304.961844321174
FDU52,OUT035,2410.9848602153656
FDT60,OUT010,285.27567677127627
FDK08,OUT045,1559.9658587551573
FDN04,OUT049,3007.1450934355626
FDE50,OUT013,3039.575102356376
FDI16,OUT049,792.9742682172308
FDM50,OUT049,883.9124630147892
NCV30,OUT049,783.3516760109524
FDT44,OUT013,1985.9978531355612
FDY60,OUT013,2566.100938792012
FDT56,OUT017,868.6809149546639
FDV58,OUT018,2703.770846480849
FDU04,OUT013,1979.404262277636
NCN05,OUT027,5356.637083426581
FDI53,OUT018,2271.023735502118
FDD34,OUT046,2779.615046808914
FDW47,OUT027,3595.8380823795437
FDT51,OUT027,3576.9300749668214
FDO27,OUT013,1493.84415883616
NCQ18,OUT018,1413.6359430503765
NCW05,OUT013,1916.5868849913159
FDI15,OUT010,506.57347056924726
NCH43,OUT010,445.6735370767882
FDT40,OUT049,2000.6873656767757
NCG19,OUT017,3431.870834543177
NCM30,OUT035,653.1931468497766
FDB38,OUT017,2664.7049917563027
FDB22,OUT046,2240.8334536670127
FDC58,OUT046,684.6080587542253
NCI29,OUT013,1966.541836177177
FDA23,OUT010,243.05042080461624
DRG48,OUT013,2620.611974781032
FDV21,OUT013,2273.2742307956596
NCG18,OUT019,261.1786369165759
FDG40,OUT045,552.659521934651
FDU24,OUT018,1402.1595364595532
FDA22,OUT049,2777.1909112125536
FDY35,OUT046,788.635558454372
FDJ15,OUT045,3866.040047546418
NCW18,OUT018,3243.785846688025
FDK56,OUT018,2970.4803055347825
FDF44,OUT046,2117.947656182285
FDP51,OUT049,2046.2465012799623
FDU22,OUT027,3126.0041101239926
FDM28,OUT017,2775.251818092341
NCL42,OUT046,4045.275083069192
FDJ15,OUT019,472.5615621693593
FDI32,OUT018,1634.1066871283442
DRL11,OUT046,2596.1930858006253
DRO59,OUT018,1188.1310311048796
FDA07,OUT019,237.56392708704564
NCO53,OUT013,3060.7607444836635
FDO21,OUT045,3584.8884340502586
FDW39,OUT045,2900.2417118957105
NCV17,OUT013,2365.042260938406
FDE22,OUT046,2671.3588225954286
NCB06,OUT018,2362.0635941875275
DRF48,OUT017,3131.7372649400663
FDB05,OUT013,3789.683119292093
FDP28,OUT027,7162.000326185771
FDP23,OUT046,3470.448170530172
NCS41,OUT018,2905.5464319679336
FDS40,OUT018,416.06066644337676
FDA16,OUT017,3418.0704120339237
FDN20,OUT035,3012.186968371912
FDF04,OUT027,6968.959099485097
DRG36,OUT018,2485.58471168461
FDW16,OUT018,1310.6593157778295
FDU09,OUT017,805.3607564625069
FDW01,OUT046,2526.7683684583194
FDB15,OUT045,4835.397529718983
NCJ17,OUT049,1333.927706612454
NCT18,OUT018,2995.349767268032
FDG16,OUT018,2945.396636068991
FDP27,OUT017,3211.808248634146
FDQ44,OUT027,2953.0495107547836
FDL50,OUT027,3546.833432809216
FDW57,OUT027,5509.408473384765
FDS34,OUT013,1963.5252010411032
NCV30,OUT035,944.7224354727907
FDD26,OUT018,2871.346687321858
FDA03,OUT045,2556.463017266858
FDS27,OUT018,2815.4517050999475
FDM12,OUT013,3002.1369535079843
NCV42,OUT027,3301.0131526132477
NCS41,OUT046,3158.1948566012625
FDN56,OUT018,2568.236787111268
DRK59,OUT046,3623.298807423931
NCG18,OUT046,1646.610495921671
NCN26,OUT017,1929.3414198351838
FDI60,OUT027,1844.3737760920458
NCI43,OUT049,704.1739022472731
NCL17,OUT049,2105.4767310080706
FDQ19,OUT019,453.51710163834736
FDY43,OUT049,2899.0153542930657
FDR36,OUT049,698.4121374397344
FDJ58,OUT049,2959.2680002390393
DRY23,OUT045,752.7525734067208
FDK26,OUT027,4329.295268015426
DRH03,OUT045,1507.070139192253
FDC10,OUT010,278.3327196863653
FDD23,OUT013,3085.8079075838145
FDP32,OUT045,1986.5813620528108
FDO31,OUT035,1381.7660758868658
FDQ57,OUT013,2674.799208441753
FDX32,OUT027,4110.198386112854
FDC39,OUT027,5532.157247583416
FDU55,OUT046,4488.423540083939
FDL45,OUT013,2222.5668845504924
DRK37,OUT049,3498.426808755558
FDK22,OUT013,3242.7944128941494
DRG37,OUT027,3785.2323821127025
FDK22,OUT017,3489.693300307955
DRH36,OUT018,937.8027310710212
DRC36,OUT018,2861.813609799692
DRE03,OUT027,956.7791600901742
FDF34,OUT046,3206.5657785488943
FDZ22,OUT046,1365.131344253413
FDC44,OUT010,315.6737628565781
FDN31,OUT027,5554.574842961021
FDO03,OUT017,4036.0180809465587
FDA01,OUT049,854.3219911913644
NCH42,OUT049,4080.5356847754224
FDF46,OUT018,1677.4084076918632
DRL35,OUT046,724.1746642994195
FDW46,OUT049,1122.0589392685818
FDB58,OUT046,2136.2570431203953
FDD47,OUT018,2575.381357030359
NCO17,OUT045,1891.8752303859383
FDJ26,OUT017,3454.9849544138697
FDU37,OUT045,1347.9143137807025
