Item_Identifier,Outlet_Identifier,Item_Outlet_Sales
FDW58,OUT049,1812.217734819073
FDW14,OUT017,1431.3095793847338
NCN55,OUT010,746.9840486797602
FDQ58,OUT017,1868.1328552812988
FDY38,OUT027,5722.898220519619
FDH56,OUT046,1642.034841160152
FDL48,OUT018,548.5770164081869
FDC48,OUT027,2191.911755417957
FDN33,OUT045,1268.0739311296836
FDA36,OUT017,2398.029786609702
FDT44,OUT017,1551.3619398418402
FDQ56,OUT045,1594.530781798522
NCC54,OUT019,616.1415682157034
FDU11,OUT049,2141.092777409449
DRL59,OUT013,736.8221042434155
FDM24,OUT049,2373.0684940928777
FDI57,OUT045,3660.5724259466865
DRC12,OUT018,2093.606685288666
NCM42,OUT027,2355.893691683245
FDA46,OUT010,512.090951179526
FDA31,OUT013,2505.710231037774
NCJ31,OUT035,3857.724782678576
FDG52,OUT046,744.6120897015337
NCL19,OUT019,371.8237397638886
FDS10,OUT035,3014.8424552117576
FDX22,OUT010,477.92618287204846
NCF19,OUT035,767.7929077895236
NCE06,OUT046,1721.6958343125355
DRC27,OUT046,3124.2892202052876
FDE21,OUT035,2481.112892456825
NCR42,OUT019,23.84374717313522
FDX51,OUT018,2346.1935136255183
NCR06,OUT018,591.2835867645025
FDU31,OUT027,5160.26039597867
FDU59,OUT017,3111.136052039763
FDR03,OUT027,6233.75101018126
FDS49,OUT027,2372.114573036997
FDD48,OUT010,335.0899856185698
NCF18,OUT017,3731.1088132305163
NCD43,OUT027,1399.5214901977552
NCD54,OUT018,1937.616605970218
FDY19,OUT010,372.58676299146873
NCY54,OUT017,3363.3356054126807
NCL19,OUT018,2064.366767101011
FDP23,OUT010,532.2337236095456
FDC26,OUT013,1344.9404231992723
FDR14,OUT010,69.55096495882215
NCS41,OUT035,2624.9956968251954
FDF41,OUT035,4438.350809269659
FDU34,OUT046,2128.250104773886
DRH11,OUT046,997.2941217925427
FDM03,OUT013,1638.7740045700434
FDS31,OUT017,2693.7287677293575
FDJ20,OUT017,1581.0272498190868
FDV44,OUT027,3982.343019266527
FDG02,OUT049,2373.062851782256
FDA09,OUT013,3006.268939659445
FDT04,OUT013,592.5150808112959
FDL58,OUT019,598.3833309594562
FDE52,OUT045,2860.955401478909
FDW12,OUT035,2396.316889863218
FDL51,OUT017,3135.106443512508
NCY42,OUT027,3979.6346075961055
FDR07,OUT017,861.2802310887771
FDN40,OUT045,2353.3355923786576
FDB35,OUT027,2301.7095593850695
FDA22,OUT017,3865.940661558936
NCL06,OUT046,3149.90910676766
FDI35,OUT013,3798.7151458011626
NCW42,OUT045,2942.5857267763026
NCX06,OUT049,3167.7368576153
FDC37,OUT027,3125.3032362411795
FDZ14,OUT018,2227.6229219405577
DRG49,OUT049,4171.73704940917
NCG06,OUT045,3209.9426209533817
DRC36,OUT045,2994.917222692947
FDV21,OUT019,351.61383484616465
FDB53,OUT046,3369.741910020861
DRP47,OUT019,674.7502802840827
FDA14,OUT013,1656.3807183326503
DRC24,OUT035,3233.1678415606334
FDW21,OUT018,1497.5012404077302
NCH29,OUT046,1820.561911329618
FDU58,OUT013,2710.1574243851805
FDY27,OUT017,2347.0384890576524
FDV56,OUT035,1181.0822350216902
FDT59,OUT046,4145.185807725293
FDB23,OUT046,3684.1477118930634
FDR49,OUT045,679.7066747686425
FDB03,OUT010,613.0919454295563
FDN39,OUT045,2430.0636407289885
FDX02,OUT027,6097.903606117246
FDQ16,OUT027,3451.1838230292315
FDU35,OUT018,1625.2131076248613
NCT29,OUT013,1801.9088883606107
FDZ27,OUT046,594.5807652679908
FDN57,OUT017,2472.964838749237
FDA03,OUT018,2046.880584933061
FDZ36,OUT045,3607.428255364792
NCU05,OUT013,1073.774302551381
FDT39,OUT018,2064.580358984212
FDK60,OUT017,1593.0143549255868
FDZ25,OUT017,2855.9962235596536
FDG12,OUT046,2038.0260653381456
DRB01,OUT019,386.89705941697275
NCC43,OUT027,4909.379021742372
FDX13,OUT019,598.9047875192919
FDM22,OUT049,1088.2703634940221
FDJ03,OUT027,1178.6296054094248
FDU14,OUT018,3727.859942119873
FDB33,OUT010,403.6531191519433
FDP27,OUT046,3091.551105252726
FDO38,OUT010,244.16465584384042
FDE28,OUT027,5273.989982773224
FDO27,OUT035,1917.5524578138
DRL23,OUT027,2771.081782646313
FDS28,OUT046,639.4875255120115
FDX24,OUT013,1532.6153073404143
FDZ02,OUT035,812.5705140266913
FDL46,OUT045,1437.1342045902788
FDS60,OUT027,4019.768228748851
NCO06,OUT017,582.0308966029512
FDO16,OUT035,1691.5683432572444
FDC60,OUT049,1334.0793550886474
FDA48,OUT018,3885.942371711792
FDZ36,OUT027,5303.700741770075
FDK27,OUT045,1773.4560290064148
FDW23,OUT018,546.9921996693882
FDM14,OUT018,1744.4446685550467
FDM14,OUT013,2018.7587932258184
FDW60,OUT018,2779.5287912274757
FDE21,OUT013,2366.424590613917
NCM42,OUT035,1615.8363363158153
FDY59,OUT010,256.3253752428314
DRI49,OUT049,1393.5065300380024
FDT28,OUT019,390.2614818372867
FDQ22,OUT018,576.0129117784063
FDR60,OUT049,845.2880846507254
FDC50,OUT019,287.92484751513405
FDV24,OUT013,1817.5675525378379
DRF48,OUT010,434.4187222727527
FDQ47,OUT046,706.5325882812301
DRN36,OUT049,1462.323476932029
NCY06,OUT035,2446.9356637834235
FDE52,OUT035,3130.886239015885
NCB54,OUT045,1849.9447188401882
NCF31,OUT035,1862.9936409697964
FDJ08,OUT027,4977.564195177509
NCC07,OUT017,1640.478800372793
NCD19,OUT027,1264.744897940196
FDL46,OUT049,1394.1490371698003
FDM20,OUT045,5214.649075045769
NCI06,OUT010,485.60470307946605
DRM11,OUT035,4380.238769260319
NCH07,OUT018,2051.1684715116944
FDS23,OUT013,2023.700958057827
FDO49,OUT018,745.0587058455964
FDS35,OUT049,1140.6194657675658
DRK39,OUT045,1568.4725471880508
DRI39,OUT049,1226.8742278606048
FDV04,OUT017,1724.905432404264
NCN14,OUT035,2566.2620564528047
FDH08,OUT013,3550.95437295475
FDS20,OUT046,2843.014925177304
FDV40,OUT049,959.4303376495285
FDZ48,OUT010,290.1583267682133
FDS24,OUT027,1811.94311718711
FDK44,OUT049,2522.697301288897
FDS48,OUT045,1853.7826131564593
FDK26,OUT010,533.5123105206176
FDD23,OUT045,3121.621373588193
NCH54,OUT017,2356.847042010984
NCP14,OUT010,368.31767026364804
FDM60,OUT010,94.59830659530589
FDV24,OUT017,1815.3795677373018
FDH08,OUT018,2959.9203551706673
FDS12,OUT027,3245.1325941692894
FDR39,OUT027,5207.728678548658
FDP12,OUT027,937.7083826179338
DRF60,OUT027,6740.508732821581
FDC09,OUT035,1145.303339021175
FDF50,OUT018,3205.240860489589
FDG28,OUT035,2965.031800577762
NCE19,OUT017,1061.9541566856
NCM53,OUT010,297.6463405080503
NCN18,OUT049,2729.163724132821
FDF32,OUT035,2348.196441425657
FDF11,OUT013,3494.9535493522612
DRI59,OUT049,4477.6193659874225
NCG54,OUT035,3711.402811726046
FDM44,OUT046,1252.2852710733252
FDT57,OUT018,3143.603804804543
FDV24,OUT046,1806.5332693948856
FDI50,OUT019,640.4908336375318
FDS09,OUT035,749.5217895012341
NCC31,OUT027,3306.7334894281175
FDQ07,OUT019,514.5175399808008
FDC22,OUT017,3123.612286216362
FDZ56,OUT046,2924.2062911810203
FDZ40,OUT019,168.137246911477
FDS46,OUT027,2629.498969385201
DRD24,OUT045,2011.0179506305478
FDV45,OUT017,3593.587885663761
FDL26,OUT045,3268.188899378235
FDA56,OUT018,2347.1830115959847
FDN27,OUT046,1847.9447131701975
FDM20,OUT049,5359.406977813047
FDO16,OUT017,1608.6255649156096
FDL03,OUT035,3092.52856663699
FDE58,OUT046,2192.261103173411
FDI02,OUT027,2887.1227907980406
NCC55,OUT019,56.57703075336819
FDR03,OUT018,3590.1169903424197
FDB14,OUT017,1483.0607559786224
FDR45,OUT013,5640.839944986275
NCN07,OUT017,1789.5457388095836
FDM51,OUT019,294.5884398256758
FDT52,OUT027,5576.913984086563
FDL26,OUT046,3339.2410575186655
NCZ42,OUT046,3931.821192764293
DRI47,OUT019,377.84986923294514
FDW40,OUT013,2481.2439354230746
FDN34,OUT046,3156.4510176176314
FDS01,OUT035,3016.2536481740785
NCG55,OUT045,2169.632227034204
FDC11,OUT035,1888.1379769834066
FDX35,OUT018,3321.9586623439236
NCB06,OUT046,2626.685105402089
FDR09,OUT019,554.0611929735289
FDC53,OUT017,1414.6650117888012
FDY45,OUT013,3985.88683957485
FDA22,OUT010,440.1881777113146
FDE02,OUT035,1916.4146509917819
FDW21,OUT045,1653.491023800297
FDV34,OUT046,881.682427815961
FDS59,OUT049,1885.2572030938659
NCW17,OUT017,2937.8764809223526
NCK54,OUT046,1817.5344702133953
FDG17,OUT019,661.6156185692721
FDG35,OUT017,2189.50075340091
FDD08,OUT010,85.24370074969646
NCO07,OUT017,2892.3509948975893
FDJ10,OUT010,380.57022265986126
FDW36,OUT017,1424.882993761759
FDW21,OUT010,397.07036959032644
FDY19,OUT017,2379.56924842561
DRE03,OUT013,695.4383892080583
NCC55,OUT049,651.3925416456435
FDH52,OUT010,201.30804470314044
FDO09,OUT017,4616.032304058008
FDU43,OUT045,3005.969967480782
FDX09,OUT010,443.0487819815583
FDH40,OUT019,244.1154950440012
FDW58,OUT017,1803.000986250959
FDC47,OUT017,4386.829232945831
NCR41,OUT035,1857.668678547552
DRG49,OUT035,4216.885459070887
FDC52,OUT027,2622.639039168493
FDY13,OUT046,1265.2928240310855
FDY35,OUT013,873.3869963612766
FDI35,OUT017,3863.1069226340696
NCU18,OUT049,2277.2307562231335
FDY33,OUT018,3044.8985003856073
FDC15,OUT027,2886.6805332281824
FDU01,OUT049,3236.1399438113367
NCU42,OUT046,3559.6488361725637
NCV29,OUT018,2059.1831026448012
NCY30,OUT017,3136.299555033852
FDQ46,OUT049,1782.4626507285918
FDG58,OUT027,3263.724080945439
FDK33,OUT017,3817.1084424844857
NCD07,OUT045,1296.4686778838934
NCX29,OUT027,3388.967716134745
NCT42,OUT013,2146.9295878600415
DRN59,OUT035,815.0869832576296
FDI44,OUT035,1441.1786227083412
FDA45,OUT049,2789.813467713615
FDP31,OUT045,909.3160200595543
FDY01,OUT046,1842.399720429536
FDT09,OUT018,2011.0391824140816
DRH03,OUT027,1426.0120848706235
FDA36,OUT018,1995.026913767903
NCF31,OUT017,1798.6974158094727
FDG14,OUT049,3987.3897351735013
FDG28,OUT027,4272.4505377226615
FDU14,OUT049,4328.381923973213
FDY47,OUT019,320.80960659176725
FDI56,OUT049,1824.108908237197
DRD01,OUT013,859.1985385484694
FDM22,OUT046,959.2190121351475
FDH33,OUT013,757.4845415594692
DRZ24,OUT013,2678.2624495006075
NCQ38,OUT046,1421.8646908894284
FDO16,OUT027,2528.3116014349957
FDU07,OUT027,3250.1653222783134
NCB07,OUT013,3224.9516159278155
FDU48,OUT045,1009.9309184898348
NCM43,OUT045,2332.7937282764046
FDR31,OUT010,405.53279120788835
DRK49,OUT018,537.4178399820952
NCI30,OUT010,544.800909952108
DRD60,OUT017,2890.350221717507
NCG19,OUT046,2557.6827447522014
FDH12,OUT035,1580.7434241268272
FDM32,OUT035,931.2563352222489
FDM27,OUT035,2622.3334675903275
NCU53,OUT027,2529.7283547790935
NCQ18,OUT046,1977.6643682674385
FDS10,OUT013,2857.731756085291
FDB33,OUT027,4642.204413566389
FDI12,OUT013,1167.0661510339453
NCW42,OUT013,3156.137748840845
NCC06,OUT018,2830.9279634415147
FDW02,OUT017,2594.1688265307007
NCD43,OUT017,911.8562058320038
FDM57,OUT018,1048.7270763852753
FDA58,OUT017,2566.114756371731
FDK56,OUT046,2704.38080132924
FDP52,OUT045,4252.634681898622
FDW20,OUT018,1766.6404253997075
FDS52,OUT049,1575.4833477168847
NCT29,OUT018,1555.748007917105
NCL54,OUT013,3331.2078518686676
FDC05,OUT045,2883.751222591337
FDF34,OUT035,3102.8346478074072
FDP03,OUT027,3181.970737894562
FDD32,OUT010,239.38562551902038
FDZ10,OUT045,1814.688998731144
FDZ40,OUT035,975.2253437460057
FDD51,OUT018,495.18719637293316
NCY30,OUT019,440.64441875613153
FDP58,OUT017,2972.1559979114636
FDV49,OUT017,4871.434617962454
FDY24,OUT019,158.39778072546514
NCO55,OUT017,1472.7544359562692
FDR13,OUT017,1484.60935017021
FDS51,OUT017,986.49377779324
FDP26,OUT045,1175.1598674289546
NCB54,OUT027,2960.981480619781
FDF32,OUT017,2289.882724688571
FDN31,OUT018,2182.8400522539064
DRM48,OUT017,845.554967051135
FDN20,OUT049,3422.282301811391
DRL01,OUT046,4187.095644968038
FDV56,OUT049,1157.7832354823847
DRH13,OUT027,1551.9604693863528
FDA03,OUT017,2412.663633053366
FDF47,OUT027,4330.900711279117
FDX32,OUT046,2021.6235266712388
FDX57,OUT049,1704.5203466653936
NCA30,OUT045,2437.7841420018226
FDO49,OUT013,841.3542823717419
FDL04,OUT019,323.5947161783034
DRM48,OUT035,870.8431537246267
FDR16,OUT013,4673.644966553769
NCC19,OUT018,3363.822611846479
NCE42,OUT045,4453.755610079823
FDY24,OUT017,946.9311768424984
FDH19,OUT049,3059.9101333648723
FDJ46,OUT013,3074.216262296511
FDN45,OUT010,553.2383146236044
FDY08,OUT035,2103.5487603723054
FDZ37,OUT035,1291.5015353701938
NCT30,OUT045,601.160176039528
DRY23,OUT018,520.1882476954722
NCZ30,OUT018,1758.9479224118406
FDC44,OUT018,2097.6689344683223
FDB45,OUT035,1421.7546025855445
FDY04,OUT013,2479.8346087597693
FDM27,OUT046,2406.9956451741755
FDZ43,OUT017,4646.658531962206
FDT39,OUT019,387.7792571235877
NCC06,OUT019,384.8568381554097
FDL15,OUT027,2456.5055896853787
FDL57,OUT017,4663.875818434573
FDU08,OUT046,1462.8033887640288
FDK40,OUT017,4707.5185350732645
FDQ12,OUT010,544.6743410565061
FDS48,OUT017,2130.692962898665
FDP09,OUT045,3496.9664950850456
FDW21,OUT049,1712.1394371745253
FDY25,OUT035,4943.167391310744
DRE13,OUT017,1603.8821765130995
FDV43,OUT019,96.13947427997927
FDD22,OUT045,3077.7216929703523
FDM46,OUT019,295.3029460105985
NCO30,OUT010,476.46890372660965
FDM25,OUT046,2957.681597634389
NCN41,OUT049,1489.2896086460137
FDU24,OUT045,1773.964444228307
FDZ50,OUT046,5088.546307695493
FDP45,OUT013,3455.138214557141
NCM54,OUT045,2282.805729103792
FDW10,OUT019,440.9869451427057
FDP20,OUT017,1346.0390813344475
FDK32,OUT046,3421.614564228871
FDN52,OUT049,1538.354008998692
FDM58,OUT045,2005.940975088879
FDZ46,OUT027,2349.1787148768167
NCA18,OUT018,1084.278374624703
FDD35,OUT046,2172.538605566625
NCK31,OUT035,837.196107934745
FDI40,OUT027,2562.293936156569
FDT50,OUT019,269.32814644445153
NCT06,OUT046,2212.951671737978
FDT31,OUT035,3317.7378281940278
FDT45,OUT049,944.2369635399464
FDT13,OUT045,2536.187398429128
FDO50,OUT045,1668.4295218399243
NCU18,OUT010,359.11499805857113
NCR54,OUT049,2630.8752635970764
NCO18,OUT018,2862.390925011584
FDU09,OUT045,1790.4848007461783
FDT13,OUT018,2361.9656701045365
FDE09,OUT046,1231.9690022017485
NCK53,OUT019,341.61806383890547
FDG45,OUT049,4337.670047290669
DRH15,OUT035,885.0324772393591
FDO21,OUT019,499.98856445616025
FDD14,OUT027,4454.794446636019
FDC09,OUT046,1093.5827718605562
FDH45,OUT027,973.9027153629427
FDV32,OUT046,1153.7392363357449
FDG12,OUT035,2143.604682703982
FDS32,OUT013,2084.513208111399
NCL55,OUT018,3377.6762017242236
DRE01,OUT035,3378.597726826164
DRE15,OUT049,1314.5259502603337
NCL42,OUT045,4953.930489029441
FDP31,OUT013,930.0893395142836
FDN33,OUT018,1139.615366004235
FDZ59,OUT046,2900.409449737833
FDE45,OUT010,450.4411693936633
FDJ07,OUT013,1614.3754545788822
FDQ45,OUT018,2257.4644745791516
FDM33,OUT027,6364.170770916107
FDO15,OUT010,244.21540556225568
FDM46,OUT013,1855.203168838895
FDR03,OUT045,3918.5818803971147
FDY49,OUT018,2077.865856731987
FDQ60,OUT045,844.6591126335957
FDW10,OUT049,2987.9731324056606
FDO51,OUT049,787.8308198768042
FDJ40,OUT018,2005.9220967207618
FDS20,OUT018,2596.8452051191043
FDU45,OUT013,2178.1700377510665
FDV02,OUT035,2795.203025720219
FDN09,OUT046,3087.929195235433
NCM55,OUT027,4081.8060450935977
FDN23,OUT018,2489.450084420186
FDY31,OUT010,401.64834179896394
FDW03,OUT010,371.86476121798114
FDD14,OUT046,2719.1355624655002
FDV23,OUT017,2159.746774248661
DRI03,OUT045,2892.618442782143
FDN13,OUT035,1208.717559826793
FDF45,OUT027,1823.0297306713308
FDU46,OUT035,1560.1766573188304
FDB57,OUT049,4181.765963127622
FDV12,OUT049,2133.326421995787
FDQ58,OUT013,1828.07946358817
NCA18,OUT017,1249.1708423692244
FDH52,OUT049,945.1570133764362
FDM24,OUT018,2057.7985126730564
NCP43,OUT027,3813.6365225239006
NCO18,OUT019,444.22263415649917
FDM32,OUT017,915.2798477001477
NCL07,OUT017,605.8252763729337
FDK03,OUT013,5090.099292968349
FDP59,OUT017,1521.0956419602085
FDQ24,OUT049,4236.050786458616
FDQ16,OUT018,1910.3119376094257
FDU44,OUT013,2775.737507217711
FDH28,OUT010,47.74387223436858
FDV28,OUT019,46.38795598037548
FDM22,OUT045,1026.413078583568
FDR56,OUT046,4100.252821256949
FDV39,OUT049,2985.804763816431
FDU37,OUT019,323.45475978874816
FDQ11,OUT010,786.8710822895666
FDX02,OUT045,3941.3397605282776
NCS42,OUT018,1599.6795119600479
FDY57,OUT027,2383.0282309892364
FDB21,OUT049,4555.662740352647
FDE28,OUT017,3476.8404813137236
FDQ55,OUT017,2258.1723191287983
FDA48,OUT049,4219.803005968437
FDZ19,OUT045,2887.2925794726752
NCC43,OUT045,2869.0251464926473
NCV18,OUT046,2497.982342709543
NCA42,OUT018,2596.928936641241
FDY45,OUT046,4016.208676559376
NCC30,OUT045,2047.1146399628592
FDM57,OUT013,1252.4041970912126
FDL09,OUT010,367.5162037307915
FDB09,OUT027,1974.9777814925424
FDT44,OUT035,1576.4178421881368
NCT06,OUT027,3390.9558932217374
FDX26,OUT049,3014.9710357018675
FDK32,OUT013,3452.521098999915
DRA12,OUT046,1974.4162099367927
FDO46,OUT010,462.36720386666025
FDE52,OUT013,2965.462896028956
NCH42,OUT045,4183.114336607989
FDV08,OUT035,627.2864877147284
FDB47,OUT018,2251.4337579252315
FDC28,OUT010,293.2818744290466
FDD22,OUT046,3104.0554083772076
FDS07,OUT027,2298.940789169231
DRI13,OUT045,3125.2325260301704
FDG32,OUT018,3508.9098172786894
FDU14,OUT017,4329.186518166782
FDD28,OUT019,203.47211542214748
NCP41,OUT017,1151.9975150235473
FDS08,OUT049,2455.8473431909106
FDX47,OUT045,2398.6272312836786
FDC53,OUT019,264.87451073186185
FDQ19,OUT035,4926.414846680553
FDL14,OUT045,2094.6288836337935
FDM33,OUT019,529.7688754109541
FDA51,OUT045,1917.86489218815
FDZ27,OUT018,527.8852103269702
FDT04,OUT046,601.9934560900609
DRC13,OUT049,1712.183497360033
FDR16,OUT027,6898.107559304359
FDQ03,OUT027,4052.80874027633
FDE38,OUT035,3538.298615811792
DRH23,OUT027,1479.743960866391
FDT11,OUT019,475.8053370292425
FDD09,OUT035,3561.308726797855
FDR40,OUT045,1484.4087022314727
FDX07,OUT017,3039.5374828418026
FDR07,OUT035,928.1018929032049
FDA51,OUT017,2065.5710481585515
FDT59,OUT019,614.4793205080917
FDF20,OUT017,3550.5473764033845
FDR13,OUT045,1384.7465474168669
FDY26,OUT049,4274.818057485556
FDW04,OUT017,2647.7582829780963
FDK52,OUT017,4272.092465191481
FDN60,OUT049,2982.0763906972566
FDM09,OUT019,340.53383106838936
FDP46,OUT049,1538.700281220706
FDB50,OUT019,268.3648141853337
NCQ29,OUT049,2504.0411810958294
FDP16,OUT027,5777.9403134214845
FDX33,OUT018,2465.4209229021526
FDP07,OUT010,633.4285088674886
FDN22,OUT046,3475.6449249572934
FDF39,OUT049,5508.95721259616
FDS21,OUT017,660.7455347883089
NCM42,OUT013,1549.1613344917168
FDK50,OUT019,432.2034041562277
DRF13,OUT027,4297.222648427998
FDH35,OUT018,2146.2105552030994
FDP60,OUT018,1427.0518056536719
DRJ49,OUT027,2959.8519007082227
NCT42,OUT019,356.75520586322136
FDE38,OUT049,3500.5681627325093
FDI04,OUT049,3318.3341135175
NCH54,OUT045,2190.5337553840936
FDT56,OUT049,920.5353501064073
DRD15,OUT018,2574.282351874231
FDV58,OUT013,2566.372213801514
FDP21,OUT049,3770.8188489221493
FDH05,OUT013,3999.358699876685
FDR10,OUT027,3263.04246447968
NCP06,OUT045,1881.1954704676727
FDF33,OUT049,1900.3572072741886
DRK37,OUT013,3549.606764659168
DRH49,OUT045,709.5056320437659
FDT58,OUT013,2260.524402278776
FDD41,OUT018,1481.2903908914984
FDP40,OUT018,1389.9248396646237
FDM51,OUT027,2398.641361032318
FDO45,OUT010,256.2714404757241
FDW33,OUT010,301.73916036057676
FDY24,OUT045,820.4325153033785
FDB10,OUT010,490.39624848613937
FDM40,OUT035,2142.9169983271186
NCI06,OUT017,3328.906019074542
FDW12,OUT019,355.20381594630504
FDX48,OUT027,2651.2486767538458
NCW05,OUT027,4600.138560792444
FDX27,OUT017,1272.063456878328
DRM37,OUT045,4055.3340278117325
FDA38,OUT045,2424.9446070813538
FDR36,OUT046,681.0691145537927
FDZ45,OUT046,2979.594051145492
FDG05,OUT017,2357.8621732393385
FDK28,OUT013,5064.3451055088335
FDV47,OUT045,1263.5586985235204
FDN21,OUT045,2019.2509995953696
FDP20,OUT027,1936.202084423017
FDI35,OUT045,3541.640599467461
DRY23,OUT013,592.0194672501328
FDA56,OUT017,2673.7501490755158
FDB09,OUT013,1335.3328491910295
NCO26,OUT027,3246.829037021741
FDQ49,OUT018,1718.9388370462614
FDI52,OUT027,2387.720286741445
FDZ44,OUT027,1896.1462821024575
FDZ09,OUT018,2487.2357113116764
FDY03,OUT049,1672.4138620199092
NCG42,OUT017,1960.5316374252654
DRI13,OUT027,5104.162622964601
FDQ32,OUT013,2203.7333974284975
FDW16,OUT035,2270.239674195231
FDU27,OUT046,911.2078488577453
FDR28,OUT010,409.23657382175975
FDQ49,OUT010,356.6624536215129
FDS37,OUT046,1573.0770616852167
FDW26,OUT018,2523.7038844151803
FDX12,OUT018,3388.797519499134
NCP06,OUT013,1968.6770446560922
FDW45,OUT010,390.7241107481918
NCN30,OUT049,1114.9688918862423
FDN24,OUT049,973.3325528127816
NCL41,OUT027,936.6159177747965
FDR02,OUT019,321.18874716375507
FDD09,OUT010,434.1915264270437
FDS33,OUT010,329.54434649900264
FDU22,OUT045,2231.205758573663
FDI53,OUT013,2049.946296750139
DRH01,OUT049,2800.218011691056
FDX32,OUT013,1966.0940868632645
NCP30,OUT018,667.380171710548
FDB60,OUT045,2815.3070585685196
FDB14,OUT049,1511.4656149992686
NCP02,OUT035,1055.1362619499748
FDJ10,OUT017,2304.5144005264665
FDG34,OUT046,1397.1916250862907
NCB18,OUT017,1690.4813542993447
FDM16,OUT049,1396.172777150492
FDW25,OUT018,1043.9145693516327
FDB35,OUT010,278.59876892621764
DRN11,OUT013,2211.656209786343
FDF41,OUT019,608.6927758668699
FDH16,OUT045,1380.408331054868
NCQ50,OUT018,3681.98647116046
DRH23,OUT018,791.2393730526443
DRJ37,OUT013,2797.3337736834474
DRJ24,OUT027,3867.324391940737
FDY16,OUT035,3714.582367580804
FDQ27,OUT045,1660.5733478844813
FDZ33,OUT045,1933.4705712382
FDF29,OUT045,2059.1968560357714
FDA08,OUT049,2401.9816078946224
FDG31,OUT046,834.7954335868757
FDE34,OUT019,657.2551461725119
NCR30,OUT027,1232.8017451585704
FDV33,OUT035,3512.1931966541383
DRZ24,OUT018,2251.545803468035
NCL54,OUT035,3465.881039283883
FDR12,OUT049,2382.3814538552992
NCC54,OUT046,4236.203462122519
DRN59,OUT013,789.3590835991782
FDX50,OUT019,295.0271046716076
FDV31,OUT027,2898.0670691983864
NCA29,OUT027,4563.079410162105
FDW60,OUT049,3174.0243541162076
FDX08,OUT017,2501.062749128582
DRD49,OUT013,3676.2519686588407
FDD33,OUT046,4448.648663648362
FDW35,OUT013,593.0381986321859
FDJ36,OUT017,1478.220421709861
FDV51,OUT035,2435.0457166912506
FDW36,OUT046,1419.8293322438544
FDH35,OUT046,2366.437024911043
NCS30,OUT027,3193.3972738058314
FDN49,OUT017,590.1042980807944
FDL08,OUT018,3159.1245882816443
FDI09,OUT013,3885.393741994572
FDP19,OUT018,1854.6272903848055
FDU21,OUT010,38.97598453967187
NCP41,OUT045,1064.7738838091234
FDY10,OUT013,2101.0159475913397
FDP12,OUT018,500.771738586895
NCN26,OUT049,2045.322138210925
FDK44,OUT013,2427.528382912304
FDC28,OUT049,1524.075552558085
FDJ41,OUT027,5532.275534445667
NCT29,OUT035,1880.2036478608584
NCH42,OUT019,538.1300600665002
FDU60,OUT018,2874.964191534743
FDS02,OUT045,3538.3280998876858
FDC51,OUT046,2121.8783552052264
FDU03,OUT013,2585.2673473808
FDX39,OUT045,3903.0897547116215
NCY05,OUT010,90.32673581705016
NCL06,OUT027,4827.283156158928
FDD32,OUT035,1084.5210835541104
NCN41,OUT045,1377.0011145261915
NCX53,OUT049,2206.1787745201414
FDU57,OUT019,378.9631918218577
FDQ23,OUT046,1783.2930417991251
FDQ52,OUT045,5026.867215696171
FDC14,OUT045,637.4893302501231
FDY09,OUT035,1358.2190757846001
FDQ28,OUT045,3189.1038785946607
FDV25,OUT046,4525.391142264511
FDJ07,OUT035,1662.894555784423
DRB25,OUT049,1825.0669298131024
FDK52,OUT019,639.1979370269084
FDY52,OUT027,1411.5261888139557
FDB28,OUT046,2251.194771723456
FDT36,OUT035,718.6431520205499
FDV25,OUT017,4692.145668163515
NCN07,OUT027,2671.84672939106
FDC57,OUT017,2373.122444213581
FDQ03,OUT018,2298.0023888844844
FDU23,OUT017,3001.224272577272
NCX41,OUT035,2843.5494957933884
NCD06,OUT035,757.7903123911937
FDW08,OUT045,1393.2814014009891
NCU29,OUT017,2747.516482322737
NCE06,OUT013,1709.3848640106849
FDV52,OUT010,357.20701155822417
FDB02,OUT017,3376.48611577908
NCR18,OUT045,616.3729031478965
FDK16,OUT049,2072.078734864842
NCQ29,OUT010,471.6733085024928
FDZ01,OUT019,307.1584551366947
FDW27,OUT035,2280.527791084615
FDD17,OUT018,3379.8491698629537
FDW39,OUT013,2515.7338113377136
DRH59,OUT045,737.6936562494931
FDS52,OUT013,1605.6261623073012
FDU40,OUT027,4143.803274546728
NCF54,OUT013,2615.1317668852644
FDH46,OUT045,1442.590580716321
NCP14,OUT049,2418.9609211710067
FDH50,OUT049,3152.2229689516976
DRF15,OUT010,288.20834748469747
FDV27,OUT027,1644.4342286974816
NCJ06,OUT049,1661.2193379765545
FDN02,OUT018,3505.915427462631
FDQ51,OUT049,828.7066599352717
FDQ07,OUT017,3765.063209525248
FDS45,OUT049,1941.1653263784096
NCJ06,OUT045,1556.07868021258
FDD36,OUT035,1687.7060952466657
FDY25,OUT045,4412.929046762672
FDU52,OUT046,1971.3268474813617
DRK47,OUT017,3435.0740799747405
NCL30,OUT017,2752.887613647253
FDN22,OUT035,3710.977737694029
NCF30,OUT027,3028.2644247300072
FDK03,OUT035,5440.104664561799
FDT45,OUT017,938.1842136299741
NCC54,OUT027,6236.82346922997
FDP08,OUT018,3275.970817141441
FDU44,OUT046,2742.708145844075
DRG39,OUT035,933.1453886593417
FDU32,OUT049,1934.602296119253
FDY27,OUT049,2417.990309740757
NCP54,OUT013,2105.590672268929
NCZ41,OUT049,1874.9823203851358
DRL49,OUT013,1380.1544921823124
FDI05,OUT018,1273.8251178071066
FDY56,OUT045,4066.4508085562343
DRC13,OUT013,1675.3145997644804
NCV29,OUT017,2495.2696008188364
FDR24,OUT049,1485.151096484798
FDZ34,OUT018,3414.7090290721367
FDP37,OUT035,2329.8353178789152
FDX08,OUT027,3726.1651649874
FDS57,OUT045,1970.2460126423437
NCG18,OUT049,2023.4802899463361
FDK25,OUT018,3296.3706623287517
FDH53,OUT049,1310.8105536898756
DRI59,OUT018,3671.4208452899925
FDA52,OUT046,3001.9649421904787
FDT20,OUT010,132.0015621114094
FDE36,OUT019,455.1790814004924
FDI24,OUT017,3516.7275630872955
FDB28,OUT018,1944.5769804160539
FDV11,OUT017,2115.9379669438154
FDP01,OUT046,1582.4076351769156
FDD34,OUT027,3743.847311184061
FDJ50,OUT027,1479.2165067010421
FDZ44,OUT013,1242.0645076084973
DRO59,OUT035,1143.5684912346549
DRB48,OUT045,670.8680362451798
FDR21,OUT018,2246.7911458886165
NCE42,OUT010,540.7896942942837
FDO23,OUT046,1566.2599329445995
NCE30,OUT018,2191.058389144107
FDQ22,OUT035,681.9643211569204
FDY01,OUT045,1799.2076385170164
FDS08,OUT017,2469.1193674909714
FDG28,OUT018,2473.4921773300393
FDQ51,OUT018,700.107453311875
FDB05,OUT017,3505.1811268409097
FDO56,OUT049,1256.821632043038
FDE02,OUT018,1471.7959226346961
FDN45,OUT017,3609.0504229622093
FDS09,OUT013,707.473565371827
NCA54,OUT018,2080.7852893644235
FDP09,OUT010,511.80449293113645
FDC53,OUT045,1327.200059367432
NCM55,OUT017,2641.846581344018
FDL09,OUT018,1756.0323304299402
FDA11,OUT019,287.0911004969568
FDA50,OUT045,1304.3849168656648
FDC23,OUT017,3207.5594643618588
FDE22,OUT049,2109.340368195076
FDD23,OUT046,3278.2798559376583
NCA29,OUT049,3021.8580615059673
FDK38,OUT046,2275.5826049811217
DRC13,OUT046,1655.3843033529392
NCP43,OUT049,2532.926369992954
FDX28,OUT049,2068.7522776543397
FDF08,OUT049,1436.6029371893706
FDZ33,OUT046,2010.9807639683972
FDD10,OUT049,2121.4320554736123
FDO58,OUT017,2722.9448375372767
FDI50,OUT017,5492.11286584164
FDO58,OUT045,2544.0635897715056
FDX08,OUT013,2455.848753022908
NCK17,OUT010,91.16809047117522
FDF39,OUT035,5833.373041600287
FDU45,OUT010,336.34784655969116
NCJ18,OUT018,1839.9208138608517
DRC27,OUT019,528.7258226625579
DRC25,OUT035,1335.4728425222072
FDU59,OUT035,3234.108569935465
FDU28,OUT035,2369.0642374259664
NCP30,OUT046,753.3873060413587
FDB39,OUT018,633.0154677223844
FDE41,OUT013,1074.3584422865908
DRH11,OUT010,190.77648448257284
FDA58,OUT045,2349.1012162443776
FDU50,OUT046,1809.4833472141313
FDM34,OUT013,2032.0644163729653
FDM44,OUT027,1950.0297047750273
FDR39,OUT045,3485.7092986257167
FDM25,OUT045,2880.6746755922527
FDQ49,OUT049,1955.4556756193406
DRH25,OUT018,677.4933638234712
FDM09,OUT027,2635.6569981455405
FDL44,OUT019,392.98743997871725
NCR42,OUT018,519.208782569487
DRL59,OUT046,738.7923206512829
FDX43,OUT013,2001.831689178977
DRK47,OUT010,576.1411849238608
FDU48,OUT018,926.6651885514727
FDY12,OUT045,602.1146217018745
NCN43,OUT018,1753.5922328095928
NCM55,OUT018,2234.4293969075457
FDQ21,OUT027,3519.248051337598
FDX13,OUT035,5169.0639587829155
NCK30,OUT027,5164.642743299972
FDG20,OUT049,1720.0030741037485
DRG27,OUT017,627.5261126521316
FDY14,OUT018,4260.816938289201
FDP59,OUT035,1604.471957089533
FDU60,OUT017,3173.5414887840984
NCC18,OUT019,431.73733167562716
DRJ39,OUT017,4290.322658979485
FDS07,OUT049,1590.6377467347268
FDM08,OUT027,5369.844301324099
FDP51,OUT045,1669.3760705358627
FDU16,OUT035,1315.7304765914605
FDH12,OUT013,1525.4349977859558
DRE48,OUT010,552.1014721983036
NCL42,OUT027,7376.009530762698
FDR21,OUT045,2433.7328099324604
NCW29,OUT035,2084.6838695709034
FDO11,OUT013,4701.754830315464
NCM31,OUT049,2292.281145166885
FDV35,OUT019,440.4332674745726
FDF58,OUT017,968.4591454680082
NCE43,OUT049,3098.9466774533494
FDA02,OUT035,2157.558712200022
DRL37,OUT010,125.8824203639324
FDR24,OUT018,1284.137530459815
FDW59,OUT049,1293.287946224367
FDS22,OUT049,616.3263780132239
FDW24,OUT017,764.9301594270261
FDU24,OUT035,1926.9287376321556
FDA21,OUT027,5388.561599488437
FDH58,OUT027,3308.993503128561
FDW36,OUT018,1200.1200189536053
FDI45,OUT027,4658.183881791756
FDU01,OUT018,2815.107551846662
FDF35,OUT027,2343.3630472227305
FDU43,OUT019,515.1879886058148
FDE24,OUT019,324.563269988679
FDK50,OUT049,3180.346962220729
FDG31,OUT045,922.257186248754
FDC60,OUT045,1253.262431252343
FDL36,OUT013,1171.1934262403656
FDP21,OUT013,3672.638328249039
FDW16,OUT045,1967.4715722629958
FDX02,OUT017,4108.946593182214
FDQ58,OUT027,2686.990247512397
FDT51,OUT046,929.027398232711
FDD59,OUT049,1486.472368111037
NCM42,OUT018,1334.5113234241496
FDA57,OUT018,808.848388251475
FDZ48,OUT035,1484.3438674875686
FDE46,OUT045,1650.93201881743
NCZ30,OUT019,321.1226786673449
FDB56,OUT017,3690.630517760998
FDA25,OUT027,2467.6643946465497
FDD20,OUT013,2755.189124777982
FDL25,OUT013,826.8806132786677
NCO18,OUT049,3402.038494655354
FDJ45,OUT017,717.2413914783801
FDR12,OUT035,2502.3440641160137
NCF19,OUT010,98.64007865387009
FDK25,OUT046,3315.3246649963494
NCR17,OUT046,2187.4581012462636
FDC52,OUT046,1820.234475365085
NCA54,OUT017,2466.0087610433898
FDR45,OUT010,766.5166828584568
NCM19,OUT049,2625.091956488519
FDF39,OUT027,7849.1241904038525
FDX23,OUT049,1039.5904203025907
FDD58,OUT027,2282.518256938471
FDX28,OUT013,2024.9700660357762
NCD31,OUT013,2572.8347191874636
FDU57,OUT018,2087.205041723697
FDI27,OUT046,719.4762896192867
NCM42,OUT046,1537.612663020098
FDD32,OUT027,1826.131661851031
FDI34,OUT013,4074.5708985367214
NCM29,OUT049,2174.54969317518
FDG46,OUT018,1860.0025334513598
DRC01,OUT010,175.59961640066362
FDB15,OUT027,5761.468423479957
NCA17,OUT027,4309.24241804327
FDF10,OUT046,2088.5828113414846
FDR26,OUT027,3137.9394333436717
FDI02,OUT049,1930.4670474285736
NCM54,OUT010,370.4977606493495
FDF14,OUT013,2384.8484765137596
FDJ33,OUT010,380.9733430151897
FDM20,OUT035,5595.239983132316
FDC03,OUT027,5214.414865623592
NCX05,OUT046,1542.5659068090022
NCM41,OUT027,1658.588699849719
NCU29,OUT010,390.3460755884373
FDQ59,OUT017,1398.4363699756127
FDH46,OUT010,290.3566699366109
FDH09,OUT013,683.0225965952238
NCD06,OUT045,697.29585255904
FDC15,OUT035,2011.8029020896413
DRD37,OUT027,1383.940342896625
FDT28,OUT027,3733.6808047547997
FDR28,OUT027,4197.945858536721
FDT38,OUT017,1315.1999713235314
FDV34,OUT027,1370.356499292943
FDY52,OUT035,839.5128726762441
FDB34,OUT013,1475.2972091996173
DRL23,OUT018,1521.3935439260324
DRB24,OUT046,2814.9711192865147
FDJ50,OUT046,922.6071112111301
FDQ49,OUT035,1982.085798077025
FDP20,OUT035,1373.3669034506868
FDV19,OUT027,4420.518730966856
NCR54,OUT045,2323.6224246133497
FDO09,OUT010,647.1451627039318
FDS57,OUT018,1777.508800664507
FDN10,OUT049,1661.4341244563238
FDV23,OUT049,2168.6862884314287
FDY28,OUT049,3737.4003550971875
DRG51,OUT013,2245.586763325987
FDD45,OUT019,284.8408665649033
NCL18,OUT027,3962.584650447491
NCM29,OUT013,2122.413145628178
FDF17,OUT027,5353.133786558305
FDE22,OUT017,2099.7293036964365
FDQ22,OUT017,674.4541048703816
FDS01,OUT013,2898.5247930779474
FDW35,OUT027,973.4002499049001
FDJ33,OUT046,2481.675930344516
NCF54,OUT035,2770.4183603146025
FDE09,OUT013,1214.2387068862236
NCE06,OUT045,1604.3222036280488
DRH49,OUT049,783.4674706740508
FDY43,OUT045,1126.097134320349
NCT05,OUT017,3672.659253472426
FDZ34,OUT045,4254.4587046697
FDL38,OUT017,1537.3220938224995
FDZ31,OUT017,3164.8021799000926
FDR14,OUT035,703.8626694213905
NCN54,OUT049,910.1935817167348
NCC42,OUT027,3088.5421890016237
FDK08,OUT017,1258.1663496676554
FDP59,OUT013,1556.4219575873847
FDV22,OUT035,2778.723223671319
FDD33,OUT035,4695.018443400231
DRE60,OUT027,6577.044138095291
FDK52,OUT046,4179.096819222792
FDA02,OUT017,2044.7599642027326
FDM56,OUT049,1190.0079579009005
FDE57,OUT035,2986.7611642858583
FDM32,OUT045,856.4300642016532
NCQ30,OUT027,1710.2770631518968
FDQ27,OUT027,2441.4343766881007
FDT60,OUT027,3001.0983453127706
FDU43,OUT049,3324.4073654127806
NCO55,OUT035,1552.4895767757282
FDG02,OUT045,2150.5181053472347
FDJ28,OUT013,2938.9197633754497
FDP40,OUT045,1533.4781097691598
FDJ38,OUT045,3861.8628483698362
NCC54,OUT017,4325.830744125253
NCZ41,OUT046,1830.3016099476527
FDK38,OUT019,506.5469657413413
FDU52,OUT013,1998.8577257616257
FDC40,OUT046,1216.6387587387107
NCR30,OUT017,729.4486261479673
NCN18,OUT017,2655.8259135060393
FDB50,OUT035,1525.0029648360742
FDG04,OUT013,2509.54217935816
FDR26,OUT035,2115.2844465452677
NCT17,OUT018,3098.119804581302
FDX35,OUT027,5555.4569074841565
FDS12,OUT046,2105.4045806872628
NCZ29,OUT027,2698.0525323897045
FDB38,OUT010,419.81180252848515
FDP12,OUT013,565.0214420266034
FDP22,OUT046,693.1493283646605
FDS26,OUT018,4199.644388150249
FDR52,OUT046,2830.960685552777
DRJ13,OUT046,2293.9487003258187
FDU48,OUT027,1623.4859741294786
FDE29,OUT035,1064.8601605123813
NCT29,OUT049,1843.7844105637691
DRK37,OUT018,3348.2590917809957
FDK55,OUT046,1053.9091732783133
FDR07,OUT046,888.2504793115041
FDO21,OUT027,4188.67289539314
FDK46,OUT049,3127.252735582335
FDB12,OUT045,1648.0439957283595
FDT31,OUT027,4995.417102634188
FDJ33,OUT045,2339.4699969245075
FDC26,OUT027,1993.3998838638688
NCQ02,OUT045,3341.3952386583087
FDP08,OUT010,531.459831383299
FDB11,OUT027,6576.489037791989
FDV55,OUT013,2683.917025165355
FDW20,OUT049,2060.1785552130405
NCJ18,OUT019,355.9127951581258
FDC41,OUT018,1117.2210369715594
FDE14,OUT027,2868.091116924164
FDG35,OUT013,2185.344788935003
FDF45,OUT035,1181.4129291843824
FDS19,OUT027,1944.1163895166799
FDS58,OUT019,394.35742539115586
FDA26,OUT017,3844.4114960508846
FDM32,OUT049,909.4478420833823
FDL45,OUT046,2428.9865125220663
FDZ55,OUT049,3344.1574309373923
FDY37,OUT049,2867.564367104807
FDO46,OUT046,3196.14251567849
FDQ60,OUT046,867.3576805902993
FDA19,OUT018,1382.7871989592602
FDL15,OUT046,1691.5471319135204
FDM10,OUT018,2738.5116474808715
NCL05,OUT017,643.2776167810017
DRK49,OUT010,60.28214058695208
NCE18,OUT027,6317.4373556876435
FDG40,OUT049,654.8241516907834
DRI59,OUT045,4124.314991458712
FDK28,OUT035,5254.900187258685
NCD06,OUT019,104.49653149718634
FDO11,OUT019,724.4627214802503
FDK27,OUT046,1821.748629627944
FDT43,OUT027,1217.0532867673676
FDD38,OUT018,1471.371220699789
FDA16,OUT049,4349.810611902125
FDL14,OUT027,3362.414061501415
NCM17,OUT049,1016.1439284529838
FDD20,OUT045,2706.965156337161
FDA40,OUT045,934.3646574626287
FDL43,OUT045,1278.7445325255585
FDV15,OUT045,1913.0189855336798
FDE52,OUT046,2945.1581991363305
NCL17,OUT010,399.56711684452245
NCJ31,OUT045,3655.556637516544
FDR60,OUT045,798.6536089944071
NCA18,OUT035,1283.6567685169107
FDS21,OUT027,1216.1623851935246
FDW09,OUT035,1035.7743472234113
FDL26,OUT035,3409.933008593965
FDS47,OUT018,1311.7274448061964
FDC39,OUT046,3454.353744086488
FDT51,OUT035,981.5881413364847
FDK40,OUT035,4759.101955152868
NCG19,OUT045,2489.9200607754406
FDZ07,OUT046,846.0583698811938
FDF08,OUT027,2173.7879748866544
FDO04,OUT013,810.4446474780036
FDK41,OUT018,1200.0161380911243
FDP15,OUT049,5381.208717685289
NCD43,OUT018,781.3188888847386
NCP18,OUT013,2839.841133471675
FDZ51,OUT046,1390.436380365116
DRH13,OUT035,1094.7976434611423
FDF38,OUT045,560.7334096432589
NCI43,OUT045,780.08018739112
FDM38,OUT027,1833.4373919669024
FDS03,OUT013,1141.0703844967095
DRJ47,OUT017,3325.9912842953117
FDT50,OUT010,270.1419030344252
FDV02,OUT046,2662.40901323517
NCG18,OUT017,2034.9353959638147
FDW52,OUT046,3385.9666034053107
FDS40,OUT035,639.1535859283666
FDN31,OUT017,2600.3490485358725
FDA37,OUT045,2074.04865725932
FDA15,OUT046,4954.999567002316
FDL39,OUT046,2600.678972006602
FDJ53,OUT045,1640.2144359532456
FDX22,OUT013,3562.636101142688
NCZ42,OUT045,3955.7035656148155
FDD56,OUT027,4624.872252190546
FDD40,OUT017,3480.825412507521
FDS50,OUT013,3413.4864259338474
NCN14,OUT013,2248.5245475397596
FDT15,OUT013,2309.9446671135297
NCS18,OUT027,3145.9261174901644
NCO26,OUT010,344.8080606855817
FDF58,OUT018,819.7591539476255
NCB19,OUT013,1469.7473193316587
FDH26,OUT017,2090.565102791321
DRB24,OUT027,4448.351682247361
FDA49,OUT018,1027.2405267282727
FDB32,OUT045,1577.7180693299892
FDI36,OUT017,3108.4099266407097
NCA17,OUT010,415.93690755365196
FDH22,OUT013,2007.2522107312145
NCM26,OUT018,2151.4727776538
FDT15,OUT027,3555.9017528217632
FDB16,OUT018,1005.8479071254808
NCP54,OUT027,3198.831776322021
FDJ36,OUT013,1477.3259853960824
FDO28,OUT045,1294.880511391839
FDU09,OUT013,1889.9275309059688
FDF29,OUT017,2182.4026929875818
FDY08,OUT013,2034.3549136651095
DRJ59,OUT018,503.8125733803694
FDT23,OUT027,1866.3529018305371
FDU15,OUT018,627.4659455303424
FDT47,OUT013,2095.3608057680244
FDI53,OUT019,477.12708989508576
FDR59,OUT018,3753.944673734831
FDD53,OUT035,654.0295841967367
FDY51,OUT017,4145.705656442713
FDT04,OUT049,625.853700621331
FDU51,OUT049,3900.570806367191
FDG14,OUT035,4030.256288704774
NCU06,OUT045,3055.084640944907
DRG25,OUT046,4144.152255117662
DRH49,OUT035,800.2924649482356
FDN15,OUT035,1820.8730455794012
FDL43,OUT018,1126.1263368635932
NCT18,OUT049,4252.559014238232
NCB31,OUT013,3289.070079163123
FDK57,OUT035,3921.4511095517714
FDY04,OUT019,417.2859413414428
NCP54,OUT046,2063.1474835753565
FDF41,OUT013,4271.219179428805
FDM01,OUT045,1917.5885946426358
FDW03,OUT045,1988.746601753681
FDF28,OUT045,2203.3707774040463
FDY37,OUT017,2787.3534591746998
FDQ03,OUT017,2787.8362136691376
FDP51,OUT027,2596.824522969788
FDJ40,OUT017,2332.2164767070044
FDC32,OUT049,1400.4051582305906
DRI49,OUT027,2120.0652573725374
NCW54,OUT017,904.1698934760454
FDF09,OUT017,587.6272680466434
FDP45,OUT018,3025.712375597635
DRJ23,OUT018,2725.969424783233
FDS59,OUT017,1883.090727638592
FDY08,OUT046,1992.4667026754064
FDX16,OUT049,2316.0766883261285
FDY16,OUT018,3285.6388833247784
FDK32,OUT035,3446.2265515314202
FDQ22,OUT013,645.8308811062807
NCC31,OUT018,1964.0612707247803
FDG58,OUT049,2210.2614539339443
DRF48,OUT013,1805.1071504340798
DRH36,OUT049,1334.4886590019578
NCR30,OUT035,740.8088138679499
FDB03,OUT019,576.6863222341938
FDZ28,OUT027,2711.221443255333
FDR35,OUT017,3980.405030959166
DRD15,OUT027,4662.3991869571055
FDJ33,OUT019,376.2915779425624
FDA56,OUT010,391.1345612718522
FDP56,OUT046,918.4576681290883
NCT30,OUT046,633.0587924050772
FDK15,OUT017,1811.7036801881402
FDH44,OUT018,1776.6231497965662
FDV01,OUT013,2731.8177160599867
DRG03,OUT017,2777.641475771936
FDG50,OUT027,1931.981804192953
FDR16,OUT010,614.0316019834851
FDZ60,OUT046,995.9141658167539
DRG03,OUT045,2631.406525799567
FDS56,OUT018,3504.810490605351
FDU33,OUT045,727.1976173596062
DRD27,OUT035,1442.1368174190811
FDW22,OUT046,4491.513535723951
DRA24,OUT045,2286.5347685289503
FDF38,OUT049,608.4059567295806
FDX48,OUT013,1841.2524746332963
FDS58,OUT018,2823.201247620249
FDC32,OUT046,1392.7493304808327
NCQ29,OUT045,2364.1046793599344
DRK39,OUT018,1411.7513471903796
NCS38,OUT017,1789.0694434118593
DRO47,OUT013,1632.4147372329064
DRG27,OUT027,1026.9970482030965
FDC57,OUT027,3779.746377026257
FDS55,OUT046,2773.6063814687673
NCJ06,OUT018,1414.0514704185364
FDO01,OUT019,334.8055884527793
NCM55,OUT045,2442.3324194229085
FDC52,OUT049,1890.714929855921
FDQ15,OUT045,1313.7380630924058
NCT30,OUT027,1158.075742849272
NCR42,OUT027,994.201346352301
FDD28,OUT035,1003.9212968216552
FDQ34,OUT049,1278.9818593628172
FDZ12,OUT027,3696.406335066624
DRE13,OUT019,275.5587730452955
NCN07,OUT019,315.59926801190784
FDM28,OUT035,2225.8457349568766
FDI10,OUT017,3187.4647001638978
FDQ25,OUT013,2607.519358447393
FDA38,OUT010,489.871376018055
DRI13,OUT049,3397.144711849446
FDY20,OUT027,2056.995739612655
NCZ53,OUT035,3260.7429809454634
NCM31,OUT013,2312.0434776005573
DRB01,OUT017,2032.397807918098
DRF37,OUT046,3209.2339052900743
NCF42,OUT049,2414.4182031817772
FDF16,OUT018,1892.3292413545478
FDB41,OUT013,705.4695126802071
FDR34,OUT013,4923.603044959698
FDR15,OUT018,2060.48345330963
NCV42,OUT019,288.4284248406942
FDW51,OUT035,3483.075715986059
FDU36,OUT017,1768.6622793441534
FDX60,OUT049,1402.8044773371262
FDY03,OUT035,1727.1187479604046
FDW55,OUT045,4127.292314917211
FDT01,OUT010,568.6204484429879
FDG58,OUT013,2179.7503254400613
FDK21,OUT017,3674.4670797160966
NCS41,OUT019,438.55367658751874
FDS10,OUT045,2737.9426507536323
NCT53,OUT046,2116.283767577109
FDJ28,OUT018,2601.05501076494
FDX44,OUT045,1362.2991693428205
FDT20,OUT018,681.0675255780997
FDO44,OUT017,2076.6270737314903
NCX17,OUT049,3482.385226953396
FDY01,OUT017,1891.7261844094298
FDJ12,OUT027,5416.249229967287
DRK35,OUT018,597.7702355510163
FDD47,OUT019,427.51098430758975
NCM53,OUT035,1672.4496106586635
FDO45,OUT013,1300.0981112575332
NCM42,OUT010,307.75877276389065
FDE04,OUT046,2509.5565398509452
NCI30,OUT027,4580.149893048791
FDZ19,OUT013,3005.3231250832405
FDW57,OUT013,3352.996280760825
FDA25,OUT013,1519.0038166493275
FDT22,OUT046,1009.33274502731
FDP51,OUT013,1753.5651878602803
FDD48,OUT027,3120.661319621672
FDY39,OUT035,3778.206830072482
FDO48,OUT010,556.4349466977496
FDD23,OUT027,5279.630030774251
DRN35,OUT027,1061.5493436027841
FDT01,OUT035,3675.2906023281603
FDC20,OUT010,61.348095153688604
DRJ35,OUT035,769.233553813494
FDB32,OUT046,1667.362408043436
FDL24,OUT046,3979.1201229997087
NCV42,OUT035,1706.4281452079167
FDZ46,OUT046,1527.6296425612643
FDC15,OUT013,1939.0080067598678
FDD08,OUT019,88.04586780103018
FDY50,OUT049,1813.2339645311376
FDD36,OUT013,1630.2397519743909
FDG57,OUT027,1126.9661563665984
FDL21,OUT018,539.523963325764
FDN16,OUT027,2739.5620312707274
FDJ09,OUT027,959.7101098286648
FDS01,OUT010,443.0399724650006
FDV33,OUT017,3392.7794407235438
DRE12,OUT017,1583.4060945853655
FDR07,OUT013,884.018601173515
FDP48,OUT010,695.2874184292189
NCB55,OUT035,758.9977246374972
FDQ08,OUT013,956.9054587932773
FDR34,OUT035,5169.673771312751
FDO33,OUT046,1789.6597987844932
FDP13,OUT045,621.4085914784135
FDX12,OUT049,3746.5830586169923
NCT06,OUT049,2339.696242321585
FDR16,OUT019,904.6739914601432
FDE36,OUT046,3969.7752965099785
FDZ36,OUT049,3763.2131702587453
FDV13,OUT045,1639.2179520366863
NCZ17,OUT035,882.6779010287405
FDU56,OUT045,3656.547797169117
FDM09,OUT035,1917.3344035019852
FDV02,OUT017,2737.9935310939168
FDS34,OUT018,1547.150362224297
FDA11,OUT049,1745.5109932335288
FDP09,OUT017,3723.4558876288984
FDB29,OUT027,2376.8855567738788
FDT19,OUT017,3476.5267480495445
DRH15,OUT017,863.103113949232
FDY38,OUT046,3603.3584910715526
FDF14,OUT027,3608.752073450603
FDN48,OUT010,284.73711605019605
FDQ12,OUT013,3172.1652407249794
NCJ43,OUT045,2206.7318877909383
FDE17,OUT019,397.33423169778945
FDB05,OUT035,3552.1367319833685
FDH10,OUT045,2204.919439867053
NCR06,OUT017,716.0929817127843
FDU32,OUT018,1646.5499273691744
FDD56,OUT049,3024.1392258369733
FDO36,OUT018,2631.594817486665
FDH16,OUT010,281.2529923915677
FDX10,OUT018,483.0182270550886
FDZ37,OUT017,1278.9753358361556
FDU31,OUT010,509.23237130518226
DRC49,OUT049,2823.3137998450134
FDL15,OUT045,1584.5880914589425
FDN32,OUT019,714.1004058133321
DRH59,OUT027,1272.7816177940767
NCU29,OUT049,2793.753619667284
FDR37,OUT019,812.8737331422313
FDS14,OUT018,1887.9313771860093
FDU02,OUT027,5724.775192999119
FDJ08,OUT035,3186.9967086865167
NCZ06,OUT045,3387.911461868931
FDO31,OUT049,1444.3330176163647
FDH31,OUT018,1108.5908078555804
FDS58,OUT017,3262.819174086467
NCA53,OUT027,1270.379776224169
FDF50,OUT046,3419.131112674037
NCW42,OUT049,3256.397523775066
NCQ17,OUT045,2520.230436689802
FDK51,OUT018,3749.8578768230363
NCW41,OUT010,409.4693601441235
NCR29,OUT017,1051.2828537227817
FDB08,OUT019,397.57730247584203
FDA40,OUT027,1620.7304210328978
FDL14,OUT018,1925.1720444494385
FDB47,OUT046,2565.306674285767
FDO03,OUT035,5321.404855160639
DRK13,OUT019,568.2753495361071
FDX13,OUT010,604.0468347401826
FDF52,OUT046,2505.7666766161105
FDT11,OUT013,2840.284693404701
FDB08,OUT013,2331.926220905642
FDQ28,OUT018,2793.7547960063166
FDD29,OUT045,3992.848684410498
NCQ29,OUT027,3755.082010297234
NCO02,OUT013,1288.9631347128734
FDR56,OUT010,600.0067994028012
NCM54,OUT049,2489.379863683545
FDP51,OUT035,1808.3161644041538
FDT38,OUT013,1281.8970288334524
FDZ20,OUT018,4017.4853179450447
FDJ53,OUT013,1758.4260334513915
FDX13,OUT049,4959.699222219146
FDP58,OUT035,3051.1366472670325
NCK31,OUT019,128.81820859712855
FDA35,OUT018,2403.749567013425
FDV37,OUT018,2261.3418715509665
NCO07,OUT027,4205.96427410986
FDA20,OUT045,3148.496908268014
FDZ59,OUT035,3054.1483988368122
NCY17,OUT017,838.645775422466
FDQ28,OUT035,3407.3597841796545
FDV35,OUT017,3111.7578603325805
FDQ36,OUT013,669.6861538172129
FDD34,OUT018,2230.67374998911
FDK51,OUT045,3982.532612582296
FDV31,OUT035,1951.4620782556058
FDR04,OUT035,1557.8800286229573
FDR14,OUT049,665.3263872066987
DRC36,OUT010,445.8972779382196
FDE39,OUT019,377.5091156660142
FDP57,OUT049,1630.9335379279305
FDE57,OUT046,2822.7327732935546
NCN18,OUT046,2575.126911243068
NCQ05,OUT018,2212.9299156057014
FDW47,OUT035,1771.7903005961684
FDV46,OUT035,2221.2529871893653
NCP29,OUT045,857.2284669244937
FDE09,OUT018,1108.5410445754699
NCU06,OUT027,5048.374921506353
FDT19,OUT010,472.3804100001861
DRF15,OUT017,1442.6630696307802
DRI51,OUT013,3397.8111474272487
NCX54,OUT013,1727.4068971380773
DRE01,OUT013,3232.433777577125
NCB07,OUT045,3056.9560715513335
FDU50,OUT035,1866.1781260667567
FDG40,OUT035,692.490656465156
FDW10,OUT018,2876.6003241424287
FDX51,OUT013,2705.90994134726
NCP17,OUT045,892.2549593733853
FDP21,OUT035,3861.99525546923
FDL04,OUT045,1824.31385634564
FDV23,OUT013,2100.7400761731487
FDF24,OUT046,1513.3666434183904
FDH56,OUT027,2482.3922682328007
FDB51,OUT049,864.6031471455374
FDI58,OUT027,2233.1400973953337
FDR20,OUT013,681.3634083839066
FDC51,OUT018,1868.8286270942808
FDB16,OUT027,1815.7525831816197
FDE40,OUT049,1059.0721658311259
NCM17,OUT035,1033.0179154214536
FDU56,OUT035,3979.903540900581
FDS32,OUT019,330.4090262144589
FDX02,OUT049,4255.642667255781
FDT39,OUT027,3659.657214411886
FDE35,OUT017,852.7221224513476
NCI42,OUT019,519.913203134072
DRL23,OUT046,1762.8800887656473
FDA10,OUT046,1691.878572406934
FDA11,OUT013,1701.606799046523
NCM06,OUT046,2276.328072760662
NCT05,OUT035,3810.6784793637507
NCQ02,OUT010,520.2435384397226
NCY06,OUT049,2406.4203382368814
FDY56,OUT035,4275.440183597957
FDL02,OUT035,1831.1281977615545
NCI06,OUT035,3472.6818191149723
FDQ14,OUT045,1621.8380032703617
FDQ12,OUT017,3207.732281757525
FDP36,OUT046,1090.2560538806686
FDK21,OUT027,5422.218073376096
FDO40,OUT045,2207.106041895979
NCK54,OUT019,402.466583152965
FDY09,OUT018,1160.884609835439
NCW30,OUT049,3865.4139502225944
NCC55,OUT027,963.1201908844253
FDE58,OUT018,1961.5788924670767
FDR39,OUT013,3641.08032471331
FDU28,OUT049,2550.872679273473
FDH08,OUT017,3490.2007464456315
FDG35,OUT045,2092.2514304415827
FDG22,OUT049,702.9544364102657
FDC34,OUT035,3023.938376723347
FDP15,OUT018,4209.577732111855
FDK34,OUT010,517.5145875601731
FDU45,OUT035,2284.0920616409885
FDQ04,OUT027,1030.954931570847
FDX22,OUT018,2968.4320064005533
FDB45,OUT017,1361.089943091487
NCH43,OUT027,3269.892537800025
DRE60,OUT046,4159.012085532768
FDD17,OUT027,5833.839273563102
NCM54,OUT017,2499.6618081710144
NCH55,OUT013,1757.7291774916982
NCT06,OUT017,2311.398822523296
FDA48,OUT027,6120.389072423741
FDY58,OUT027,6820.766104540327
FDO25,OUT045,3380.537760221006
FDN50,OUT045,1282.0312927233056
FDH35,OUT035,2537.7966855238974
FDK09,OUT045,3131.754311837653
FDO16,OUT013,1622.779306259866
FDW11,OUT045,910.7108997495208
FDU47,OUT027,1766.0760037672883
NCQ42,OUT010,369.301630280747
FDK55,OUT027,1726.2859525863591
FDN08,OUT049,2001.2199634729723
FDT57,OUT045,3487.9590691526655
FDJ12,OUT018,3268.201557527548
DRL59,OUT017,756.5741530717578
NCN53,OUT046,672.9658348856532
FDO51,OUT010,119.48265294083936
FDK56,OUT017,2862.384370396408
FDY12,OUT035,647.4022625962483
FDU15,OUT035,744.9123483740946
FDQ19,OUT046,4381.476846811805
DRF15,OUT045,1366.9341431815767
DRE25,OUT019,285.513855690889
FDK57,OUT018,3359.3754813915652
FDD33,OUT010,613.0776590042947
FDR34,OUT027,7732.102957737596
FDU04,OUT045,1721.5867242381398
FDE35,OUT019,146.91064990722555
NCD31,OUT035,2706.800904463032
FDJ56,OUT035,1708.706285785533
NCU53,OUT046,1827.6842745957233
FDD39,OUT035,4020.077076462915
NCU17,OUT019,304.74037468533515
FDJ20,OUT046,1609.5526050608926
NCW41,OUT018,2725.2118319129168
FDL52,OUT035,659.815993443971
FDS39,OUT035,3129.7424263379626
DRJ47,OUT045,3148.5879258291716
FDP13,OUT010,48.56076652050831
DRK39,OUT010,272.6032210942202
FDF28,OUT010,364.9891299073279
FDB09,OUT045,1332.0232571879405
FDM51,OUT046,1540.8565409563637
DRM49,OUT018,676.3838080584721
DRF23,OUT013,2792.1214955648547
DRH01,OUT035,2829.094440968613
FDH12,OUT027,2312.7124315826277
FDA28,OUT019,348.2119509443546
FDW37,OUT018,1257.3607387034529
FDF02,OUT046,1719.2101048533261
DRL37,OUT046,782.8778735598535
NCF43,OUT046,2276.75780709018
FDH08,OUT010,493.62282183481943
FDR34,OUT019,522.776158742072
NCK19,OUT049,2904.180436184389
NCD55,OUT018,492.8681939169036
FDT27,OUT049,4061.572096735888
FDQ57,OUT045,2199.1925159611887
FDA47,OUT035,3058.9179435779542
DRG15,OUT027,1888.900140205094
FDE05,OUT018,1942.8343911547881
FDN46,OUT046,1988.571500994653
FDX27,OUT027,2046.0458688274343
FDT51,OUT045,867.5226507192133
FDU33,OUT013,751.1432804684796
FDJ16,OUT027,1597.9226069285212
FDD20,OUT019,365.92386623028705
FDT36,OUT049,700.7240974727209
DRF15,OUT027,2004.3338492966689
FDN52,OUT010,282.26759323795466
FDC22,OUT027,5097.328669113556
FDX15,OUT045,2180.958981506974
FDT13,OUT013,2695.5247297838814
FDU04,OUT017,1835.9881203322836
FDU31,OUT019,500.6950800179943
FDW59,OUT027,1796.3295580835618
NCO29,OUT046,2443.4829995476484
FDL15,OUT035,1762.916268294192
FDI41,OUT049,2802.0144327363337
FDQ48,OUT049,1418.6951836604749
DRI39,OUT013,1193.0096010490208
FDI08,OUT013,4025.1513744916847
FDC21,OUT049,1207.8213331516947
FDF58,OUT035,1019.9521843091331
FDS08,OUT010,405.19915568155034
FDE47,OUT045,1923.9511259996154
NCP18,OUT019,387.5404277359701
NCR41,OUT013,1802.8816277001674
FDA27,OUT013,3258.9871056316647
FDA43,OUT035,2922.4450672251373
FDA49,OUT045,1118.788969193211
NCE55,OUT018,3512.685555519543
DRM49,OUT027,1174.9228233177919
FDF22,OUT027,5518.124373010332
FDQ15,OUT018,1193.7545740166388
NCS54,OUT017,3473.809951886755
NCY05,OUT013,699.6169125301474
FDR45,OUT046,5344.918548353709
FDK57,OUT049,3740.760026225096
FDF41,OUT010,625.7825708928212
FDV21,OUT046,1993.8343554203732
FDD51,OUT046,592.7812346182184
FDF33,OUT046,1892.5671192161083
FDA38,OUT046,2632.6621682861596
FDR56,OUT045,4126.553401255858
NCN41,OUT017,1466.694503963052
FDC60,OUT027,2056.387422277111
FDB47,OUT045,2452.747098988191
DRH01,OUT013,2693.8664458899566
FDW08,OUT046,1437.0740229309818
FDF38,OUT027,910.3515659308229
FDY32,OUT017,2069.2224745995186
FDG34,OUT049,1482.7271761535117
FDG47,OUT019,597.9954558713348
NCF18,OUT035,3866.6937333498645
FDL39,OUT019,446.2726262188448
NCH55,OUT035,1852.0561254923746
DRJ35,OUT049,772.7756133739546
FDS44,OUT035,4919.254540584823
DRE01,OUT018,2972.017895875923
FDY39,OUT013,3690.573227889115
FDY32,OUT018,1823.1696118849163
FDR33,OUT027,2983.7810650549536
NCP50,OUT049,1200.7918199280361
FDZ47,OUT018,1554.7903971853223
FDU57,OUT049,2488.440533860822
FDY44,OUT013,3200.9511430471493
DRH59,OUT018,667.5397498544411
FDB03,OUT027,5831.322582420158
FDY46,OUT045,3500.745614805296
FDM39,OUT045,3839.6487937380966
FDY36,OUT035,1212.9847284884218
NCM55,OUT035,2767.4294660831915
FDJ50,OUT010,189.60652603796098
DRL60,OUT013,1976.350490683997
NCJ54,OUT049,4934.406955985607
FDX59,OUT017,621.8406657802433
FDI07,OUT013,3161.459669081855
DRF51,OUT010,91.81983682074105
FDM14,OUT017,2073.531624803001
FDP21,OUT045,3545.4056456691205
FDE40,OUT035,1103.044997331863
FDE05,OUT035,2365.973837950033
FDM13,OUT027,1705.965263409286
FDC34,OUT027,4512.282376036359
NCI55,OUT018,2360.3000394355563
NCE43,OUT018,2710.8483908327225
FDW58,OUT018,1550.6497857408222
FDG60,OUT045,4388.021054298599
FDV31,OUT017,1892.3080172635507
FDR47,OUT013,2982.0142953771015
FDM60,OUT019,97.78475869306234
NCF06,OUT018,2268.266776333598
NCN26,OUT027,2888.708852237483
FDQ59,OUT049,1423.4453791254164
FDF09,OUT046,562.5851368863208
NCS06,OUT017,3566.5799690792205
FDT44,OUT046,1507.3886413697994
FDI19,OUT017,4367.6586576250465
FDT22,OUT017,1016.4308218251199
NCF54,OUT027,3971.184938549693
DRG25,OUT045,3968.784364329003
FDB59,OUT017,2781.628657935479
FDQ37,OUT017,4836.673846577058
FDP56,OUT035,980.7412456688191
FDW44,OUT035,2305.6999858158406
FDJ26,OUT010,548.8592681943526
FDU43,OUT018,2849.1045379421244
FDW33,OUT045,1573.6742733004792
NCX53,OUT027,3312.7131497010605
FDN56,OUT010,412.76737843336826
DRF15,OUT049,1441.0717730734523
FDO33,OUT017,1835.4784167652851
FDZ39,OUT010,279.61755678400175
NCJ19,OUT017,1177.2270218084423
FDU01,OUT035,3282.615367745682
FDT12,OUT035,3690.940119651578
NCM18,OUT018,1475.5519459394766
FDP19,OUT017,2231.261733118691
NCR42,OUT049,624.0340294728634
FDN10,OUT046,1616.6798596352307
FDG44,OUT017,1103.0230590376666
FDQ10,OUT046,3218.9156076913214
DRH13,OUT049,1052.415981456215
FDT52,OUT013,3622.5629578047515
FDM56,OUT045,1135.0380838119388
NCO43,OUT010,341.2981592231754
NCV29,OUT035,2306.3070479687335
NCF06,OUT013,2786.457456244169
FDO50,OUT035,1827.8468013952163
FDT59,OUT013,4262.262212074551
FDX40,OUT027,1055.839946963359
FDE50,OUT017,3594.1043598124274
FDX51,OUT017,2759.5577171038312
NCD30,OUT018,1198.695774960072
FDK15,OUT013,1840.5893045962982
FDL12,OUT045,1016.3297112426892
FDK46,OUT017,3104.4145715772183
DRH49,OUT010,113.87565013541237
FDQ57,OUT046,2278.4524944948444
FDY59,OUT017,1235.8746137409344
FDO09,OUT018,4030.027946580516
NCG30,OUT035,2032.0029176529229
FDM09,OUT017,1788.5911055076704
NCN17,OUT027,2040.91768661576
NCS42,OUT013,1869.7436155042074
FDD02,OUT019,337.1925202979829
FDE34,OUT013,3071.4822602522568
FDU38,OUT045,3371.4499139103955
FDB33,OUT046,2924.735626743273
NCJ29,OUT017,1261.6969736444253
FDZ27,OUT035,635.6900159326265
FDI40,OUT013,1653.3708006705147
FDG22,OUT013,677.8860872887986
FDT51,OUT017,915.0661391990232
FDF20,OUT018,3020.203989110719
FDV50,OUT035,1878.224137928026
FDT02,OUT049,594.5544451122055
DRC49,OUT017,2905.9645154176524
FDF26,OUT049,2291.9623429226694
FDV52,OUT035,2085.3582228845466
FDX59,OUT049,633.6075957120448
FDV25,OUT035,4731.250013698316
FDW23,OUT027,993.2807913897988
FDE53,OUT018,1192.8013022510843
FDA19,OUT017,1614.0223103651301
FDH22,OUT046,1972.192861122644
NCO41,OUT013,1737.4460552801004
FDX12,OUT017,3890.1031221665285
FDF17,OUT013,3312.546708978778
FDS11,OUT045,3963.0445590407153
FDR51,OUT035,2787.7498689929034
FDT49,OUT010,299.7120567746622
FDC56,OUT013,2183.2472370411488
FDR13,OUT027,2224.359023320819
FDQ60,OUT035,898.4993202194764
FDN38,OUT049,4245.832766579524
NCL29,OUT013,2357.3773747234645
FDO13,OUT027,3067.038166502524
FDE26,OUT018,1901.5988014818054
FDA31,OUT010,439.8069463566189
FDX14,OUT035,994.4054862598441
FDA34,OUT045,3474.3717739760455
FDF26,OUT013,2253.6550582543696
FDE38,OUT045,3400.5604301610183
DRI11,OUT046,1634.4218042800348
FDQ60,OUT027,1317.427355518151
FDL21,OUT027,968.6354763209234
DRC12,OUT027,3807.7979657471856
FDC47,OUT046,4248.171976080332
FDE57,OUT045,2714.1984838972758
FDT14,OUT045,2438.2220314290776
NCZ53,OUT046,2983.6220268957723
FDE28,OUT018,3159.5547257197145
FDR19,OUT035,3305.1756407851826
NCF54,OUT019,428.60231695809847
FDZ08,OUT046,990.587778230376
NCJ05,OUT018,2128.931924527005
FDF59,OUT046,1622.194919823471
NCO05,OUT035,2051.0241512392636
FDW24,OUT018,644.4119205783952
NCX42,OUT018,2499.161022798421
NCA53,OUT035,799.0869730109146
FDI45,OUT019,428.93736168511924
FDG46,OUT046,2189.9996040918186
FDM20,OUT010,550.9421171274679
FDW11,OUT010,189.33008798036252
FDX08,OUT035,2572.9060847631713
NCK17,OUT035,738.6299268025316
FDK32,OUT018,3127.954390011148
NCA42,OUT035,3003.8627248124444
DRI01,OUT035,3352.3328045239714
NCL55,OUT049,3752.2684277264025
DRE25,OUT018,1301.477612724384
FDD14,OUT017,2768.815048151636
FDB10,OUT046,2506.7491985475963
DRN11,OUT035,2379.4356349864647
FDP38,OUT018,675.995126290857
NCA30,OUT017,2656.240860533493
FDT15,OUT017,2303.601328750113
NCP55,OUT018,608.3603660115831
FDF12,OUT035,2535.0042386443943
FDM21,OUT018,3869.5812817573665
FDX56,OUT035,4531.4367974979705
FDF10,OUT017,2126.389858926844
FDT32,OUT045,2681.477864323364
FDM51,OUT018,1354.2152350884485
NCR50,OUT018,3320.6332942473327
FDI19,OUT049,4389.6658829436965
FDX21,OUT017,1466.0225584795398
FDR31,OUT035,2818.478426358018
FDY02,OUT013,3857.180289847202
NCA29,OUT045,2624.019477489273
NCX17,OUT046,3382.7130192236523
FDM12,OUT045,1654.8631348746446
FDI53,OUT027,3068.951097810086
NCU30,OUT049,2725.0912520916986
FDC56,OUT027,3318.8874615373725
FDK27,OUT018,1603.7257385743496
NCK18,OUT017,3093.3893121795554
FDB52,OUT019,540.7119401798094
DRG25,OUT027,6653.529029805828
FDZ13,OUT049,772.9018061530828
FDB57,OUT019,500.9032519994811
FDR40,OUT046,1602.5377090350948
NCO14,OUT019,41.84357608307418
NCN19,OUT045,2451.4054997919366
FDQ28,OUT019,438.89973245040443
FDO13,OUT018,1818.5194351221553
FDK48,OUT013,1591.286979809927
FDU07,OUT018,1908.728388012287
FDW20,OUT046,1951.4113566618337
FDV12,OUT010,348.220529765455
FDH24,OUT013,2537.5177062314697
FDV59,OUT049,3794.345925034195
FDK57,OUT045,3636.0442472825684
FDL16,OUT027,1145.1331933205577
NCQ17,OUT046,2604.116892749922
FDJ15,OUT018,3675.307201555168
FDX24,OUT049,1446.323074690655
FDT47,OUT046,2000.6616050391463
FDT10,OUT049,663.7028736875378
FDZ37,OUT018,1053.5887501003801
FDW43,OUT027,5711.878979284205
DRN36,OUT017,1455.2497311956904
FDJ14,OUT045,934.4906105308943
FDA32,OUT013,2953.7322179967164
FDJ38,OUT019,576.686913493965
FDQ57,OUT017,2302.6383899746993
NCQ41,OUT019,664.2185828062812
FDG56,OUT049,1385.1274175396643
DRC13,OUT027,2472.034100532289
FDV55,OUT035,2779.7929730868195
FDQ49,OUT045,1719.2109654099875
FDE29,OUT010,206.9758939127915
FDR03,OUT013,4156.8380383894255
FDD45,OUT049,1495.274570107954
FDN38,OUT010,715.1875644675516
FDT56,OUT046,908.6109827613675
FDT48,OUT045,3085.5744486103617
FDU03,OUT049,2646.078812755761
FDC56,OUT010,351.29846436616714
NCO43,OUT027,3053.4455791423866
FDQ27,OUT017,1723.68944163216
FDR03,OUT046,4034.9087271337953
DRH23,OUT010,147.38800445218536
FDG22,OUT045,670.1335848491419
NCJ42,OUT013,1778.738024667186
FDR24,OUT046,1472.4856501351114
FDW60,OUT035,3155.1290122276214
FDJ08,OUT013,3023.254916163819
DRL59,OUT018,646.6793487047524
FDG60,OUT010,713.536989819388
FDW27,OUT017,2119.659380372153
FDX14,OUT018,845.9124665762539
FDC20,OUT013,620.1333969164306
NCS29,OUT018,3535.9079963239164
FDJ56,OUT046,1633.1167159359609
FDB20,OUT019,237.9457592318496
FDL28,OUT027,2910.1322719398618
FDW01,OUT018,1592.2583244162913
FDL03,OUT046,2796.6169680914277
FDX22,OUT049,3589.0620956301964
FDJ21,OUT035,3419.7666885572253
FDR31,OUT045,2557.8943601902984
FDG21,OUT035,3069.1815800433706
FDS22,OUT027,921.9511770983007
FDK08,OUT035,1406.9805122004525
FDE17,OUT018,2274.2080445956144
NCN30,OUT017,1097.624538393675
FDT50,OUT046,1453.4743649494594
NCX42,OUT049,2808.5746351966513
FDJ12,OUT035,3819.30077865137
NCA18,OUT027,1799.6598956860362
FDP23,OUT019,565.6716199554053
FDX12,OUT013,3646.686025080442
FDN40,OUT018,2206.1914353014267
FDV48,OUT035,1401.2872783875252
NCY54,OUT013,3372.3877759694556
FDL16,OUT010,98.94377303108121
FDR45,OUT018,4169.708152740843
FDJ52,OUT046,2162.347118076494
DRG01,OUT017,1319.7600476449338
FDP52,OUT013,4572.812376706326
FDU58,OUT017,2768.966453081552
FDL02,OUT045,1671.719267442319
FDG28,OUT013,2854.440831664371
FDA19,OUT035,1678.209373318732
FDW46,OUT027,1598.9720527088643
NCD43,OUT049,908.0159614731818
DRG39,OUT013,889.846237279923
NCF55,OUT049,804.7530460976586
FDJ07,OUT046,1593.7767521123076
FDE08,OUT046,2405.600603872427
FDP56,OUT019,183.05121556264623
FDT45,OUT045,886.7166546842277
FDF17,OUT018,2966.4555729863296
FDX44,OUT046,1441.43412938048
FDM28,OUT027,3186.290721287059
FDI36,OUT049,3181.2279634075403
FDS07,OUT045,1489.0717430054078
FDD36,OUT045,1548.1450227029054
FDW11,OUT046,912.9925220241361
FDN40,OUT049,2507.1617463637026
NCQ18,OUT049,2072.689613040518
NCQ54,OUT017,3465.8415989067435
NCS42,OUT045,1787.765833968674
DRH39,OUT010,275.42908133027845
FDC09,OUT027,1681.7847237572003
FDT08,OUT010,384.06012697290964
FDC08,OUT035,3238.451778934003
FDT20,OUT017,807.0769894681325
FDS35,OUT035,1145.2529108010897
FDX58,OUT018,3060.957715823085
FDW58,OUT046,1670.8216142433282
DRD27,OUT046,1286.6050838345298
FDH32,OUT019,334.279764248474
FDS26,OUT035,4659.0176607559315
FDQ31,OUT046,1200.4183656797002
FDP11,OUT018,2510.725689620627
FDD58,OUT017,1454.5716242655492
FDM33,OUT045,4062.0786690051286
FDZ16,OUT049,3761.4688991168596
NCS29,OUT010,729.2764816974371
NCM18,OUT019,258.5327601391527
FDP11,OUT049,3024.0053712636527
NCC42,OUT017,2056.731047521418
DRM23,OUT046,2841.4225788977506
NCN55,OUT027,6890.689024139263
FDK46,OUT013,3017.7977224514743
FDR01,OUT046,3017.2305008067738
NCA05,OUT045,1608.8912231820661
NCP43,OUT017,2516.0940113855145
FDR12,OUT010,400.0282700791878
FDQ01,OUT013,3669.4578239494103
FDM13,OUT046,1154.9602044209735
FDQ19,OUT017,4849.768812844401
FDK56,OUT019,476.93929871986114
NCX06,OUT010,484.2859994921714
FDO56,OUT027,1907.8999700814231
FDU45,OUT045,1984.6596616153881
FDI16,OUT019,199.7087364945815
FDL32,OUT046,1223.4370860094166
FDA07,OUT046,2102.5557369656385
FDA14,OUT045,1591.4237475519944
FDV46,OUT027,3191.413830924285
NCO07,OUT035,2925.874094718832
NCP41,OUT046,1133.1255609580007
FDY60,OUT018,2069.7540530271585
FDN38,OUT017,4204.749312162341
FDO15,OUT046,1286.6205206064915
FDT60,OUT013,1976.519318685178
FDA55,OUT035,3800.107538684466
FDE02,OUT010,294.6640869716176
DRJ39,OUT049,4261.1621256936
FDV34,OUT035,941.8629552965282
FDS20,OUT027,4693.805988056571
FDF02,OUT027,2691.760333430585
FDW40,OUT017,2560.1127364960503
NCB43,OUT046,3836.2414196763552
FDR58,OUT017,1723.9335190503916
DRJ59,OUT035,641.2080871532936
NCD30,OUT017,1414.724853773022
FDE14,OUT017,1828.8691937719254
FDC28,OUT018,1280.5328139075068
FDU16,OUT018,1095.5752151762306
NCD19,OUT035,788.710785074501
FDU21,OUT046,616.3461512634351
FDV59,OUT027,5609.547690375888
FDU03,OUT045,2393.478349868312
FDC33,OUT010,728.1040398030325
NCR42,OUT035,632.2978807341791
DRH59,OUT035,809.6948998784072
NCM31,OUT035,2240.6142234005956
FDS50,OUT035,3565.830913824354
FDP39,OUT046,802.9574156397342
FDQ55,OUT013,2225.9378321286304
FDV36,OUT019,373.916248681786
FDI05,OUT027,2329.3431050774952
FDS45,OUT027,3073.526399976648
FDA39,OUT045,691.8864128032606
FDC37,OUT010,326.4549812219681
FDJ60,OUT027,4060.802878460776
DRQ35,OUT046,2491.6839930266733
NCJ06,OUT046,1651.9326198455876
NCY42,OUT018,2391.4764585690036
DRM37,OUT049,3964.8854887471016
FDR14,OUT045,625.465622407927
FDE51,OUT049,673.3264293309455
FDT33,OUT017,2362.6105945787776
FDR08,OUT013,1521.959585235382
FDE36,OUT010,457.46282651025786
FDL22,OUT019,280.89026872416235
FDR44,OUT013,1706.086947163183
FDI56,OUT019,292.0250091982094
FDE47,OUT010,347.60521849740877
FDV27,OUT010,218.55765968705293
FDV10,OUT049,768.4574171466232
FDC40,OUT045,1196.8743191564652
NCX41,OUT013,2678.671744606916
NCQ38,OUT027,2172.9715110379825
FDV12,OUT027,3588.493807838988
FDE52,OUT017,3012.2171032468345
FDG20,OUT027,2466.2397052168676
FDV16,OUT027,988.8842201974785
FDI32,OUT017,2213.831747147341
FDJ32,OUT049,768.234848509601
FDN39,OUT018,2338.8123861775007
FDY34,OUT017,3007.680989129876
FDC14,OUT035,686.3179314224536
FDA55,OUT017,3729.3461011652307
FDZ50,OUT010,733.4544148588976
DRG13,OUT049,3777.312553232969
FDP01,OUT013,1594.4434814264064
NCG54,OUT017,3580.5770778981564
FDM13,OUT045,1112.026846225878
NCO18,OUT027,5276.372333430476
NCW41,OUT013,2947.857010117534
FDM52,OUT027,4144.2081787493025
NCF55,OUT035,809.2760256955507
FDT09,OUT046,2264.383215557256
NCM19,OUT035,2641.302601850032
FDW12,OUT018,1866.1669021085347
FDP15,OUT019,774.2806464646056
FDK36,OUT045,809.4617136407261
FDZ25,OUT035,2982.9529789744615
NCW06,OUT049,2589.4456541238774
FDW60,OUT046,3043.3965644563273
DRC49,OUT013,2806.8301384449205
NCT17,OUT035,3619.1455233231145
NCN06,OUT018,2290.9108973727557
FDC45,OUT013,2066.7145921704523
DRJ47,OUT019,463.03880521833224
NCF06,OUT045,2508.397761673253
FDE21,OUT010,361.4818047847168
DRG27,OUT013,597.1551439598862
FDW40,OUT049,2535.3362108260667
NCO53,OUT046,3410.973381957577
FDE23,OUT049,934.3029993221144
FDQ16,OUT046,2127.2434985754976
FDS26,OUT045,4436.8287305245685
FDZ13,OUT010,116.08050493624131
FDS14,OUT049,2124.546946989876
FDC10,OUT045,1293.6785264028192
FDY16,OUT049,3497.4634785205726
FDJ20,OUT035,1678.0248866139968
FDV43,OUT035,747.7960199531517
FDZ32,OUT027,1805.3115795284232
FDR23,OUT046,3072.291508873687
FDN24,OUT035,1012.057282085723
FDE34,OUT027,4989.488178503569
FDU31,OUT013,3313.4109111676144
FDW33,OUT018,1395.1900765403002
FDU26,OUT046,1312.3214272607968
FDE20,OUT027,4978.870076345365
NCW05,OUT035,3011.1819242752176
FDB22,OUT018,2013.4138976911322
FDO56,OUT046,1241.6488024552916
FDA19,OUT027,2384.6828030798843
DRI39,OUT045,1144.8672233110792
FDH52,OUT018,879.0777019815795
FDZ50,OUT035,5480.427124012198
NCN42,OUT035,2995.2455491692267
FDB53,OUT013,3389.6604301283687
DRG11,OUT017,1631.8808396075756
DRK11,OUT027,2736.632565143641
FDQ60,OUT017,888.8680228698212
FDT36,OUT017,695.67432983703
DRG25,OUT018,3610.8580866203524
DRJ23,OUT046,2921.4876407535908
FDG05,OUT035,2427.3201596421936
NCK06,OUT018,1309.143563682742
FDU52,OUT017,1995.9767631556406
FDW07,OUT018,1041.9275788705288
NCM17,OUT045,959.733834223286
FDA22,OUT045,3744.6848724418464
NCA41,OUT018,3005.579235378355
FDF38,OUT035,595.9578829869297
FDH52,OUT046,996.7295684937424
FDY58,OUT019,527.3487508490372
FDZ16,OUT045,3614.438632175891
NCM18,OUT017,1751.3435317151202
FDA22,OUT018,3485.84103089502
NCJ43,OUT035,2375.320609237502
FDI34,OUT027,6069.53670174619
FDG56,OUT046,1345.928636490335
FDS34,OUT046,1771.8508827657124
DRC01,OUT035,888.8253498956653
FDQ04,OUT035,656.4290919570853
FDK04,OUT035,820.1434945327018
FDT51,OUT049,933.5285778259689
FDV26,OUT017,3666.5438295299955
FDS04,OUT049,2348.565365993361
FDW43,OUT018,3418.5979671959644
FDQ28,OUT010,439.59989930059095
NCK06,OUT017,1494.2947016628684
FDS23,OUT018,1743.9465749910594
FDZ36,OUT019,558.4710166299371
FDE56,OUT018,1049.843283775991
FDW10,OUT027,4551.698200050918
NCN14,OUT045,2302.137032577827
NCQ18,OUT045,1891.9827439407916
FDW08,OUT017,1505.45981798038
FDU43,OUT035,3364.469434606691
FDR33,OUT010,313.0192785688679
FDM24,OUT010,400.2616720438015
NCZ05,OUT046,923.4908741229743
NCV41,OUT035,1825.2667156564644
FDV11,OUT018,1823.7682913427407
NCY05,OUT035,743.9943289169191
FDV44,OUT018,2231.2063991921
FDW32,OUT049,1096.3248419151716
NCU18,OUT027,3503.9291325886174
NCC43,OUT035,3068.365420003658
FDW19,OUT013,2001.2252289376136
FDN31,OUT035,2710.295377094907
FDI48,OUT045,723.5429773545181
FDS24,OUT017,1137.3084791682825
FDF46,OUT049,1846.2430581921099
DRG23,OUT017,1991.7610004650744
FDG14,OUT018,3443.7407113252125
NCY30,OUT049,3089.1150394442398
FDO28,OUT018,1150.8633361999089
DRD24,OUT035,2312.084180856551
FDI33,OUT049,2223.3704585589085
FDN32,OUT046,3404.5178290124804
FDR16,OUT045,4613.600140714436
FDF26,OUT046,2220.3333915289118
NCN29,OUT018,551.701557295462
FDE20,OUT045,3137.0592999687146
FDA46,OUT046,3765.967423327954
FDU28,OUT045,2306.5188712503764
FDQ48,OUT045,1313.9355019356701
FDV36,OUT013,2358.8070177758514
FDR14,OUT018,561.3470325537988
FDP23,OUT017,3873.028332286178
FDP56,OUT013,942.1653149793519
FDK48,OUT010,273.8965676207375
FDR48,OUT046,2142.4052822308613
NCY29,OUT049,822.4970302451392
FDM22,OUT018,940.6651535748001
DRJ01,OUT013,1619.7268399434554
FDZ43,OUT045,4345.072760425097
FDV03,OUT035,3152.1157155894152
FDX11,OUT027,4966.148354271161
NCA41,OUT027,5332.133496958744
FDE38,OUT017,3456.526251772786
FDI27,OUT018,627.0164526687818
FDN32,OUT013,3475.301946126968
NCN43,OUT017,2075.382171868594
FDB47,OUT027,4008.7646103881916
FDV03,OUT017,3038.995590225441
NCN30,OUT045,1051.79628472637
NCV54,OUT010,309.5316182176276
FDV07,OUT013,1921.8396673478999
FDP07,OUT049,2746.0370660989497
FDK48,OUT018,1430.0409777011944
FDM15,OUT019,396.6537369472582
FDY19,OUT027,3702.577109910721
FDK46,OUT046,2925.687559377105
FDY11,OUT045,922.1326724806313
FDH09,OUT046,686.0162303289692
FDO08,OUT027,2713.8599733519272
FDU14,OUT013,4318.335580627154
FDD22,OUT027,4804.432270491943
FDM27,OUT017,2589.6303979920885
FDL02,OUT027,2763.1852492950934
NCA17,OUT035,2766.1443878789505
FDE38,OUT019,470.7482752590543
NCG07,OUT049,3087.7281966153037
DRC27,OUT013,3221.9179662992597
FDA27,OUT035,3434.733899434889
FDW40,OUT045,2330.2006250921636
DRI11,OUT013,1657.4407234482853
FDN50,OUT046,1358.187793416844
FDR12,OUT046,2363.954647555337
FDT34,OUT027,2328.5582884911223
FDW11,OUT035,964.1049646969441
NCO30,OUT027,4213.154404371991
FDZ34,OUT017,4599.580629372062
FDU45,OUT017,2152.788804005035
NCD42,OUT035,780.8028514834026
FDX25,OUT045,2770.588748674791
NCR29,OUT046,1033.5411254277017
FDX43,OUT019,447.70228441414946
FDB04,OUT010,277.6928221580207
FDR49,OUT027,1176.4243675971102
FDS39,OUT018,2641.7968280371497
FDW58,OUT045,1699.3581237090452
FDG22,OUT019,89.71509650697595
FDG31,OUT017,980.9680528196138
NCV53,OUT027,6944.323069431384
DRJ37,OUT035,2903.8856638785346
FDV07,OUT035,2013.2131911831489
FDW52,OUT018,3170.3756592263185
FDT15,OUT045,2117.3750540264464
FDD02,OUT018,1862.2804159011973
FDM16,OUT035,1404.5800307218074
NCE55,OUT046,3611.162898426515
FDB57,OUT018,3518.029567012678
FDQ04,OUT013,587.9586399693104
FDQ47,OUT019,89.88179360451181
FDY14,OUT019,745.9348581635003
DRK37,OUT017,3754.0716719545026
FDO25,OUT017,3387.973880842585
FDL57,OUT046,4471.133555894714
NCK29,OUT018,1802.7747327928826
FDK46,OUT027,4394.497038021063
NCB43,OUT010,587.429234042946
DRE01,OUT027,4931.141656557787
FDC46,OUT018,3547.066019129513
FDQ23,OUT045,1702.7567052518878
FDX38,OUT049,642.4413606662051
FDG60,OUT018,3946.532395040948
FDW55,OUT017,4482.005787081342
FDP39,OUT013,796.3118443486668
FDB20,OUT018,1087.6784307098983
FDV21,OUT017,2293.4783104687076
FDZ02,OUT013,763.5294058593335
FDP19,OUT027,3385.5833549566414
FDA38,OUT035,2707.843097012739
FDH22,OUT045,1902.2918695392339
DRM11,OUT045,4195.202205274951
FDO12,OUT027,5043.7858219685
FDT14,OUT049,2649.65356104522
FDW34,OUT010,515.9272050078946
FDG04,OUT027,3884.9861383559114
FDW59,OUT018,1093.0740084562551
FDR33,OUT018,1603.682517360259
FDP32,OUT013,1927.6942140887586
FDL13,OUT027,4993.987889775784
FDD22,OUT013,3125.4466578986257
FDV40,OUT027,1350.074400756127
NCD55,OUT046,576.6164637842162
FDQ20,OUT010,107.25887063884937
FDD28,OUT045,992.0709664149904
FDC39,OUT045,3356.6317042608375
NCR17,OUT049,2305.140263912615
DRO35,OUT018,2205.972607580011
FDF40,OUT049,4249.698402673577
FDR31,OUT018,2366.519555560102
NCQ41,OUT017,2847.551100707974
FDP38,OUT046,776.0140863870326
NCU54,OUT027,5522.141255495399
FDG22,OUT018,599.6565056308563
DRK59,OUT013,2681.2188798647585
FDC37,OUT046,1974.0335512051363
NCO42,OUT013,2544.998421563812
NCT42,OUT017,2140.252925007998
FDX27,OUT035,1250.2426427220935
FDV40,OUT018,815.8609261902824
FDT45,OUT027,1599.0243216788083
FDS47,OUT019,267.18119977090936
FDR45,OUT035,5817.98458349921
FDB03,OUT045,3810.0357626161417
FDO49,OUT035,894.5043045692655
FDU60,OUT027,4959.520246432123
FDB26,OUT018,735.4992003480161
FDB46,OUT017,3520.9987042467296
FDQ37,OUT019,601.2408629553771
FDN03,OUT017,3274.894047987969
NCX30,OUT045,4064.8748626967517
FDK32,OUT019,418.1988763469246
DRM47,OUT013,3035.6626362625193
NCO02,OUT046,1293.1639466860845
FDP04,OUT013,1000.9599524094533
NCO43,OUT049,1962.2367672799446
FDD59,OUT013,1437.216837121301
FDQ10,OUT017,3335.387167161441
FDW45,OUT035,2864.274670443347
NCK30,OUT049,3583.303072628854
FDU31,OUT018,2854.9118474451107
NCQ17,OUT019,399.79894004894214
FDN01,OUT017,2545.7274440100173
FDZ19,OUT049,3066.747992327679
DRG37,OUT017,2064.5546021942005
FDE32,OUT045,587.4003943643977
FDO34,OUT049,3253.3607919673336
FDM04,OUT019,201.26366432055147
FDZ25,OUT049,2937.569196116655
FDU08,OUT049,1544.1914688260563
NCW30,OUT045,3574.3198496247624
NCM18,OUT013,1777.2341474088255
FDS22,OUT035,619.8130168038318
NCH18,OUT017,3795.0410003161855
FDC23,OUT013,3148.2555071422726
FDY46,OUT013,3731.557778286706
NCU06,OUT046,3137.329528103235
FDX57,OUT045,1608.4331832319854
FDX36,OUT027,5737.356126632278
FDL16,OUT045,690.3534961830735
FDT16,OUT010,976.8350188626238
FDN16,OUT018,1518.469466236475
FDC03,OUT046,3216.489952244013
DRF60,OUT013,4603.393105662184
FDS27,OUT027,3497.398220038787
FDP33,OUT010,744.7118805509751
FDJ36,OUT018,1237.2759019473003
NCR42,OUT013,562.4840887680017
FDV14,OUT017,1044.7128103521331
NCP42,OUT035,3035.727910095116
FDB50,OUT027,2275.687784018255
NCC30,OUT027,3244.0947992129904
FDA23,OUT018,1601.2963292711377
FDW16,OUT017,2165.4240116631067
FDQ52,OUT010,755.6088385559674
FDB58,OUT049,2440.883618752636
NCP29,OUT049,919.5653282033664
NCM05,OUT045,4787.3658725277855
FDO25,OUT013,3465.241915845062
NCM54,OUT046,2192.515515947376
NCL54,OUT046,3299.411807266314
FDL39,OUT010,448.45749335415644
FDF53,OUT018,3152.962043892625
NCQ42,OUT035,2397.7921654682236
FDF58,OUT013,972.7564077124081
FDZ04,OUT035,920.0384410181205
FDE26,OUT019,344.60311728064346
FDS60,OUT017,2579.8024205362885
FDV58,OUT017,2693.225104383846
FDM04,OUT045,822.1786122210347
FDE08,OUT035,2581.2944725661573
NCB43,OUT049,3915.3369456060013
FDU11,OUT010,360.22168830213485
FDF22,OUT019,500.18042876795585
FDE24,OUT013,1939.5530844393663
DRJ49,OUT046,1943.682365046248
NCQ53,OUT035,5131.717934343451
NCL41,OUT013,552.1021095252272
FDR22,OUT013,2176.134061526634
FDH04,OUT035,1409.215330944335
DRH15,OUT045,813.5265242696136
FDY40,OUT049,632.5087958549082
NCI17,OUT035,1773.559608767637
NCC18,OUT013,2363.509644083139
FDY28,OUT027,5720.812398204975
FDB45,OUT027,2119.463232801828
NCL30,OUT018,2483.0973265049984
FDM10,OUT017,3121.4557976868464
FDH22,OUT027,3021.3923003505374
NCZ53,OUT017,3144.049237506135
NCI18,OUT013,2951.8436987908335
FDH14,OUT027,2758.4519974367267
FDR36,OUT027,1036.011320260865
FDW01,OUT045,1741.36026057224
FDK02,OUT027,2554.6845766670826
FDJ02,OUT018,1562.7018953776621
FDU55,OUT013,5649.223691816165
NCV18,OUT027,4158.056102142966
FDH14,OUT018,1562.0236964405992
FDZ37,OUT045,1195.4195863149268
FDX49,OUT049,4202.127379495427
NCD43,OUT046,857.8599653054804
FDZ07,OUT013,835.1527371880884
FDK43,OUT035,2123.576469020372
FDR32,OUT018,3493.8086252434873
FDT39,OUT013,2451.873010993529
NCV54,OUT017,1850.900050681948
FDF38,OUT018,488.5696829564772
FDV60,OUT046,2917.3827786942275
FDH44,OUT027,3191.759319673633
FDS21,OUT046,675.7153222981202
NCL41,OUT045,554.081570699552
FDM46,OUT017,1821.459671209412
FDU27,OUT045,867.6547932712178
NCJ54,OUT017,5001.245096036495
DRG51,OUT018,1960.280062487259
NCA29,OUT019,414.06222002581427
FDR47,OUT045,2865.864651960378
NCL19,OUT027,3438.0628555311414
DRG01,OUT049,1237.1751463154603
FDG10,OUT046,660.7436399931901
NCV05,OUT049,2219.220638301554
NCH18,OUT019,528.2146642402919
FDV14,OUT018,907.5709010829323
DRJ23,OUT035,3171.8998251843186
DRJ11,OUT046,2977.0125782909713
FDZ03,OUT017,3125.6182129651083
FDI27,OUT010,106.07388077817873
FDJ14,OUT018,849.9613223209426
FDU32,OUT017,1923.9169482409702
FDD47,OUT027,5190.594045360773
DRF36,OUT035,4437.923506773721
FDM21,OUT046,4524.822721810277
FDV10,OUT018,654.2770335722613
FDH60,OUT018,2953.1989345948978
FDX47,OUT010,407.9180588812285
FDT19,OUT019,449.1931760527396
FDO11,OUT045,4533.322496668068
FDH24,OUT027,3941.540987527118
FDL02,OUT018,1510.4576565515429
FDB02,OUT049,3507.0417881622616
FDA43,OUT046,2704.9539295423533
FDG52,OUT045,733.4047284910832
DRC12,OUT013,2399.156108131275
FDY37,OUT018,2467.0580660054957
NCU18,OUT045,2072.4951293362665
FDU09,OUT035,2018.530614186946
DRJ25,OUT027,1528.6685065575168
DRE12,OUT018,1388.004701907154
DRL47,OUT017,1596.150441223767
DRK01,OUT046,1475.1319576410262
FDC22,OUT019,498.0736056598929
FDG44,OUT013,1071.5811225873015
FDW04,OUT035,2714.643404034811
FDK09,OUT049,3458.7590245386573
NCN43,OUT035,2091.214263425043
FDG04,OUT049,2635.750587422725
FDH32,OUT010,333.8928858670804
DRI47,OUT017,2485.0953735037588
DRE15,OUT013,1231.669313398546
FDY11,OUT035,993.3421439444668
FDO60,OUT049,635.6760059062192
FDQ20,OUT018,628.6805608182868
FDO57,OUT027,3592.9553057383832
FDT14,OUT019,377.6977952204074
FDA57,OUT049,963.76480107251
DRN35,OUT017,707.7487426953063
FDJ03,OUT046,703.3780489118777
FDX28,OUT017,2062.8905960709776
DRE25,OUT045,1437.8812823962132
FDR09,OUT046,3655.1492881054232
FDB23,OUT035,4015.5215450740875
FDO08,OUT045,1805.9927048267389
FDQ23,OUT049,1778.2286647025485
FDW04,OUT013,2614.7248977666864
DRK13,OUT010,568.6858485739416
NCL17,OUT027,4317.509773675882
FDY21,OUT035,3511.272028348557
FDJ38,OUT027,5333.146112585893
FDA37,OUT019,358.0354597683842
FDV43,OUT013,704.4435138173053
FDL36,OUT046,1188.863504506868
FDD53,OUT045,604.5507476156281
FDZ19,OUT010,446.6283780988525
FDV21,OUT045,2096.2566504377164
NCL54,OUT018,3067.7711393714712
DRI47,OUT027,3741.565546140573
DRG03,OUT049,2864.5631721730115
FDG21,OUT013,2931.4177435007828
FDW03,OUT018,1807.4849183712734
NCI55,OUT046,2571.4763317678066
DRC36,OUT019,448.8880997666706
FDH22,OUT017,2007.1105822723875
FDV20,OUT045,2045.5122064471348
NCU41,OUT027,5912.669588058376
FDN46,OUT027,3283.8039727815108
FDK50,OUT045,2991.19344672092
NCA05,OUT027,2430.521134195614
DRH01,OUT018,2468.8191282906987
FDT08,OUT018,2316.5117216500607
FDM08,OUT018,3040.429641999189
FDZ07,OUT035,888.0421400086068
FDS22,OUT017,627.0878459233335
FDV35,OUT027,4850.920848179499
FDI28,OUT010,236.44596187687387
FDW58,OUT027,2790.308074114606
FDT52,OUT045,3555.5799845109714
FDY34,OUT046,2826.7820562654974
FDR10,OUT046,2178.750105298669
FDK57,OUT017,3754.828804872486
FDR02,OUT027,3095.9434933274347
FDX49,OUT046,4289.411886563563
FDQ20,OUT046,724.2222165190159
DRK23,OUT045,5481.426920268779
NCW06,OUT046,2389.167956778466
FDR31,OUT017,2711.9185207438327
NCE43,OUT013,3035.0170336761216
DRO59,OUT027,1705.4906231410584
FDN09,OUT049,3343.95054860208
FDR11,OUT046,2598.229430615477
FDO57,OUT013,2395.8435300203387
NCX18,OUT017,2934.307354769469
FDB05,OUT018,3172.937495603646
FDQ08,OUT018,816.4531761953409
NCG43,OUT035,1329.309307132707
FDJ56,OUT013,1672.109851644432
FDA13,OUT010,41.18744349382288
FDO56,OUT017,1233.8738386482225
FDB37,OUT018,3983.458610040499
FDZ02,OUT018,696.2286515292574
FDQ24,OUT046,4201.966794123717
FDM16,OUT013,1348.4749483625494
FDU35,OUT049,1935.2585131294766
FDT35,OUT035,2094.6343675108265
NCX30,OUT049,4278.308177047422
FDG04,OUT017,2629.3618908491158
FDI12,OUT035,1216.6819180524349
FDE35,OUT035,883.7544068153167
NCP14,OUT027,3646.9122712676462
NCY53,OUT045,1991.3477254759582
FDP49,OUT017,851.2321112549151
FDQ04,OUT017,653.2700590635354
FDM39,OUT035,4024.2764623981307
FDO58,OUT019,405.48003588665364
FDC56,OUT017,2182.5227644072484
NCQ54,OUT046,3303.562414446239
FDV10,OUT027,1153.8642413969628
NCK17,OUT046,692.9117885057631
NCF55,OUT027,1161.9626096280665
FDV33,OUT013,3463.0125500542035
NCH29,OUT019,301.8452788630258
FDA37,OUT027,3357.88116839219
FDH46,OUT018,1290.3693273453325
FDS25,OUT035,2454.829352917677
FDH04,OUT027,2012.2630804322446
FDX52,OUT046,2772.5284805117512
NCD42,OUT017,759.1268274571142
FDW47,OUT017,1701.7551287697718
FDL25,OUT027,1360.827221377482
NCJ06,OUT010,296.24502488841154
FDY09,OUT013,1262.5783221151762
FDS40,OUT046,571.0364243265096
FDH41,OUT017,3401.240594999372
FDG38,OUT035,1807.4878173462685
FDU03,OUT027,4038.188995935545
FDV20,OUT046,2104.275587175936
DRB13,OUT045,2513.8139714072727
NCQ30,OUT013,1144.6680893789837
NCH06,OUT013,2741.2351681948294
FDU50,OUT018,1621.5730726188513
NCO42,OUT019,379.7106074932068
FDW09,OUT018,857.6612020818662
FDH04,OUT013,1328.9332275632235
FDC21,OUT045,1099.4205033524543
FDL21,OUT049,644.9424947736399
FDM46,OUT010,293.4118871046911
FDT22,OUT019,204.8036042959596
FDB28,OUT035,2394.7322173183707
FDI12,OUT018,1019.7229186126979
FDA28,OUT045,2088.594599760436
FDF59,OUT013,1616.6158555489806
FDM45,OUT027,3122.489804937567
FDQ56,OUT017,1646.0951245723877
FDR46,OUT049,2515.780464432677
FDT01,OUT013,3570.4203681395757
FDD16,OUT027,1511.7944573430593
NCU30,OUT010,396.630192819891
FDM40,OUT010,353.1027278553551
FDI56,OUT035,1944.2159165400717
NCS30,OUT013,2092.192406658115
FDU08,OUT017,1525.9843645526173
FDX51,OUT027,4298.007632240355
FDA43,OUT045,2542.9257219456385
FDX59,OUT010,52.34784536704234
FDC37,OUT018,1652.0124971766618
FDP58,OUT013,2876.950584743112
NCY42,OUT035,2666.9968837759016
FDF21,OUT018,3641.7011562448356
FDU10,OUT027,1105.4568394202488
DRL47,OUT018,1357.9417720427384
FDA58,OUT018,2229.7747171094898
FDJ22,OUT049,2388.6522992087034
FDK50,OUT046,3040.852634241749
FDO38,OUT035,1300.0474778764308
DRF60,OUT035,4844.123548241141
NCZ42,OUT019,546.0003852835321
FDD35,OUT049,2282.6801647364696
FDL25,OUT045,810.9799022512284
FDJ16,OUT013,992.4417106596329
DRK59,OUT049,2771.4343032631027
FDI50,OUT046,5101.378121697815
NCB19,OUT045,1383.9968975962477
DRI37,OUT035,757.8990387338033
FDA14,OUT027,2383.9552329710777
FDC08,OUT018,2903.877852379934
FDS45,OUT046,1961.0332324326625
FDI21,OUT049,1067.809594627191
DRJ47,OUT035,3456.3704110072717
DRE37,OUT027,3558.9560778616406
FDT55,OUT018,3074.584039557349
NCG42,OUT027,3018.0638826752634
FDA31,OUT049,2574.862165468437
NCW42,OUT046,2834.3291122157057
FDF50,OUT017,3385.9875383135027
FDK56,OUT049,2900.260725088196
FDX10,OUT035,602.9606323215347
NCK07,OUT027,4080.064403080031
FDZ49,OUT017,3414.637840568671
FDR33,OUT013,1913.5443351815507
FDO44,OUT018,1794.258806455209
FDA20,OUT046,3303.6493239176393
NCL30,OUT045,2603.957475856834
FDI05,OUT019,263.0033482144396
FDQ12,OUT018,2701.7174544705645
FDH47,OUT017,1502.1558118183436
FDH34,OUT018,3119.973943850776
FDF29,OUT046,2134.593500499328
FDG40,OUT018,541.8748107688031
NCE18,OUT017,4389.791720177327
FDP21,OUT010,474.578362866133
FDY50,OUT013,1760.9447738841154
FDB36,OUT049,2157.510068389675
NCZ29,OUT049,1848.6160475340648
FDU20,OUT018,1876.909351187586
FDO56,OUT013,1240.2039806300147
FDW31,OUT049,2726.7548351375003
DRH59,OUT013,759.5247250152818
NCB30,OUT017,3183.518703768182
FDK43,OUT027,3077.777764677968
FDW43,OUT045,3682.7990175169234
NCL19,OUT017,2346.190460598809
FDJ27,OUT046,1534.817145905833
FDC45,OUT046,2010.8603860466533
FDY40,OUT035,667.2546928739912
NCM41,OUT035,1064.5782131675592
NCK18,OUT019,437.8810930526027
FDP37,OUT049,2220.186153681424
FDA27,OUT027,5110.6143574932685
NCX30,OUT035,4322.252161452327
FDR09,OUT017,3689.140758405812
FDG08,OUT027,4489.501650037953
NCU30,OUT013,2812.6571335298645
FDB16,OUT017,1205.5941855057345
FDM16,OUT017,1386.2459971513488
FDC48,OUT013,1437.221530877549
NCF18,OUT046,3649.4042083422532
FDU46,OUT018,1266.983014329275
FDH41,OUT018,2963.4320083415837
NCN42,OUT010,396.4787048212548
FDU49,OUT046,1785.8005519852234
FDB20,OUT027,2044.5108576806929
FDG50,OUT019,252.9195301166173
FDW20,OUT045,1922.9909440382544
NCO55,OUT049,1501.118110640612
FDX48,OUT046,1814.4972574934438
FDU48,OUT046,1083.0899927439777
FDR48,OUT019,364.70954193240283
FDK27,OUT013,1874.6327431448074
FDT35,OUT013,2016.4337816417124
FDN12,OUT049,1747.200361744998
NCE31,OUT019,26.873157166157476
FDL21,OUT017,639.2962704478211
FDV56,OUT017,1140.4850553292563
FDR16,OUT017,4875.263165048411
NCP41,OUT049,1168.850706147103
FDJ27,OUT013,1575.8304081493789
FDA07,OUT017,2117.2351924047402
FDK55,OUT049,1084.6581348405832
FDM33,OUT049,4361.527514653593
FDY46,OUT046,3609.6629514042897
FDD36,OUT046,1606.6922924697853
FDB12,OUT027,2657.2869730192315
FDF28,OUT019,363.85772557540633
NCE07,OUT019,317.84076608985663
FDW50,OUT027,2706.0973156445075
NCW18,OUT017,3897.533337878228
NCJ17,OUT019,230.60455579850856
DRZ24,OUT010,390.12700832301334
FDS07,OUT035,1609.6901941695248
NCW05,OUT010,415.9497911193981
FDZ22,OUT018,1078.9606231989105
FDK02,OUT046,1546.1518627673347
FDZ45,OUT027,4562.2488651216045
FDL25,OUT046,813.6714876460375
FDS08,OUT045,2328.220659945203
NCZ42,OUT027,6012.422171698185
FDX57,OUT035,1777.6249050033682
FDF21,OUT046,4016.0356453207673
FDJ56,OUT018,1382.6374368145812
FDX10,OUT013,553.191938500639
DRG48,OUT035,2754.4372081962415
DRN37,OUT046,2156.9610177208374
NCY41,OUT018,628.0235600811849
FDN28,OUT045,1274.6447004216852
FDE34,OUT045,2867.037674916655
FDR10,OUT045,2123.945825193988
FDC32,OUT017,1382.1364328643233
DRG13,OUT046,3694.3745008120923
FDP59,OUT049,1539.1196323070799
NCT53,OUT010,380.780525478672
FDL57,OUT027,7073.862067190164
FDN32,OUT010,501.1801418108913
FDK09,OUT018,2957.4534503771292
FDA52,OUT010,459.3740316061444
FDC57,OUT049,2373.8279097900954
FDI09,OUT035,4070.82360407056
NCB07,OUT046,3170.916647526745
FDP26,OUT035,1255.9289176011428
FDP40,OUT027,2364.645043174287
FDL15,OUT013,1700.944297770981
FDV07,OUT046,1919.9630785274214
FDS03,OUT017,1131.7479424080225
FDE50,OUT049,3633.2685833730525
FDQ15,OUT017,1382.42086667061
FDQ33,OUT010,523.5638379571693
FDT22,OUT013,1005.671089447432
DRO35,OUT035,2633.255501144473
FDJ41,OUT049,3697.2305965192722
FDQ27,OUT035,1773.9963549859604
FDC26,OUT017,1352.9795585133938
NCF43,OUT027,3396.1602609289457
NCR50,OUT035,3854.8221082987293
FDE39,OUT018,2374.1644280248615
FDN49,OUT027,941.5624709532781
DRG11,OUT035,1695.6144649878304
NCA18,OUT049,1273.7436170575852
FDM36,OUT018,2389.779407557265
FDW32,OUT017,1089.0584705550057
NCQ18,OUT010,334.6701355037036
FDX14,OUT027,1562.2743605534397
FDD46,OUT017,2011.383563298124
FDI34,OUT019,552.3140991889882
NCJ17,OUT035,1179.3730384193364
FDB52,OUT035,3384.1931700034224
FDV55,OUT018,2383.653899421383
FDC57,OUT046,2314.1051002206955
FDB29,OUT046,1571.3399940801348
NCO43,OUT035,2020.416101932868
FDG44,OUT045,1047.4888635858242
FDJ34,OUT045,1698.1730764067931
FDH40,OUT049,1319.5363218794607
NCD07,OUT027,2026.6646072361932
FDB41,OUT017,710.6941260012626
FDH47,OUT018,1314.7392181491264
DRK37,OUT035,3815.854538148849
FDM25,OUT019,461.7533580140959
NCX06,OUT045,2888.0051283222188
NCS05,OUT017,2148.4508803924186
FDS39,OUT045,2907.0364546747714
FDC47,OUT027,6380.739641205113
FDG20,OUT013,1688.3725449117628
DRL23,OUT017,1775.9482456331152
FDY33,OUT013,3350.510073600321
NCH18,OUT045,3654.250930776277
FDX47,OUT035,2684.50107347814
NCB06,OUT045,2543.8833983880804
FDP36,OUT049,1156.209390274461
FDW44,OUT018,1898.4626913354348
NCU41,OUT018,3463.5848809392783
NCS17,OUT046,1891.453075689618
FDD46,OUT035,2142.7345784522386
FDE45,OUT017,3410.1821453497446
FDI09,OUT017,3872.745659272946
NCJ54,OUT010,540.8673878092602
NCA29,OUT018,2603.8315428626893
NCN41,OUT027,2126.300832633638
FDY34,OUT035,3026.0674158457336
NCG55,OUT035,2419.4225452749356
DRM49,OUT046,769.8412635547196
NCB42,OUT049,1954.1146980121305
FDE58,OUT045,2124.512505014213
DRJ25,OUT013,967.3019015043125
FDS47,OUT010,270.4715730039739
FDY21,OUT049,3447.344280145683
NCI54,OUT013,1691.17138725146
FDO24,OUT017,2643.9070764362637
FDY43,OUT035,1171.4398554027882
FDF35,OUT018,1349.9884794981326
NCP29,OUT019,160.43362563145183
FDN28,OUT027,2004.8315463978718
FDJ50,OUT018,797.4620095742604
FDQ14,OUT027,2493.555298172161
FDC37,OUT035,2106.47604916977
FDN08,OUT046,1975.9151263070798
FDD04,OUT035,1870.7835599978719
FDW34,OUT018,3695.7848191264748
FDP04,OUT017,1003.9453705568076
NCG07,OUT017,3070.5523098243125
NCN14,OUT018,2114.585115466123
FDJ16,OUT045,969.3225040574661
NCM42,OUT045,1479.4222922372762
NCF19,OUT046,727.5818488340125
FDY21,OUT018,3175.8052997866353
FDY19,OUT035,2470.142753265031
FDV09,OUT045,2098.960311302263
FDA28,OUT013,2026.3499062315705
FDC38,OUT018,1757.6211611635367
FDL28,OUT045,1908.5569176929853
NCH43,OUT049,2281.0540293933504
NCN53,OUT045,641.7359034706385
NCW05,OUT017,2900.7495288835066
NCO30,OUT018,2313.2483787448746
FDT04,OUT019,45.01028188519672
FDB27,OUT018,3019.0274388250236
NCK07,OUT013,2685.552775325231
NCA53,OUT013,725.3494475417982
FDB33,OUT018,2722.270496014618
FDU37,OUT017,2037.116404533137
FDR13,OUT035,1551.5552208867214
FDE45,OUT049,3440.333189411944
FDV37,OUT017,2655.6813371135067
FDX44,OUT019,270.9749598796541
NCL06,OUT017,3332.7770167916424
FDJ28,OUT045,2758.886273081481
FDX55,OUT049,3519.031550453515
NCK17,OUT018,594.0121115340983
FDH52,OUT035,1058.9405672004534
FDN13,OUT027,1825.8195453130652
FDK44,OUT018,2139.0758359920915
FDU16,OUT046,1261.4032529933866
FDZ07,OUT017,869.7730481307473
NCN06,OUT027,3937.592085675459
FDH02,OUT010,250.50566406898315
NCW18,OUT045,3873.4210610499963
FDH57,OUT013,2292.247517967617
FDV35,OUT045,2994.7509405730607
NCU29,OUT013,2726.0304752211923
NCP02,OUT046,995.7361461608375
FDN44,OUT013,3052.844059723873
FDX03,OUT018,517.4275863745215
FDR11,OUT010,411.4606629200603
FDA36,OUT046,2266.2697183697564
FDP58,OUT027,4567.2269115927575
FDH31,OUT045,1215.7732532705463
FDH34,OUT035,3621.7960560070637
FDS13,OUT035,3204.756395392194
FDT01,OUT018,3359.7968598266625
FDY09,OUT049,1341.1949195116792
FDV33,OUT027,5112.02846332513
NCW29,OUT010,318.7581340915547
NCN17,OUT045,1286.6610032597362
FDX01,OUT046,1533.7181821185397
FDL03,OUT049,2968.265282217011
DRL59,OUT049,763.4928922077128
DRM11,OUT027,5871.012998958655
FDA43,OUT049,2826.080371643964
FDZ56,OUT010,413.0180933304647
FDI44,OUT018,1204.2390144920491
FDB50,OUT013,1478.7819103952068
FDU15,OUT019,90.42832494911325
NCJ19,OUT019,245.37618982305798
FDD48,OUT013,2029.1361206366878
NCW42,OUT035,3290.62791261561
FDL24,OUT017,4024.3895803324426
NCB30,OUT013,3074.860561592672
FDK25,OUT013,3343.7212307634168
FDW28,OUT049,3093.38239409858
FDD47,OUT017,3340.895648406803
FDK16,OUT019,334.8747603977254
FDW37,OUT046,1444.7258288357662
FDA48,OUT035,4370.782885850342
FDA14,OUT017,1693.79751042258
FDV15,OUT013,2011.5717036077658
FDN22,OUT049,3656.8328865155004
NCD55,OUT045,568.8091003094444
FDY43,OUT013,1131.5591776301226
NCU05,OUT017,1095.5003091871322
FDF10,OUT035,2188.3387682990906
FDR39,OUT018,3383.2451063844524
FDG40,OUT013,640.0885859161405
FDZ28,OUT019,311.4538832298114
FDE02,OUT045,1766.0828932069235
FDU60,OUT049,3235.8278650831444
FDM21,OUT013,4721.136431394578
FDV52,OUT019,345.8968493641946
NCW06,OUT013,2471.6555185037023
FDX36,OUT035,4015.7403156675314
FDT35,OUT027,3014.48371843513
NCL19,OUT010,496.777638968652
NCD31,OUT046,2530.675011936138
FDE53,OUT019,275.644947324852
FDW58,OUT019,305.84271175658705
DRF48,OUT046,1780.1244327989389
FDW57,OUT035,3445.8286029925457
DRH13,OUT017,1052.917965250833
FDT33,OUT013,2337.3630036405943
DRK47,OUT027,5276.422693642875
FDY22,OUT010,371.93342929864235
FDC35,OUT019,513.7927898463098
FDO03,OUT013,4910.083342462631
FDF24,OUT045,1458.9126308869559
FDF56,OUT018,2824.116017999966
FDD28,OUT013,1015.1591187685397
FDG53,OUT027,2386.513557067614
FDO27,OUT019,301.3107704225457
NCF54,OUT018,2234.243730949649
FDC20,OUT027,1184.87476178094
FDU10,OUT046,710.2844044244548
DRA24,OUT018,2120.2344082136806
FDA02,OUT010,322.80001152584805
FDG10,OUT017,660.5095264374429
FDW39,OUT010,569.8589012696798
FDP04,OUT019,217.1512671312551
NCM55,OUT013,2606.177743276958
FDG47,OUT045,4168.944604284596
NCU41,OUT017,3942.69332954635
NCK31,OUT017,805.9331070181452
FDZ46,OUT045,1496.0983753070402
FDU13,OUT027,3900.4186741225876
NCF19,OUT045,694.6056402362527
NCJ43,OUT013,2298.876780276864
NCJ05,OUT045,2269.4958670377355
FDS04,OUT027,3544.6861546578825
FDX28,OUT010,439.077941082085
FDB41,OUT027,1168.0296476712076
FDG53,OUT046,1620.8867106627
FDL15,OUT010,320.54650955524426
FDQ08,OUT049,968.2115780116801
DRN36,OUT013,1419.4929505746052
FDI46,OUT013,3211.411074310008
FDG16,OUT027,5070.651725150552
FDV32,OUT013,1149.0993407094118
FDF44,OUT010,391.3395366719062
FDK04,OUT018,677.8426441693139
NCA41,OUT013,3374.003491605827
FDD51,OUT017,609.5268344337825
NCZ53,OUT045,2917.6507260693375
FDP01,OUT027,2283.443530827402
FDY25,OUT049,4720.05032741638
FDB17,OUT018,2918.7602576965246
NCV54,OUT018,1555.5864766787297
FDJ32,OUT017,800.2715820217078
FDA37,OUT049,2273.860356980532
FDG35,OUT035,2312.6397250328155
NCM05,OUT018,4338.033225244639
FDG45,OUT046,4128.149739335593
FDH28,OUT013,605.2477431204826
NCE18,OUT049,4547.366427348794
FDH38,OUT045,1986.5980566626986
FDR56,OUT013,4145.014124006091
FDH17,OUT027,2189.1634037034896
FDD39,OUT049,3999.343726403645
FDB41,OUT049,719.5421865470182
NCR53,OUT046,3709.289451622363
FDX46,OUT017,1235.037786209912
FDV28,OUT049,629.3612111165168
FDA08,OUT018,2014.3856162438408
FDH45,OUT017,619.6988545303266
NCS38,OUT010,305.1392563500309
FDD40,OUT010,551.0561163658829
DRM59,OUT035,2512.936793911619
NCJ43,OUT018,1985.1282848560786
NCN29,OUT013,581.9662550851272
NCC19,OUT045,3477.043875270254
FDR56,OUT035,4413.529762085953
FDZ43,OUT049,4619.504748035901
FDJ32,OUT010,125.77793097115406
DRH03,OUT017,983.1928622074207
NCZ54,OUT035,3348.4195073609753
FDE26,OUT017,2254.9479237821674
FDS03,OUT045,1065.9366237096704
DRZ24,OUT019,379.21752182612477
FDO48,OUT027,4864.750404800105
FDW39,OUT049,2587.86106309255
NCK05,OUT049,819.1934790275866
NCK30,OUT017,3517.237943503197
FDT27,OUT018,3555.449878479117
FDS08,OUT019,421.5831948483797
NCJ19,OUT049,1201.6713366471524
FDC58,OUT045,630.5779589246454
DRE37,OUT013,2316.493951782507
FDW02,OUT035,2632.125463098289
FDJ02,OUT010,331.5827137454608
FDX09,OUT045,3181.4239641218637
FDT31,OUT010,482.5063056862565
FDI24,OUT049,3612.976151818316
FDY09,OUT045,1153.466727212213
FDV28,OUT045,612.3374014114286
DRM47,OUT049,3176.493791253218
FDT52,OUT019,579.5754142165669
FDI48,OUT018,654.5565448120261
FDY55,OUT017,5397.549668382617
FDU48,OUT013,1079.91432513928
FDN25,OUT045,623.699457038882
FDP20,OUT049,1373.2533568681338
FDJ15,OUT013,4294.950033933652
FDD04,OUT018,1666.2445044031554
FDY58,OUT045,4285.827078163635
FDR37,OUT018,3452.42958354842
FDF44,OUT013,3155.0177820135323
FDD32,OUT045,1133.4074179736433
FDR57,OUT017,2146.4042739909305
DRG39,OUT027,1471.2147924139526
FDX15,OUT017,2312.0063158194926
DRN37,OUT045,2107.992038948598
FDW40,OUT027,3432.507332461847
FDB32,OUT049,1681.7536723254918
FDM40,OUT018,1814.6023942908432
FDE39,OUT027,4154.298434798031
DRH49,OUT017,785.3987694778233
FDT46,OUT049,683.1695629627942
NCF06,OUT035,2820.7217953410545
FDP07,OUT017,2702.29759786645
FDC04,OUT013,2874.9322489122032
FDZ32,OUT017,1184.4150855137889
FDD50,OUT045,2955.820704051819
FDU56,OUT017,3827.4507912438276
FDV34,OUT017,907.6151186387066
NCY41,OUT013,730.7110270212685
NCK18,OUT046,2925.3422286288996
DRH25,OUT049,786.2793455059655
FDT57,OUT046,3523.629692989741
FDV56,OUT018,963.8608796520888
FDV12,OUT045,2094.716475687606
FDN52,OUT017,1512.2328692228039
FDX38,OUT035,652.7898539621153
FDE47,OUT018,1722.071402264453
NCO07,OUT013,2763.303175604764
FDV09,OUT027,3366.7938927320247
FDZ23,OUT019,510.78259682689816
DRH51,OUT018,957.7422355627339
NCY54,OUT045,3298.921395062559
DRG49,OUT013,4156.049133538903
NCC19,OUT049,3731.4584712185538
NCV53,OUT045,4777.850168074665
FDZ47,OUT019,387.28810657096074
NCO26,OUT018,1791.3474364493104
NCP02,OUT045,948.8646335695988
NCW30,OUT018,3370.4094089488635
NCN55,OUT046,4503.785326361487
FDB20,OUT010,238.40331199769605
DRL11,OUT013,3086.064900852517
DRD60,OUT045,2655.86673870132
FDW14,OUT010,326.092633806767
FDL27,OUT010,234.68724643645146
FDU09,OUT018,1623.7928321227723
DRH36,OUT027,2030.1265969220399
FDP34,OUT027,4455.147339813006
FDE04,OUT017,2740.8911736343625
FDZ57,OUT027,1906.4345546492532
FDF02,OUT010,297.7768742362211
FDG28,OUT045,2642.2136949822925
NCI31,OUT046,607.3078462942381
FDT43,OUT013,721.0590031684374
FDU20,OUT046,2204.232854457164
FDD53,OUT013,579.8527180383899
FDW15,OUT045,2701.9591541913255
NCT53,OUT045,2061.8593824358472
NCG55,OUT027,3576.0228540432354
FDD48,OUT035,2132.1094813391665
FDG47,OUT049,4246.225761757076
FDI21,OUT017,1050.7205934177082
FDT27,OUT017,4032.4845256278118
DRO35,OUT013,2507.5944617223195
FDD33,OUT017,4386.290194706666
FDC04,OUT035,3045.9731843112913
FDY34,OUT013,2873.576653830215
DRJ49,OUT049,2034.157659548216
FDE05,OUT049,2317.184794467823
FDU31,OUT017,3362.576009637129
NCN19,OUT027,4127.7715751248
FDK56,OUT027,4515.544236305845
FDK58,OUT017,1918.4620819226518
NCJ42,OUT035,1858.445525895863
FDZ34,OUT027,6972.79234616398
FDA52,OUT018,2725.1638575796746
NCR29,OUT013,1040.0532134055627
FDT48,OUT035,3288.0903587547828
DRJ51,OUT019,599.6882774858421
NCS54,OUT046,3364.147845739642
FDV01,OUT035,2865.4211988725547
DRG51,OUT027,3349.007989602087
NCG42,OUT013,1959.3192051953554
FDA51,OUT049,2108.7528579314353
FDV19,OUT010,402.5765240388214
NCT18,OUT045,3947.2180663375375
NCS41,OUT045,2336.3519732906398
FDO03,OUT046,4879.661063225185
FDL12,OUT010,208.1521755672638
FDY37,OUT010,391.1429537511066
FDI58,OUT049,1481.0759314713057
FDT28,OUT018,2182.9287373486313
NCC42,OUT010,347.6934337987934
FDO01,OUT017,1999.3143401537031
FDJ02,OUT013,1759.678287706157
FDQ04,OUT018,534.1933714567417
DRL47,OUT013,1562.3175319642967
FDZ32,OUT035,1206.6986784667113
FDC35,OUT035,2962.201683762427
FDX14,OUT045,899.6065479639348
FDZ35,OUT013,2178.242199960921
FDL14,OUT013,2267.0665667096105
FDO04,OUT049,842.6055051874913
DRK11,OUT017,1950.4966655760572
FDB44,OUT018,3195.87668192817
FDZ50,OUT049,5234.922771676771
FDI12,OUT027,1812.6331746740655
FDU43,OUT017,3298.3737168988405
FDD58,OUT010,268.72694829876986
FDB27,OUT017,3430.5182904895346
FDB04,OUT018,1341.3552229745558
NCO17,OUT013,2038.1064541908163
FDL12,OUT017,1053.5921370538658
DRJ13,OUT049,2396.884248654029
FDD57,OUT045,1400.8461031765758
FDW19,OUT035,2093.7293370966186
DRD27,OUT018,1214.4351789677896
FDH27,OUT027,2851.604303554683
NCW30,OUT027,5355.667206705917
FDR40,OUT018,1376.7428101540286
FDG05,OUT013,2328.465623114575
NCY41,OUT019,94.82162311221859
FDI38,OUT018,3492.5632469896836
FDR20,OUT046,670.8971031691215
FDE09,OUT017,1280.5921368657623
FDN50,OUT019,265.73964161589277
DRF27,OUT045,2197.319502591779
DRF51,OUT013,696.29310256113
NCO02,OUT019,237.88507427758947
FDB51,OUT027,1328.6347562784517
FDJ50,OUT013,918.3666361970793
FDN52,OUT013,1503.7460487146939
FDX14,OUT013,981.0654099832418
FDT27,OUT019,619.3316838283572
FDV10,OUT013,721.1817966326262
FDU33,OUT046,763.2949910823347
FDU58,OUT046,2622.911821145033
NCP42,OUT027,4697.782012874906
FDL51,OUT027,4828.496725290495
DRH15,OUT027,1292.7222550510758
FDU16,OUT017,1308.2567446986059
FDW15,OUT017,2928.6514343871904
FDQ44,OUT045,2213.5162587917625
NCI06,OUT027,5204.824832680009
DRK23,OUT019,877.4334949795373
FDC28,OUT035,1583.9285609981198
NCY17,OUT019,186.3846614055184
NCV05,OUT018,1915.7019082793197
FDM34,OUT019,334.922545124166
DRD60,OUT027,4516.112161774718
FDT38,OUT046,1274.2987920760231
FDQ57,OUT018,2021.6774450665807
FDE59,OUT027,943.4612788314902
NCM43,OUT046,2460.151719217775
DRI51,OUT049,3475.749925660797
NCG30,OUT017,1945.420124860529
NCK54,OUT035,1910.1923463703895
FDQ16,OUT019,348.3916983825975
FDI36,OUT013,3056.147260051999
FDX16,OUT027,3425.7435356936417
FDA34,OUT046,3590.3774438499095
FDJ48,OUT018,3551.175413900226
FDU47,OUT035,1359.4538929976093
FDS39,OUT046,2977.6418157678518
FDD11,OUT046,3183.645500943485
FDM16,OUT027,2101.7629485783136
FDU56,OUT018,3279.902997789757
FDQ32,OUT017,2268.32143488403
DRK35,OUT013,695.3453298644713
FDA58,OUT049,2571.6605231146523
DRG48,OUT019,392.7074600799109
FDT59,OUT010,622.1551523046519
FDQ31,OUT019,249.30600027193537
FDS51,OUT018,855.479189616582
FDW32,OUT027,1825.902475925507
FDI15,OUT027,6770.787470574996
NCV30,OUT017,948.6405199642124
DRG25,OUT049,4319.11060865569
FDT02,OUT013,543.5909887091634
FDO33,OUT027,2793.1179798633993
FDP38,OUT035,819.6265978814985
FDZ45,OUT035,3224.417643913578
NCA54,OUT027,3764.907490360221
FDU33,OUT017,769.3126631374785
FDN58,OUT017,5008.307588649075
FDI05,OUT045,1398.670764110744
FDM57,OUT019,244.03571313706357
NCS42,OUT027,2969.7589411648883
FDB57,OUT045,3910.4652297765247
FDC03,OUT045,3104.9670819093917
FDZ58,OUT013,2119.5535146200787
NCK29,OUT045,1999.4244807662471
NCR53,OUT045,3693.705515218787
FDE26,OUT027,3388.0793195031183
FDU52,OUT049,2006.3689993729656
FDE41,OUT027,1674.7081397054121
FDU38,OUT018,3099.925225933467
FDA52,OUT017,3154.0535930918954
FDW46,OUT046,1006.0368783625884
DRI59,OUT035,4582.843736598021
FDT38,OUT035,1331.0264166888874
FDL33,OUT018,2231.7308881913536
FDQ01,OUT027,5372.350096619666
FDJ08,OUT046,2945.4393346153743
FDQ47,OUT049,714.3725184204704
NCZ18,OUT013,4543.534913471458
FDE29,OUT017,1030.567776205862
FDF10,OUT027,3123.0077729148534
FDC48,OUT049,1450.2362386561279
FDY58,OUT013,4435.281341803098
NCX30,OUT010,859.7103726175995
FDV11,OUT013,2075.740862393225
FDT46,OUT046,649.5227736870419
DRD01,OUT019,167.1619565397218
FDQ11,OUT013,3202.3770777692093
NCM41,OUT017,1049.295355232709
NCC55,OUT013,612.9662135650984
FDG45,OUT027,6820.217220895995
NCQ54,OUT049,3448.3551474617443
FDM34,OUT045,1969.1573481486716
FDD17,OUT019,568.6674077096166
FDN38,OUT027,6064.302064055089
FDB53,OUT018,3131.8919417004545
NCL06,OUT035,3445.5686405995407
NCV18,OUT019,357.59748204840486
FDX25,OUT013,2998.421147792607
FDB39,OUT046,722.3078283833617
FDC33,OUT049,3565.9294123638174
NCO14,OUT018,505.39982215091584
FDA58,OUT027,3829.6863694387803
NCQ02,OUT017,3595.755642743694
NCR53,OUT017,3825.8808908401197
FDN52,OUT046,1501.02137568888
FDG26,OUT046,3638.6149819221973
FDE23,OUT027,1454.1531131213571
DRI37,OUT013,711.9560813807349
DRH37,OUT018,2050.8355277874766
FDO01,OUT035,2127.981885690836
FDK45,OUT049,1688.976479177497
FDP23,OUT049,3902.9759873282896
FDM33,OUT035,4450.734890321306
FDD36,OUT017,1640.8552700832067
FDL56,OUT017,1521.9091740639392
FDT27,OUT010,624.4144650513055
FDG52,OUT017,773.3173836905981
NCL42,OUT035,5523.077148851506
DRJ24,OUT046,2409.0459179827126
FDV38,OUT046,799.0540752388065
FDT35,OUT045,1953.2547435039962
FDY51,OUT045,4018.0438901442258
FDC37,OUT017,1976.2390700905216
NCP43,OUT013,2429.863975589384
FDO33,OUT045,1743.9638317878362
FDW04,OUT018,2330.148035626504
NCC31,OUT046,2196.392135938077
FDK22,OUT049,2947.810535864525
FDJ50,OUT017,950.8615889612939
FDV13,OUT017,1712.2968141034016
DRL60,OUT017,1947.5779310625817
FDW03,OUT017,2152.7740482979766
FDY27,OUT035,2404.515234044009
FDB39,OUT027,1227.6516009758532
FDU59,OUT045,3069.294377144309
FDZ57,OUT049,1298.071864418673
FDO21,OUT049,2878.785352347524
FDS43,OUT018,2680.367755904156
FDU28,OUT010,455.86823609236075
FDC51,OUT010,362.0651802815005
FDW16,OUT010,334.9440954951508
FDP32,OUT010,337.76102379367364
FDB60,OUT019,494.5766681400836
NCQ30,OUT046,1138.4598065096327
FDD26,OUT049,3055.911667753169
FDI44,OUT045,1350.010597310127
DRH23,OUT046,868.721835927354
FDO44,OUT046,2009.1233189153954
FDG04,OUT046,2405.6825939432915
FDM32,OUT027,1450.7470269061334
FDM09,OUT013,1820.394149699802
FDZ47,OUT013,1806.6783964188648
FDM40,OUT027,3138.482052307519
FDY48,OUT017,1553.6700672743277
NCM30,OUT045,601.2109990718128
FDX36,OUT010,626.132460217166
DRF03,OUT017,618.0372668384389
FDN51,OUT049,4958.730408586198
FDM57,OUT049,1249.4774779829222
FDB35,OUT049,1506.4649744196176
FDY13,OUT027,2007.8222127783458
FDA37,OUT017,2268.5184192338174
NCX53,OUT017,2201.385063537968
FDD59,OUT018,1247.2387012680101
FDX10,OUT019,26.898886596224735
FDC03,OUT018,2871.5712979012383
FDW43,OUT035,3899.9804295992894
FDW10,OUT046,3035.4885092513177
FDY14,OUT027,7631.612846230508
FDV43,OUT045,692.8088839854113
FDO40,OUT013,2322.7641907986567
FDP46,OUT027,2390.777064094397
NCE43,OUT019,418.5056013445341
FDD05,OUT035,2418.9407267895617
FDJ60,OUT010,433.4936856503255
DRE27,OUT018,947.9956533402624
FDO11,OUT035,4853.861838428473
DRG11,OUT027,2502.0888664676227
FDK33,OUT010,496.0957935080655
DRM23,OUT045,2751.4873923455384
FDJ02,OUT027,2538.7450403654184
NCZ05,OUT045,902.9229499426782
NCL30,OUT013,2749.6319122325485
FDZ19,OUT018,2741.679705899248
FDM45,OUT049,2121.4135672571956
FDO36,OUT046,2657.070554350393
NCK31,OUT045,753.0547276076679
DRJ37,OUT045,2648.382328375055
FDP24,OUT018,1561.9338275887183
FDF46,OUT013,1912.9236997419875
FDX46,OUT019,205.49314446268417
NCL18,OUT045,2278.3219227881386
FDJ26,OUT013,3177.884596712644
FDJ07,OUT045,1507.2029692048695
FDY15,OUT013,2309.425717450323
DRG01,OUT045,1206.8336494049158
FDF58,OUT045,940.7782425250575
FDZ14,OUT019,373.3119789079384
FDP31,OUT049,968.3487608136263
FDH45,OUT013,589.459533772133
FDA09,OUT010,452.32395005246826
FDW31,OUT035,2738.9152226321585
FDA57,OUT046,916.4338992930745
NCE55,OUT035,3882.7575835403004
FDC17,OUT019,660.0690315831471
FDC59,OUT013,1062.5238028616668
FDA22,OUT013,3886.140689381237
FDK52,OUT035,4306.048701078858
NCM26,OUT046,2403.9939356038185
NCT53,OUT035,2199.7681877493537
FDW45,OUT018,2442.629343959074
NCI18,OUT035,3089.8934843699953
FDE38,OUT018,3141.6117098034338
FDF08,OUT019,255.9163469767983
FDY58,OUT010,530.4910973702256
FDF58,OUT019,213.20217822303897
FDX39,OUT017,4115.613342624931
FDB44,OUT049,3696.6058905705895
FDF28,OUT013,2416.0288638711104
FDE39,OUT013,2602.1665585143455
FDT37,OUT018,3799.3221176015777
FDZ45,OUT017,3166.0881712665473
FDO40,OUT035,2447.75055750868
FDM57,OUT027,1910.3266933055004
DRG36,OUT017,3362.828727483715
FDY36,OUT010,231.6146426242052
DRL60,OUT027,2869.268073452168
FDS25,OUT019,357.2600527027219
DRF49,OUT027,2213.515628362341
FDP16,OUT045,3904.280007429513
FDS60,OUT049,2591.1431243943803
FDU15,OUT027,1094.8575389527393
FDK43,OUT046,2005.3753109288155
FDN25,OUT046,632.6172302578378
FDE53,OUT049,1437.7632278617898
FDB22,OUT013,2332.8682018042705
FDE39,OUT017,2714.008465824246
FDX35,OUT035,3779.209901955186
NCG54,OUT049,3570.386410010875
FDH27,OUT035,2028.2393497702383
NCK42,OUT013,3859.222149900729
FDS25,OUT049,2355.8924074147894
FDI10,OUT018,2827.297098564514
FDU35,OUT035,1994.6136028560938
FDI04,OUT017,3281.634431585062
DRK23,OUT035,5731.120308098962
FDB53,OUT019,456.7868843312815
FDY02,OUT049,3775.873785524466
FDM60,OUT035,768.8155649831263
NCJ31,OUT010,641.4387034964806
DRP35,OUT017,2266.1904046674185
NCQ30,OUT018,981.3095770658584
DRL11,OUT010,458.5150240550917
FDU01,OUT013,3205.363549992871
FDR39,OUT035,3701.9401163535367
FDO08,OUT046,1849.40050259234
FDC02,OUT045,4486.587862117989
NCZ29,OUT035,1884.0018845232667
FDF29,OUT010,367.50028808029265
FDZ23,OUT017,3158.9998610421494
NCU53,OUT018,1602.261604102187
NCW30,OUT013,3801.8622784287154
NCM26,OUT027,3816.890586227663
FDV50,OUT027,2766.4765922514125
FDW15,OUT049,2948.645713982436
FDI35,OUT027,5982.277497296169
FDO11,OUT017,4747.83630783413
FDN48,OUT046,1614.2417899625816
NCA17,OUT049,2841.7403986799695
NCN54,OUT013,905.0596152063971
FDP22,OUT013,694.246610853146
NCB54,OUT035,2039.4092187616989
FDD08,OUT045,675.273433761142
DRM48,OUT010,154.0864970273841
FDG41,OUT027,2322.7014747789667
FDE44,OUT027,1393.0772348201401
FDE26,OUT035,2393.122646050668
NCS38,OUT013,1650.088830568429
NCJ54,OUT018,3765.7956696095894
FDI40,OUT019,288.1703817584636
FDN45,OUT018,3408.098389396519
FDU43,OUT046,3089.2103475340423
FDI04,OUT010,533.9079051280829
NCC07,OUT018,1394.618962452781
NCC07,OUT019,301.38257456247794
NCD18,OUT045,4039.2379280244327
FDU55,OUT035,5761.170263843855
FDX59,OUT035,643.7707919668289
FDR52,OUT049,2966.5913352838324
NCP17,OUT013,912.7693676104283
FDQ32,OUT045,2088.469949346747
NCT17,OUT049,3587.6658566959522
FDO10,OUT049,861.0828964629505
FDE32,OUT049,626.1407770465917
FDN44,OUT045,2921.7921758347184
FDH02,OUT035,1217.0896368849458
FDK60,OUT013,1584.2510522146858
FDS24,OUT019,248.53803994199677
FDL03,OUT010,526.6157633197613
FDB46,OUT027,5429.76126790805
FDO48,OUT049,3318.026261150571
FDZ39,OUT049,1436.246710313526
FDT02,OUT027,919.312249618379
FDC50,OUT013,1807.3831714660612
FDP39,OUT035,845.4356600313745
DRG15,OUT018,999.4068801326187
FDP10,OUT018,1590.036141594951
FDF53,OUT027,5257.872249672537
FDN34,OUT045,3229.4486081892005
FDK02,OUT045,1672.4456179953468
FDC23,OUT045,2999.5798854444192
FDJ10,OUT019,368.00135171860694
FDE53,OUT035,1501.3183460293722
FDR25,OUT035,4342.956060674513
FDW50,OUT046,1858.3500739928245
FDS09,OUT049,735.7640897185488
FDW49,OUT010,464.3696927223114
FDU51,OUT046,3918.1452447049064
FDF28,OUT018,2016.8457097699452
NCY30,OUT018,2712.0909074584756
FDD44,OUT045,5170.130073670478
FDX09,OUT017,3376.586825036294
NCF30,OUT013,2001.384434323905
FDZ50,OUT019,739.5995834853871
FDW37,OUT013,1452.8100619789961
FDD11,OUT049,3444.420660802682
DRH39,OUT018,1235.083765687808
FDA36,OUT049,2417.285078997779
NCG43,OUT049,1313.3625605837055
FDF02,OUT035,1801.508749631246
FDP57,OUT027,2505.787103686816
NCE42,OUT017,4649.386216232329
NCR38,OUT027,5825.407096275099
FDP03,OUT019,336.7478896603116
FDO51,OUT035,808.6758950828166
NCQ42,OUT046,2217.8700709857767
NCM41,OUT046,1004.6087088570464
FDH48,OUT027,1746.8548847039758
DRF60,OUT046,4450.527422307599
FDJ27,OUT035,1614.9408118840036
FDQ14,OUT013,1742.4872771573982
FDN27,OUT017,1807.5901207720883
NCQ02,OUT046,3444.1871442510383
FDJ33,OUT049,2578.422848699528
FDP07,OUT027,4315.4811303291535
DRE01,OUT049,3321.1230405531874
FDU36,OUT045,1684.541619796068
FDL28,OUT017,2059.4895023333884
NCX53,OUT046,2093.319859080301
FDZ39,OUT013,1402.903936197773
NCP42,OUT013,2866.150424999668
FDJ14,OUT035,1014.2941383642703
FDK04,OUT049,797.0211968277126
NCC19,OUT017,3700.7743724394986
FDS09,OUT018,627.9624658186614
FDZ02,OUT046,778.9063777481363
FDD35,OUT018,1918.7342757657896
NCY42,OUT017,2727.3706456612285
FDB05,OUT045,3300.328604566388
FDF20,OUT035,3714.2241820676873
NCO41,OUT018,1491.972403702598
FDC40,OUT027,1953.8570086586435
FDV58,OUT045,2473.387985389243
FDZ57,OUT045,1244.2917725484508
DRM35,OUT046,3743.7841776669434
DRN36,OUT018,1227.6673982575976
FDQ13,OUT046,1515.202809104323
DRO35,OUT010,367.3712804790351
NCD43,OUT035,858.6610838457705
FDA51,OUT018,1748.479492976536
NCX17,OUT027,5390.197797993536
NCZ17,OUT049,845.5287982181906
FDR11,OUT027,4030.2417270617602
FDW34,OUT049,4394.121608027408
FDN50,OUT017,1351.6692767504292
FDS09,OUT046,709.2974258850281
FDS48,OUT018,1831.856994799362
FDL44,OUT049,3221.021497228176
DRF48,OUT018,1577.8304524140813
FDA14,OUT018,1365.4530393266837
NCD30,OUT049,1420.6787484516194
FDI16,OUT017,1088.8662521950773
NCG06,OUT035,3675.1010348991763
DRZ24,OUT035,2818.0943506105486
NCS17,OUT045,1824.5065715130736
FDB37,OUT045,4662.814738694004
FDE10,OUT035,1965.2294581678036
FDC57,OUT045,2163.2013418047845
FDM12,OUT018,1498.5822510380028
FDE24,OUT049,1919.0288434934735
FDW22,OUT045,4332.703415344731
DRD01,OUT027,1381.4878031000653
NCZ18,OUT027,6843.9876458777
FDN49,OUT045,563.1816585742964
FDR22,OUT035,2303.320166198408
FDV08,OUT019,68.421078894163
FDY39,OUT046,3659.919968352468
FDV36,OUT049,2617.0241515294497
FDO60,OUT045,611.2206810034211
FDU04,OUT027,2633.3706724511144
FDR20,OUT027,1113.854325178346
FDW19,OUT019,314.46308935038695
FDU40,OUT049,2542.5533952783035
FDK15,OUT045,1683.3073451090424
DRF15,OUT035,1448.1017366208987
FDQ25,OUT017,2665.2966009912584
FDI48,OUT019,120.09532904048947
FDS49,OUT046,1491.0263706977423
FDV22,OUT046,2604.0403960237927
NCV42,OUT046,1613.2325604475084
FDX26,OUT046,2796.7907065691525
FDI33,OUT018,1884.788678035069
FDZ14,OUT049,2577.0204992451963
FDG10,OUT013,645.1873537530627
FDM38,OUT018,961.8289909729519
FDG26,OUT027,5553.73588383226
FDH46,OUT035,1550.9289836518058
FDN13,OUT018,1034.2748806878094
FDU57,OUT035,2587.615289969084
NCI06,OUT046,3249.050969019726
FDM38,OUT045,1096.0099628874273
NCG42,OUT010,331.41699695996306
FDL39,OUT045,2458.368416281608
FDT31,OUT019,478.42539762129826
FDV59,OUT013,3747.7724706826907
FDB49,OUT035,1568.6747118186083
FDD58,OUT049,1509.1099763457398
DRN59,OUT046,767.7140201334573
FDX48,OUT049,1840.6953137459616
FDQ11,OUT049,3238.8162399920266
FDY12,OUT049,632.0940131078202
FDQ11,OUT045,3016.4335902149387
DRI11,OUT017,1645.2270709718964
FDY32,OUT027,3150.3018939101607
FDS51,OUT045,929.7419715259582
FDR19,OUT010,392.8885105771594
DRB13,OUT018,2342.1173043242584
FDS21,OUT035,725.8791939713592
FDQ40,OUT045,2426.8146284268873
NCE55,OUT013,3689.2734681126694
FDX43,OUT027,2916.044771356422
FDS12,OUT049,2136.1530100609893
DRK01,OUT027,2297.856041248691
FDN25,OUT017,654.9427587484676
FDB60,OUT046,3005.5686899504954
FDQ13,OUT017,1547.606434027044
DRK13,OUT045,3755.7534163829137
DRF25,OUT018,674.6229217638515
NCD42,OUT019,106.22510382494377
FDW25,OUT045,1165.3635386266092
NCV29,OUT027,3641.268692425523
NCK42,OUT035,4124.0164925690915
DRJ13,OUT027,3496.9784544941285
DRD15,OUT017,3070.79666113167
FDM27,OUT045,2377.716493477778
FDZ50,OUT018,4054.1581936930625
FDC04,OUT046,2775.470012297594
FDF50,OUT049,3509.867737251303
FDP15,OUT045,5295.337719990206
FDK46,OUT035,3151.097492701594
FDZ56,OUT018,2585.332753744713
FDY60,OUT049,2440.8480908648176
FDB10,OUT035,2773.015168991612
FDR57,OUT045,2079.1749868575525
FDU58,OUT049,2776.8425956095402
FDH02,OUT046,1157.9976240624983
FDP48,OUT013,4532.533034471715
FDI46,OUT035,3326.426732845469
FDW56,OUT013,4521.308666813338
NCM19,OUT010,489.4387947888256
FDS50,OUT027,5211.2609720478595
FDK24,OUT013,732.9427800794042
FDO36,OUT017,3034.2296707028645
FDK45,OUT027,2523.4045816414714
NCL05,OUT045,606.1779594034772
FDL32,OUT018,1107.3390017202862
FDA28,OUT049,2279.1079033568276
FDY36,OUT018,979.6799579654408
FDP32,OUT018,1721.827700465155
FDL50,OUT046,1510.957279603052
DRC24,OUT049,3194.048242020345
NCS18,OUT017,2056.258851607553
FDD16,OUT017,928.2225376554733
NCV18,OUT013,2541.526794342514
FDX07,OUT046,2886.7058157005717
NCZ05,OUT027,1444.688235809804
NCI31,OUT013,616.4588306428103
FDK14,OUT049,1052.8434277993115
NCR06,OUT045,674.5698131358403
NCF54,OUT049,2645.0936997625518
DRG23,OUT010,351.6661308899581
FDD53,OUT046,605.0061079628306
NCM31,OUT027,3422.563703383713
FDT16,OUT017,5659.182522694202
FDR40,OUT035,1682.4906045785854
DRG25,OUT017,4145.355078294617
FDT10,OUT035,673.6755081691573
FDY32,OUT013,2131.7525839806513
FDN50,OUT035,1416.1207577061734
FDZ35,OUT019,358.47851248081764
NCP54,OUT045,1984.6071875778305
NCD07,OUT035,1408.0457970442183
FDS02,OUT018,3359.7834832336744
DRN59,OUT018,682.1335172713401
DRB24,OUT013,2879.160068413484
FDP37,OUT027,3343.315135914081
DRB01,OUT018,1712.7575131187057
FDR47,OUT046,2918.9602119910037
NCM31,OUT010,387.384625383713
NCF06,OUT027,3921.906608367828
NCV17,OUT027,4148.200901125914
FDS10,OUT049,2970.2217394763284
FDN52,OUT035,1570.2438912790392
FDZ48,OUT013,1574.1166983879289
FDJ48,OUT049,3987.5815968242396
DRB13,OUT027,4078.634726279882
FDV59,OUT017,3750.7304903076047
FDL32,OUT035,1272.9814870861862
FDZ12,OUT035,2531.530954207766
NCR06,OUT027,1048.0191182568306
FDP51,OUT017,1756.866374565524
FDY22,OUT013,2280.860131603055
FDZ38,OUT049,3852.078316108546
NCO54,OUT035,1132.044799520418
FDR23,OUT035,3288.726204575515
FDM38,OUT049,1187.482311360865
FDS25,OUT013,2361.4079698356263
FDZ22,OUT013,1295.134668036188
FDZ20,OUT019,628.9052814274771
FDD45,OUT010,287.13074539448695
FDN03,OUT049,3300.6037207469094
NCW30,OUT046,3677.4636405619826
FDY24,OUT027,1499.5254169787306
FDJ26,OUT019,541.7633415744496
FDM15,OUT049,2690.5262275868567
NCW54,OUT027,1461.0778676936352
FDA23,OUT045,1787.5019878288729
FDA39,OUT019,122.00594459671547
FDZ12,OUT017,2514.2860802384835
NCB42,OUT046,1881.7826351513804
FDL16,OUT046,726.7482751054687
FDO24,OUT019,572.6290811274205
NCP42,OUT046,2760.3669708185776
FDR19,OUT018,2904.7368882122755
DRL01,OUT045,4497.007221297868
FDV37,OUT046,2543.8702049354692
FDI41,OUT010,392.24633984644294
FDF58,OUT049,979.1952580944408
NCF43,OUT018,2016.439409143785
FDN02,OUT049,3988.6878845495353
NCP41,OUT035,1202.9557496690734
NCY17,OUT027,1223.4998418747978
FDL58,OUT027,6303.444761586588
NCA30,OUT027,4188.6010359171305
FDE46,OUT018,1501.6232983355537
FDY38,OUT035,3804.0482214792173
NCH29,OUT027,2963.848859662248
FDO20,OUT045,3735.7466346904753
FDP44,OUT018,1266.0330716449068
FDM02,OUT027,1654.712880980222
FDJ14,OUT027,1560.1056761327538
FDH04,OUT010,259.26307007400794
DRK23,OUT046,5321.813111299589
NCW05,OUT046,2880.0234562713395
FDF12,OUT049,2510.1274255041603
FDL51,OUT019,525.3848154531969
FDN03,OUT018,2717.395574715374
DRJ37,OUT049,2903.0488623211404
FDM12,OUT019,339.5587390933075
FDA16,OUT045,4021.846841161508
NCB07,OUT017,3278.4053172223475
NCI17,OUT019,287.19462625570225
FDR51,OUT046,2635.385781762391
FDJ55,OUT045,4171.160137955321
NCZ17,OUT013,840.7844340892035
FDU25,OUT013,1093.474830918703
NCG18,OUT045,1896.5298075285743
DRM11,OUT017,4218.626941085349
FDH16,OUT035,1526.8344852478947
FDZ04,OUT018,729.9982516721377
NCX53,OUT035,2164.8304297878967
FDX38,OUT027,1011.8848877322791
FDX09,OUT046,3315.3562524129024
NCW05,OUT018,2630.03706134974
NCS41,OUT017,2587.7641940467824
FDI26,OUT046,2803.5496689371967
NCZ41,OUT027,2820.541551172395
NCK06,OUT046,1505.5774508098195
FDX23,OUT027,1589.6845936389395
NCA42,OUT046,2810.7492686564424
FDC20,OUT049,673.988621211774
DRC49,OUT018,2573.5226487465357
FDX01,OUT013,1543.0176976011523
FDC08,OUT045,3009.2488943853327
FDC02,OUT017,4629.29026913005
FDK10,OUT045,2391.605966922639
DRC24,OUT013,3083.3272049970346
FDW16,OUT019,336.3188052605426
NCU06,OUT018,2900.422785290395
DRA59,OUT045,2837.3447436108154
FDR24,OUT019,285.51138660402347
DRL35,OUT018,662.8780624723962
FDA49,OUT013,1194.9889080898627
NCC55,OUT046,618.4934732281428
DRD24,OUT019,345.432383687568
NCE55,OUT049,3664.1568458794472
FDT33,OUT045,2266.202671458444
NCT53,OUT013,2130.7941506629218
FDS26,OUT046,4327.872951302001
FDL22,OUT018,1282.7338941290536
FDP44,OUT017,1497.5949951039354
FDC52,OUT018,1614.052034410744
FDI53,OUT010,385.1908400468596
FDZ23,OUT046,3060.6714541417164
NCT18,OUT013,4079.1754943277697
FDR13,OUT046,1484.2033364384022
FDB09,OUT010,276.6440150781064
FDZ60,OUT013,1001.1023035733749
FDB11,OUT046,4243.858044290711
FDC10,OUT018,1190.2623126760452
FDW56,OUT035,4724.075062055503
FDK14,OUT027,1633.3339779229148
DRE27,OUT027,1692.3496631299079
FDA38,OUT017,2544.105947547081
FDT11,OUT045,2574.1874715716913
FDP15,OUT035,5649.349706327119
FDV27,OUT035,1092.9233055026614
FDS36,OUT027,3892.385725337957
FDY40,OUT027,1142.1955548541637
NCF19,OUT049,743.9878176288651
FDF53,OUT045,3269.86502356853
FDS14,OUT027,3181.7981930445562
FDE56,OUT046,1276.6487100959678
FDZ19,OUT035,3131.6529700057968
FDZ46,OUT013,1566.9004063966645
FDR16,OUT046,4536.620790540679
FDG29,OUT018,520.5332467638926
NCE30,OUT017,2655.0362545883645
FDZ40,OUT046,914.5794725042622
FDG58,OUT018,1894.716995235789
DRH03,OUT013,928.6335930877589
FDZ47,OUT045,1713.4875374183
FDV04,OUT018,1531.7650182315476
FDZ10,OUT018,1794.3371147759856
FDG46,OUT017,2243.997950578891
NCF07,OUT045,1499.9406341790175
FDY44,OUT035,3364.019983819666
FDB21,OUT013,4477.271188503924
FDS20,OUT035,3096.915727224065
FDS49,OUT049,1546.6178911929285
FDX55,OUT027,5273.932687770857
NCQ02,OUT018,3111.855305381743
FDR25,OUT013,4235.899721083211
DRG39,OUT045,869.9957976511005
FDB46,OUT046,3481.2962469734357
NCC30,OUT018,1835.5690638708354
FDE58,OUT035,2342.507389766464
FDC05,OUT019,539.1431586874136
FDY15,OUT046,2296.6758831659263
FDG14,OUT046,3849.1043773075407
FDL08,OUT049,3754.0858559178278
FDQ47,OUT013,694.1821734940927
FDN12,OUT035,1819.4263619708968
FDW10,OUT013,3123.1344430670915
FDD02,OUT035,2250.166669533488
FDX35,OUT010,637.2145525069892
FDT35,OUT046,1999.0361265645777
DRN47,OUT019,458.039371705316
FDB11,OUT010,625.0386676741916
FDN20,OUT045,3247.247597910353
FDB59,OUT035,2841.801835273086
FDJ58,OUT045,2630.347761899674
FDU60,OUT046,3110.1400389423447
FDS03,OUT049,1152.7198563624545
FDU40,OUT019,460.9106508260048
DRH15,OUT049,875.6572217132542
FDD04,OUT027,3014.2736267223713
FDQ01,OUT046,3565.744590287355
FDF28,OUT035,2529.209209189028
FDD22,OUT010,386.6024082338414
FDY19,OUT046,2333.5903795275713
FDN33,OUT035,1357.3006735534395
FDV36,OUT035,2655.220408315681
FDW01,OUT010,334.4402780212303
FDJ28,OUT049,3063.214287224322
FDB17,OUT035,3551.3305422450194
FDM40,OUT049,2076.1862691536076
FDV46,OUT045,1942.6648760779028
FDQ44,OUT049,2377.1704471051307
NCD42,OUT046,733.3944991053392
DRH37,OUT046,2387.5503395398723
FDR10,OUT018,1929.2362797091882
NCD06,OUT027,1160.4132413186596
FDI53,OUT046,2025.2085083917818
FDG16,OUT035,3376.8886608584894
DRB25,OUT046,1812.2303447085224
FDY09,OUT046,1253.7575503864864
FDX48,OUT045,1723.791629077807
FDC03,OUT010,537.7777643904502
FDT47,OUT035,2196.843336716676
FDW44,OUT027,3262.5608265860265
FDT24,OUT017,1445.4540354288283
FDT12,OUT019,790.3290020835562
NCS38,OUT035,1831.762506064316
FDO39,OUT035,4192.247858140661
FDA13,OUT046,630.6903928491412
FDO48,OUT035,3339.4972045733875
DRJ01,OUT017,1594.1753684174282
FDD53,OUT018,534.2423223352782
NCT05,OUT049,3665.518092091462
FDQ51,OUT045,752.1193324813516
FDU60,OUT013,3161.9893874749237
FDC59,OUT046,1059.3870052908817
FDP36,OUT035,1153.3860201574853
NCM19,OUT017,2571.4726506463257
FDL16,OUT035,759.265263838436
FDE50,OUT018,3157.771298940686
NCR18,OUT013,614.8416744689691
NCD30,OUT035,1472.4284937589905
FDH31,OUT013,1279.2126039650327
FDD56,OUT019,448.5375603236141
FDC47,OUT049,4422.40520327472
FDZ21,OUT045,1254.6061101599926
FDM01,OUT049,2048.203490561464
FDF24,OUT013,1533.0329759551332
FDW23,OUT017,634.2213214971853
FDY52,OUT018,764.6025068430574
DRH37,OUT027,3683.565286506169
DRO47,OUT027,2467.528637684674
FDR25,OUT049,4148.231965064519
FDQ24,OUT027,6353.205792539577
DRJ51,OUT018,3510.3565699030787
NCU06,OUT035,3410.3765059249854
NCV18,OUT018,2319.6791948094933
NCC06,OUT027,5056.500469663224
FDZ01,OUT018,1632.155813775643
FDT14,OUT017,2628.394255062272
FDD11,OUT019,529.077026636538
FDN09,OUT017,3336.0492604430488
NCO18,OUT010,450.2145694746904
FDZ50,OUT045,5167.550230865367
FDS44,OUT013,4693.712827340134
FDI36,OUT045,2916.795225061707
FDA26,OUT010,571.5610523646318
NCY53,OUT049,2190.5596738809963
FDF32,OUT049,2306.7128162729073
FDF59,OUT010,303.73578126422683
FDB20,OUT046,1285.9653357826921
DRH11,OUT035,1055.6789539628603
FDT03,OUT049,2067.3008942763977
NCH06,OUT035,2920.0621611863844
FDR55,OUT049,3445.044181289355
FDI10,OUT035,3333.47527501546
FDZ12,OUT045,2288.9338180277173
FDM12,OUT049,1805.123439760782
DRB25,OUT045,1709.533745489297
NCS41,OUT013,2476.5104831977114
NCT53,OUT049,2137.059783845924
NCD55,OUT013,563.5944265209283
FDY08,OUT049,2009.235244669197
NCP55,OUT049,724.7947902320991
FDA33,OUT013,2531.308971501527
FDQ33,OUT013,4097.605398179636
FDE45,OUT027,5286.636501688823
FDT26,OUT013,1917.0136071607756
NCV53,OUT049,4988.323462730104
FDK60,OUT027,2480.3997323980407
NCJ29,OUT046,1196.920290054497
FDI15,OUT045,4377.65400712816
FDX21,OUT013,1513.5441358584364
FDV49,OUT019,676.3848811360143
DRO59,OUT046,1108.463097711778
FDZ14,OUT045,2379.9808798028976
FDP32,OUT027,3093.280135446121
FDC33,OUT017,3381.8173134201065
FDT14,OUT010,374.0695262862193
NCN54,OUT027,1441.633142894738
FDR57,OUT027,3305.539547635886
DRK12,OUT046,571.6934697760701
FDX52,OUT049,2981.570799993132
FDX08,OUT010,412.58476399470555
FDP10,OUT010,304.9620882606464
NCP50,OUT045,1125.6296949542218
NCL06,OUT013,3261.199454670382
FDP25,OUT013,3711.220680913225
FDE53,OUT013,1436.3223830693498
FDL27,OUT017,1193.6419619206756
FDC35,OUT049,2866.627327068512
DRJ47,OUT010,457.79884124573704
FDD16,OUT018,819.1101597997533
NCN42,OUT049,2942.0496763831948
FDC38,OUT027,3092.981265910988
NCO07,OUT045,2595.890685240851
FDQ20,OUT049,755.809732939959
FDI32,OUT046,2118.132876876833
FDN20,OUT010,428.91052160385584
DRJ51,OUT027,5861.1247223150185
FDU08,OUT045,1430.3305402929082
DRN37,OUT019,386.872206665203
FDD05,OUT010,366.3249483632318
FDW15,OUT046,2851.931921114697
FDI52,OUT046,1606.8567616708724
DRM11,OUT049,4036.4402135737864
NCO06,OUT045,548.8077544193973
FDU38,OUT049,3631.306620117493
FDU59,OUT018,2882.339484320322
FDJ10,OUT046,2365.5516053048646
FDM13,OUT049,1195.9317666640964
NCJ30,OUT019,416.3596008645975
FDM45,OUT018,1762.3635677233472
FDP36,OUT045,1067.1291921369777
NCD30,OUT010,268.10736799906294
FDN48,OUT017,1617.7845294932488
FDY32,OUT049,2099.820824369693
FDU47,OUT046,1311.0827042026951
FDF17,OUT019,536.178649114583
FDP34,OUT017,2910.9504777776033
FDA47,OUT049,3029.325402869429
DRD27,OUT027,2162.318439496975
FDW38,OUT045,728.3277731653578
FDZ15,OUT019,360.0285829518118
FDZ03,OUT027,4806.43315759247
NCN19,OUT049,2777.478346195151
FDG02,OUT035,2432.507246658272
FDS31,OUT035,2849.533441483359
FDW43,OUT019,511.8372323429137
FDZ47,OUT010,313.6089271092985
FDO57,OUT017,2332.611852116646
NCL07,OUT013,567.7105513405132
NCV42,OUT013,1643.729556749555
FDP40,OUT017,1583.3675818406339
FDP48,OUT019,726.3014140479725
FDH21,OUT017,2464.602583663353
NCP02,OUT049,1022.6311869360236
FDK24,OUT049,747.9069728677218
FDC41,OUT045,1244.8785825370835
FDF08,OUT017,1433.834062709061
FDO49,OUT017,875.7294126773094
FDS56,OUT027,5552.1566636801435
FDX46,OUT018,1056.3507517814571
FDQ07,OUT013,3647.7229024479616
FDC32,OUT010,256.3973679587343
FDT21,OUT019,487.3463126262002
FDG58,OUT045,2065.498774489491
FDW14,OUT049,1440.2315764645577
DRA12,OUT027,3036.5953953229728
FDV27,OUT013,1030.4288215487607
DRD25,OUT013,1899.5561080561179
DRF48,OUT027,2789.5066889890754
FDX24,OUT017,1445.7809908212607
DRJ51,OUT046,3747.6815179687155
FDE45,OUT045,3214.8819268324546
FDE14,OUT046,1803.2747612060562
FDG53,OUT045,1563.7174663273622
FDT08,OUT046,2583.861106220326
DRC27,OUT027,5008.260505622855
FDG20,OUT035,1740.1709019560778
FDC21,OUT046,1180.3284105046944
FDV31,OUT018,1658.6890158348763
FDB58,OUT045,2155.510331727421
FDV23,OUT046,2073.156760878214
FDA25,OUT019,300.91556563597703
FDC15,OUT046,1941.5765907270409
FDU47,OUT049,1346.348218982915
FDE23,OUT013,855.6805253166176
FDS08,OUT013,2560.8598575438427
FDW03,OUT027,3412.100837087894
FDJ60,OUT018,2357.914502254514
FDM34,OUT017,2119.195777152725
FDW33,OUT013,1644.6049601385077
FDZ40,OUT013,920.6513247822902
FDE33,OUT018,1119.6423584386202
NCC06,OUT010,397.30405596694044
FDU11,OUT046,2154.0480093132182
FDL44,OUT017,3197.9709696845744
NCZ29,OUT017,1797.171730816848
FDG28,OUT010,683.6138434341559
FDL12,OUT018,915.8293946365822
FDD52,OUT017,1731.206029774206
FDO15,OUT013,1294.6360657800458
NCN29,OUT027,1101.4038705538085
FDW36,OUT013,1436.5643955635471
FDB21,OUT046,4418.920623492604
FDZ28,OUT013,1817.8734921355217
FDY10,OUT035,2223.794118910679
DRG39,OUT017,920.4847576388071
FDN28,OUT013,1323.2864720420544
FDV15,OUT035,2111.1686738895637
DRI13,OUT035,3481.8544786808493
FDH20,OUT046,1711.9432043668664
FDY51,OUT013,4294.230011963504
FDE16,OUT013,4199.341050505187
FDX40,OUT018,550.1806531713679
FDC48,OUT018,1201.1265622390442
FDS14,OUT046,2070.443626082506
FDX56,OUT017,4507.145897597531
FDI10,OUT046,3154.4064493220676
FDI14,OUT013,1996.5696759131404
DRM48,OUT013,822.1165620902826
NCH07,OUT027,3691.0913108641626
FDY26,OUT013,4136.2933664097745
FDD02,OUT027,3268.9077917729505
FDM12,OUT046,1756.1617276956595
DRF01,OUT010,360.341412607549
FDV36,OUT046,2467.590777351765
DRI59,OUT013,4407.362748964373
FDV03,OUT018,2725.3698090787257
FDO39,OUT017,3913.215923209255
NCB07,OUT018,2846.1703576919563
FDH38,OUT027,3221.8324765427096
FDZ13,OUT035,790.526785210732
NCZ30,OUT046,1981.8389465830592
NCA06,OUT035,629.0115616954399
FDB04,OUT049,1606.510692028765
FDN50,OUT013,1364.5466762318986
NCG06,OUT049,3615.2728480537507
NCY17,OUT018,705.4360013979139
FDC23,OUT046,3075.7938470987046
FDK33,OUT049,3846.1556929519174
FDR03,OUT049,4351.657202238013
FDZ07,OUT045,856.8796949819009
FDO38,OUT013,1245.736324940363
FDS59,OUT046,1851.0874652246157
DRM11,OUT019,676.3648149744322
FDX52,OUT027,4643.139729407285
DRJ35,OUT018,633.6215781135058
NCP53,OUT046,3856.5240630042717
FDW15,OUT019,403.0647701918847
DRI47,OUT045,2270.8072823066896
DRZ11,OUT035,1834.6374193651018
FDS02,OUT013,3578.4136567426967
DRD49,OUT018,3506.866488334573
FDW38,OUT049,764.7060828992453
FDR21,OUT019,431.6077943769471
FDE40,OUT013,1053.121599551983
FDI02,OUT045,1804.9723680684672
FDQ04,OUT045,572.759526421127
FDY14,OUT017,5494.807768004204
NCT54,OUT046,1086.0778946017458
DRD25,OUT017,1975.5114721542318
DRE01,OUT045,3079.018055895378
FDJ12,OUT010,585.1135730069941
NCZ05,OUT049,958.6410991833528
DRB25,OUT019,308.5959894613432
NCC31,OUT045,2184.429014982722
FDM16,OUT045,1318.0011012423
DRG11,OUT049,1627.0102685875117
FDV24,OUT027,2609.0694151980133
FDV43,OUT046,705.9623113352268
FDG05,OUT018,2019.2995094150237
FDV23,OUT010,461.16792021693084
FDI58,OUT018,1248.4211589097333
FDQ11,OUT017,3248.9595546843534
FDC05,OUT027,5003.729018120162
FDF40,OUT013,4013.0565789063257
FDU02,OUT018,3400.0806806309
FDT32,OUT013,2895.3812219874617
NCF06,OUT017,2763.5352889243786
FDT46,OUT013,619.8608844524034
FDR58,OUT010,292.90806011872144
FDY04,OUT046,2440.828661874326
FDT58,OUT045,2149.3261373679707
FDE46,OUT049,1749.4975642862732
DRH11,OUT017,994.5282044576497
DRI51,OUT046,3341.0629409654625
FDC35,OUT017,2799.914863550275
FDP45,OUT035,3625.474968440884
FDC45,OUT017,1979.2723571410168
FDU01,OUT045,3079.3169387189882
FDJ53,OUT010,309.56289949536693
FDJ46,OUT017,3077.2041905465503
FDX07,OUT013,2987.528369182757
NCI30,OUT049,3006.9249362371625
FDE47,OUT027,3037.2583284786065
FDV48,OUT045,1222.5756701068653
FDN16,OUT019,298.6165027216526
FDM52,OUT013,2688.44816546626
FDA32,OUT027,4540.8280323904855
FDH05,OUT017,4159.6213540230965
FDW25,OUT010,261.58556361372274
FDQ09,OUT046,2029.8994873463307
NCM17,OUT010,192.790585513581
DRM59,OUT046,2389.3173191500787
FDV47,OUT027,2080.8658808437426
DRE15,OUT035,1299.3630653642656
FDS25,OUT010,353.61496692924027
NCZ05,OUT018,823.602030921874
NCV05,OUT019,362.59363281226956
DRM37,OUT046,4104.447328943075
FDV58,OUT027,4484.248426906252
FDN22,OUT027,5441.653856353005
NCO06,OUT049,588.3452600180592
FDT56,OUT019,167.94410272213952
FDM02,OUT013,1030.5315421521525
FDA09,OUT046,3003.0036459241164
NCC06,OUT035,3385.485514132994
NCL54,OUT049,3298.900716163723
NCB55,OUT017,747.2669083158685
FDB12,OUT017,1729.0617418743982
NCA54,OUT049,2531.706966414918
NCS38,OUT049,1803.8011490593722
FDC02,OUT049,4518.422540896685
FDK44,OUT019,424.1271230098551
FDE16,OUT035,4472.700375894943
NCS05,OUT035,2208.761379558217
FDZ59,OUT045,2757.727750528469
FDI20,OUT017,4105.407093618098
FDQ14,OUT046,1725.6817690731077
FDF53,OUT017,3377.2812991243845
FDW25,OUT017,1220.8138844972516
NCQ43,OUT010,273.5684678647018
FDX52,OUT013,2842.814513783408
FDE28,OUT045,3258.5156513074094
FDN15,OUT017,1819.026834233059
FDO28,OUT017,1328.866756655898
FDQ33,OUT045,3978.180184845471
FDM22,OUT010,198.81263810038442
FDJ03,OUT017,720.8088152428273
FDI16,OUT045,1023.5245513181176
FDI09,OUT027,5980.167653799021
FDX55,OUT013,3374.946439072316
FDS23,OUT027,3040.6823365253085
DRC12,OUT045,2236.2929194013927
FDH41,OUT049,3231.2288908143255
FDN01,OUT013,2472.348862941569
FDV55,OUT045,2523.6231821940073
NCJ19,OUT013,1162.6787328668613
NCY29,OUT010,132.27492100387832
FDP03,OUT018,1854.346968044829
FDZ52,OUT045,1801.2830983780605
FDH31,OUT010,312.6601200259382
FDQ19,OUT018,3689.6577602428124
FDS15,OUT035,2352.0492471776915
FDN32,OUT017,3560.3795995556097
FDH32,OUT049,2196.3227612785136
FDF33,OUT017,1912.3364450358017
FDJ22,OUT046,2238.4307501182866
FDG56,OUT010,239.39570026546124
FDC05,OUT046,2945.0335194793684
FDK09,OUT013,3367.9626944846
NCV29,OUT045,2250.382292274707
NCC43,OUT019,551.9272397583617
NCA42,OUT049,2961.455851758546
FDC10,OUT046,1364.7975174342446
FDC16,OUT013,1316.2027050351826
NCL17,OUT013,2742.901623755972
FDA51,OUT035,2111.8004364540275
FDW01,OUT017,1856.9814886207166
NCF30,OUT045,1853.5905933223298
FDN49,OUT013,559.0004020678585
FDY20,OUT045,1243.8528926624717
FDC15,OUT045,1885.5416484873965
FDY24,OUT046,914.0871701418027
NCG43,OUT017,1193.6187548171526
FDA48,OUT013,4283.942016018449
NCF55,OUT017,798.4392617474807
FDL38,OUT049,1554.9180757278975
NCQ29,OUT018,2184.890143530179
FDC34,OUT017,2983.222086938997
FDP36,OUT027,1767.022178141287
FDN50,OUT010,301.80559236954053
FDO23,OUT049,1610.9489054445621
FDT56,OUT013,907.6432418372351
FDT13,OUT027,4295.204484350907
FDZ03,OUT013,2986.4836653039374
FDQ03,OUT010,507.1732644084776
FDU44,OUT045,2685.9838528753694
FDD03,OUT049,3221.9467099699577
NCH30,OUT013,1853.1947072996672
FDS60,OUT010,445.9731242662515
FDG08,OUT046,2791.871531322087
FDX38,OUT017,646.251552299878
FDD22,OUT017,3159.925992334479
FDW51,OUT013,3383.1150913374154
FDL09,OUT017,2022.923711085873
FDZ60,OUT045,970.8612771252701
NCH07,OUT046,2387.5606574395792
NCQ41,OUT049,2954.37972074156
FDW04,OUT049,2712.7410037591426
FDI08,OUT027,5398.383557670177
FDR19,OUT019,393.8971610794488
FDV13,OUT046,1661.4875482918737
FDB52,OUT017,3355.769436108232
FDZ48,OUT027,2368.174397728602
NCO14,OUT049,634.9771902020569
FDZ50,OUT013,5363.993665261551
FDN27,OUT019,318.8061695721204
FDQ60,OUT013,866.1639420930359
FDR49,OUT017,712.1460752974834
DRJ35,OUT027,1216.3161255148011
DRI49,OUT017,1380.637535651327
FDB47,OUT017,2676.9837396791268
FDP37,OUT010,352.68629713636074
FDR26,OUT049,2045.228370810511
FDY31,OUT019,377.77794220669125
FDC11,OUT045,1746.999837815703
DRP47,OUT035,4110.0414329514515
NCY54,OUT018,3230.792245758148
FDR27,OUT046,2194.739935591297
FDQ21,OUT019,375.47805522779583
NCQ29,OUT035,2566.4880620732374
FDJ02,OUT046,1611.3292583044683
FDE21,OUT018,2017.0269156416414
FDM39,OUT046,3950.37161652199
FDZ01,OUT017,1928.7218803635526
NCB19,OUT018,1251.8043172913883
FDU03,OUT046,2478.3312147700954
FDP27,OUT049,3211.759907369879
DRF01,OUT045,1926.2759805498195
FDM03,OUT049,1680.2414508269885
FDV01,OUT046,2683.87578316639
FDS16,OUT046,3187.1335186190718
FDO45,OUT035,1371.6434967422845
NCX06,OUT035,3247.1887538481005
FDP13,OUT046,620.5222627739432
NCR38,OUT018,3972.4182207502754
FDA01,OUT013,773.4233071444572
FDT26,OUT017,1921.0165140511772
FDD44,OUT027,7601.434599888296
FDB26,OUT013,843.885108675962
FDP45,OUT019,503.70734206147165
NCP55,OUT046,690.0942830233889
FDT23,OUT017,1211.9818009056987
FDO51,OUT045,734.0474598182147
FDA44,OUT046,901.8910858234981
NCJ31,OUT018,3593.064291781348
FDX37,OUT045,1864.8073686928817
NCD18,OUT049,4404.173023837744
FDN40,OUT027,3749.703702871936
FDL33,OUT017,2615.192669129868
DRF48,OUT035,1858.4723933871305
FDW08,OUT035,1495.5378526575635
FDX39,OUT018,3537.8170983375617
FDB38,OUT049,2554.968731488031
FDY46,OUT018,3311.7240656491967
NCB06,OUT049,2747.321117539522
FDA34,OUT035,3978.6084094047487
FDA35,OUT045,2520.012649953447
FDQ07,OUT035,3822.5195423689665
FDU32,OUT045,1810.8671502277514
FDU26,OUT013,1337.3844720361456
FDU13,OUT010,393.05457317657385
FDO09,OUT035,4623.138322727429
FDW03,OUT019,345.31856252990974
FDB38,OUT013,2522.0157998770424
FDL26,OUT010,470.95445892101236
NCN43,OUT045,1935.2413616490464
FDH08,OUT045,3286.590583679273
NCC31,OUT019,372.55609051176475
FDH14,OUT035,1948.5483227599498
FDL40,OUT017,1145.9298552385405
FDD20,OUT035,2977.118446516244
NCV53,OUT035,5283.753044280895
FDD16,OUT045,874.7070349041867
FDP24,OUT035,1859.206913477507
FDQ25,OUT045,2501.9665657639134
FDM38,OUT035,1184.7407130226206
NCT18,OUT010,469.8663587463087
FDM34,OUT049,2105.2437758898704
DRH37,OUT010,420.2712468357459
NCE07,OUT013,1910.4803491927846
FDG12,OUT013,2054.202433113985
FDB59,OUT010,506.31341786847713
FDS10,OUT018,2560.338636454849
FDN21,OUT010,464.5310438046216
FDM02,OUT045,1011.7696184471426
FDO44,OUT049,2087.544987167649
NCN17,OUT017,1383.1557548690478
FDH16,OUT018,1254.1061652263538
FDL44,OUT046,3068.207873749715
FDY47,OUT017,2029.7024602094243
DRI39,OUT046,1179.6157602948747
NCX54,OUT018,1476.3342999395315
FDE59,OUT046,585.9261526236911
FDO46,OUT045,3159.475925215391
DRE13,OUT046,1614.0277328406814
FDW14,OUT013,1401.0245111767435
FDF35,OUT046,1535.6318137269614
FDO50,OUT019,289.77109788737755
DRF49,OUT017,1504.351973208538
FDT60,OUT049,1980.9530594738144
FDP38,OUT045,736.8931498186312
FDA31,OUT027,3859.304366259738
FDY52,OUT010,152.24158066891107
FDD03,OUT027,4816.183066098696
FDN52,OUT018,1288.3183577658551
FDU20,OUT010,361.2600825195086
FDD22,OUT035,3264.8731639163
NCB55,OUT019,109.46743320027898
FDN27,OUT045,1802.6292376057252
FDD16,OUT013,978.247826174835
FDW48,OUT046,877.4223457080807
DRN35,OUT045,675.8407376502525
FDX25,OUT049,3012.029516359811
DRD49,OUT049,3628.8505392806996
FDE21,OUT019,350.7380583105953
FDN44,OUT035,3189.377283755439
DRC01,OUT049,876.0115866987121
NCK30,OUT046,3375.089563101314
FDU39,OUT013,898.7046796741133
FDB49,OUT013,1485.7878619523528
FDS12,OUT045,1976.4712909368197
FDR57,OUT018,1946.018666981367
FDX22,OUT027,5507.054101883567
FDC60,OUT013,1337.3488910039766
NCE42,OUT049,4535.251602026725
NCK42,OUT049,4093.0095172657143
DRE01,OUT017,3219.1963012799492
FDE57,OUT018,2510.0385277555333
DRK59,OUT019,669.9703081432675
FDB10,OUT027,4020.26930739701
FDQ25,OUT046,2587.173915914921
FDY26,OUT017,4292.88272075711
FDG28,OUT049,2908.300744277583
FDM14,OUT049,2094.147068566728
NCH29,OUT049,1874.6434872752272
FDD48,OUT049,2075.8023641597297
FDC17,OUT045,4358.564133492868
DRH49,OUT027,1217.488524759227
FDN44,OUT018,2684.0893937848537
FDC29,OUT045,1833.2093992592836
DRK01,OUT019,279.86473575372736
FDD48,OUT017,2025.843644054923
FDB59,OUT013,2614.182834072451
FDY45,OUT010,608.9543841082656
FDX60,OUT035,1395.6444415693747
FDT09,OUT010,369.75564272676075
DRB24,OUT018,2612.6564292866087
FDL13,OUT035,3389.784368756908
FDN16,OUT035,1860.3566246256908
FDK57,OUT013,3798.621889072655
FDO22,OUT027,1677.0805332890957
FDC57,OUT010,424.9159478214298
FDZ13,OUT027,1275.3730205495503
FDW27,OUT013,2202.1841553103905
FDX10,OUT049,595.7916925589847
FDY08,OUT018,1712.78742099169
FDA49,OUT017,1172.494006331033
FDC32,OUT018,1177.2984948884016
FDO04,OUT035,861.2557855235146
NCZ54,OUT013,3188.2007275765272
FDY40,OUT045,596.0039935366041
FDW36,OUT045,1346.040202761438
FDE11,OUT017,3711.4166836684562
DRE37,OUT045,2185.2898943523955
NCK19,OUT017,2838.0350589331133
FDT19,OUT035,3698.0646763628088
FDE56,OUT045,1178.772337849299
FDZ57,OUT010,275.8139400181993
FDB35,OUT035,1563.7414304603767
FDF09,OUT010,17.08383300526775
FDO34,OUT046,3118.6712185295846
FDA55,OUT046,3562.536217290572
NCM18,OUT035,1857.4120007991503
FDJ20,OUT019,294.3196995041804
DRQ35,OUT019,372.060253228415
FDG02,OUT013,2301.331340854205
NCU29,OUT018,2362.0065205289357
FDL27,OUT027,1852.114111508312
NCA54,OUT035,2561.0226927659705
FDJ32,OUT035,808.6455511829441
FDB21,OUT019,588.8952441440274
FDR46,OUT035,2548.844878669813
FDZ32,OUT046,1145.2826117582747
DRF36,OUT017,4366.461117802914
NCU54,OUT017,3715.3813025401546
NCI31,OUT017,672.7963268999083
DRA59,OUT035,3113.6555731530607
NCC55,OUT045,600.3456515515317
FDE44,OUT018,738.1933309004884
NCN26,OUT018,1704.481617177386
FDC11,OUT049,1867.4709876562877
FDV24,OUT035,1719.3664541875949
FDR40,OUT019,277.98497054302163
NCQ17,OUT049,2762.8259112963283
FDC46,OUT045,3735.768425860016
NCM18,OUT046,1771.0328891084923
FDK16,OUT046,2040.185628555318
FDI28,OUT017,1228.9177787232873
FDS11,OUT018,3564.3396624832
DRD13,OUT046,1141.8138648738918
FDL36,OUT035,1212.2153567411558
FDI27,OUT013,719.4624061352406
FDJ53,OUT019,307.8055006433694
FDS44,OUT045,4449.617931973235
FDE28,OUT046,3347.6149820052087
FDQ33,OUT018,3656.8764337631874
FDB37,OUT017,4909.077487766004
FDQ31,OUT045,1186.0607758595838
NCQ05,OUT046,2487.238865638002
FDE10,OUT013,1888.300635351481
FDF38,OUT017,597.4837791250003
FDE50,OUT019,549.659571938527
DRG37,OUT010,353.10922439547306
NCH06,OUT049,2864.6736226613557
FDY14,OUT045,5223.455253911448
FDO27,OUT017,1903.1249811414293
FDQ19,OUT049,4725.5239688862475
FDZ26,OUT019,594.8167150688677
FDN51,OUT013,5101.761734048496
FDK20,OUT035,2276.075850300345
FDD40,OUT018,3052.5955965498492
DRI25,OUT018,731.3559470443287
FDH56,OUT017,1644.8781760200156
FDI36,OUT027,5001.843214997449
DRH11,OUT018,847.2461798354403
NCV18,OUT017,2625.739152076398
DRI01,OUT049,3314.121550683833
DRE48,OUT049,3637.278661075879
FDS51,OUT035,997.4178484930899
FDM38,OUT017,1163.1909504203898
FDB60,OUT027,4909.454777372506
FDY58,OUT035,4642.382915458231
FDY22,OUT045,2198.523655396645
FDF11,OUT027,5184.066880519353
FDZ51,OUT035,1562.0060599487224
FDQ45,OUT017,2746.107240739125
FDF17,OUT035,3386.4455213322904
NCF31,OUT027,2557.0991754641573
FDA37,OUT013,2188.7509820704577
FDO51,OUT046,735.1411045033584
FDF34,OUT013,2928.0237678839812
FDD57,OUT018,1247.3561196601881
FDO37,OUT046,3973.5267345898405
FDR49,OUT049,718.0127473906748
FDS39,OUT049,3084.0657091634175
FDI48,OUT027,1270.6795376626535
DRM35,OUT049,3875.445716241192
FDV57,OUT035,3987.6208586168455
FDZ55,OUT013,3243.592752215096
FDI28,OUT035,1269.2535894830614
FDS21,OUT045,651.5882558376591
FDT34,OUT013,1407.0665439666761
DRI25,OUT035,878.986374073874
FDT47,OUT010,360.53172318519665
DRH39,OUT045,1349.3574039461218
NCD54,OUT045,2170.658649067012
FDU16,OUT027,2013.7440030120638
NCW29,OUT045,1847.3974991243992
FDV25,OUT027,6702.351059087065
FDM56,OUT035,1202.9525240934852
FDZ04,OUT027,1372.0949532046684
FDG59,OUT019,49.82340069297783
FDI56,OUT045,1712.4837741802698
FDS33,OUT035,1637.1912837485083
FDC23,OUT049,3248.2795737709976
FDT11,OUT049,2844.881060356259
FDG17,OUT045,5210.384382539161
FDZ44,OUT045,1152.5416883346454
FDJ52,OUT013,2207.006873074517
DRI23,OUT046,2623.62128535516
DRE15,OUT010,235.6385366543593
NCF07,OUT013,1581.1871324311905
NCR29,OUT049,1058.2852657598687
FDE44,OUT019,144.70274320684152
FDT23,OUT035,1260.473471842724
NCG06,OUT017,3498.6248431801614
NCU41,OUT010,592.6894233909705
FDH46,OUT017,1511.7423500006441
FDV31,OUT013,1915.7793311183432
NCT41,OUT027,3164.92251389766
FDE22,OUT027,3181.3626130217153
FDC26,OUT045,1271.1000254238018
DRF51,OUT017,716.1142214318394
NCY53,OUT019,343.5046900268667
FDY21,OUT017,3403.8074078623345
FDL27,OUT013,1198.0391610587867
FDZ34,OUT049,4658.894054591312
NCF43,OUT010,375.51240052775614
FDC21,OUT035,1241.4367620123278
FDL26,OUT013,3375.354655602633
FDT25,OUT010,355.35095660519494
NCR30,OUT046,642.7028124367558
DRL23,OUT019,303.7684876036166
NCR05,OUT049,3201.356081942732
NCE19,OUT018,902.0643674764625
FDY07,OUT035,750.858791760984
FDB10,OUT017,2610.9185404935206
FDP57,OUT013,1639.190496279621
FDU48,OUT019,200.16163271444395
FDH48,OUT035,1138.7904243288594
FDO33,OUT035,1880.4009361007747
NCU29,OUT045,2530.241490294901
FDW35,OUT046,601.5009657243501
FDH05,OUT010,620.75056820681
FDP26,OUT049,1180.4757807407082
DRG27,OUT035,646.7107473281768
FDQ33,OUT046,4057.9112569448503
FDH20,OUT010,286.23406581941515
FDV14,OUT046,1034.2569707631658
DRD01,OUT046,854.9284631480061
NCI17,OUT049,1646.3556722026901
FDF39,OUT010,890.8688808562031
FDX37,OUT046,1949.441855080441
NCX17,OUT035,3588.367191469112
FDN03,OUT013,3236.5855834170693
NCS41,OUT010,438.3508772092879
FDH34,OUT045,3381.5542316252254
NCX53,OUT018,1838.2226342124575
FDY31,OUT046,2693.533152951344
FDD20,OUT017,2939.531005373793
FDE51,OUT045,641.201642582799
FDV27,OUT046,1032.3634483542592
FDF16,OUT035,2352.392096986614
FDZ02,OUT049,802.003607161892
NCK05,OUT045,807.0620215491552
FDM12,OUT027,2699.21014317831
NCA05,OUT018,1481.984571329705
FDX33,OUT045,2574.6769867617286
FDM25,OUT049,2960.5868972409835
FDE41,OUT018,957.0129668803551
FDW14,OUT045,1355.4607631137258
NCD30,OUT046,1411.1767283537204
FDB23,OUT010,551.0631736863783
FDF45,OUT046,1128.9694248911628
FDW20,OUT017,2085.7695238830565
FDF47,OUT045,2557.3345822847004
NCR05,OUT019,538.1505319851127
DRB01,OUT046,1919.007667860135
FDE36,OUT013,3999.8786269738707
FDU56,OUT049,3925.093349032852
FDB23,OUT049,3918.102995498581
FDN48,OUT049,1624.6499308958312
FDS43,OUT013,2944.871376795634
NCN05,OUT013,2643.41463101705
NCL53,OUT049,3192.6067729862916
FDL56,OUT046,1521.3007163457532
FDH17,OUT018,1203.3437937980927
FDP37,OUT046,2175.2415915294196
FDG09,OUT019,486.54276347973473
FDA55,OUT045,3557.6880583610337
FDX31,OUT049,3656.848841256182
FDJ41,OUT045,3490.0581983310008
DRC24,OUT045,3030.183707951152
FDQ21,OUT035,2464.4241557121477
NCT54,OUT045,1066.9067697149806
FDH08,OUT049,3571.275452533736
FDY38,OUT018,3543.544922472818
DRM11,OUT010,707.3223065759511
FDG32,OUT049,3612.333176867059
NCH18,OUT046,3745.4716217213845
FDI20,OUT035,4228.382521642636
FDA33,OUT018,2245.7419035864973
FDN45,OUT013,3595.879886597189
FDT45,OUT010,183.70546016404245
FDR32,OUT035,3941.810070106333
FDA48,OUT017,4107.9288640612085
FDN23,OUT017,2749.1761926084346
NCR18,OUT035,657.9994100537723
FDD45,OUT046,1580.5990518280423
FDI22,OUT018,3334.333213480989
FDT09,OUT013,2160.243153449242
DRC24,OUT027,4866.79125706838
FDT39,OUT046,2392.5203624729475
FDX28,OUT045,1914.1288245213248
FDA50,OUT018,1168.9977736712726
FDT33,OUT027,3484.0223072644208
FDQ60,OUT049,894.24772039185
NCM19,OUT018,2257.548642163122
FDF40,OUT046,3913.990058156466
NCI30,OUT035,3148.9390861848387
FDK34,OUT049,3869.169447109323
FDA38,OUT027,3847.6851122524567
FDT02,OUT045,562.1393877905996
FDC11,OUT017,1844.382054943633
FDD08,OUT046,711.323706654099
NCS29,OUT046,3909.49888155433
DRI03,OUT010,459.0764715707816
FDK48,OUT035,1741.8059577404006
FDM52,OUT049,2730.1617712576603
FDP49,OUT035,877.3761896878798
DRA24,OUT046,2430.2749358932833
NCJ43,OUT049,2359.8847895413414
FDE11,OUT045,3558.38463767973
FDP01,OUT049,1633.3174943651106
FDQ59,OUT018,1186.1435382136262
FDA43,OUT019,470.6896899905798
FDL14,OUT017,2233.910845857896
FDV50,OUT010,400.96059926595296
FDT01,OUT027,5655.417497295577
NCC42,OUT035,2151.523209376764
FDO28,OUT046,1300.9161730576932
FDD32,OUT019,237.76083162566414
FDV45,OUT035,3670.959444985166
NCW17,OUT019,379.44891810738113
NCJ17,OUT027,1827.7696402817828
NCF18,OUT049,3759.2056701292895
FDP01,OUT045,1530.1803111221218
FDH24,OUT045,2442.796250673122
FDI38,OUT027,6214.085369348968
FDX03,OUT035,671.6525309776188
FDY28,OUT046,3627.6238056014977
FDN34,OUT018,2974.9090396432466
FDJ02,OUT045,1713.9352747368926
FDW40,OUT019,371.01364733416665
FDX03,OUT017,627.3363414140251
FDE17,OUT027,3860.784367397999
FDT58,OUT046,2222.5629374670457
FDI38,OUT013,4113.382325020777
FDW22,OUT035,5022.126185445748
FDS15,OUT027,3521.8529384785684
NCX06,OUT013,3114.249877137179
DRK47,OUT035,3571.1519584044086
FDC23,OUT027,5011.906347503131
FDM56,OUT010,240.96779878013587
FDP21,OUT046,3658.3161064530264
FDP58,OUT046,2805.2071123535447
FDA27,OUT019,557.5771467083521
FDK41,OUT019,257.1678793678206
NCH42,OUT046,4348.606998489442
FDG29,OUT045,591.382363672879
FDW15,OUT018,2557.62123461553
FDD28,OUT018,904.2363072874173
FDQ37,OUT049,4702.0188187776275
FDC23,OUT035,3296.8617670857084
FDV13,OUT035,1750.7999238301543
FDK33,OUT046,3659.963741553376
FDO33,OUT013,1811.3352503457481
FDN21,OUT017,2129.7473425539033
NCW06,OUT027,4008.703752551548
FDI38,OUT035,4321.383031272913
FDC21,OUT027,1845.928850607237
NCS05,OUT046,2063.8198166299217
NCN53,OUT049,688.692150780242
FDV40,OUT010,196.71241657134632
FDG60,OUT017,4497.963292650125
NCY30,OUT027,4901.0121702464
FDM40,OUT045,1947.6260594583734
NCO30,OUT046,2394.165762539121
FDK10,OUT046,2469.756527053645
FDM36,OUT045,2541.8785903043704
FDN10,OUT013,1622.4398463814948
FDM46,OUT018,1561.0334995514418
FDX50,OUT049,1636.0150197502671
FDP33,OUT045,4518.3733116730455
FDO12,OUT045,3066.210451307763
FDC28,OUT013,1540.11012415302
FDO31,OUT045,1350.0626002151685
FDX45,OUT035,2614.557222898365
FDV21,OUT049,2277.1645187383947
FDH04,OUT049,1355.066000983198
NCG54,OUT013,3633.493757888276
FDO13,OUT046,2031.7067605620582
FDA09,OUT027,4972.633785282069
FDC38,OUT017,2069.3470861723476
NCO42,OUT046,2504.2087536708977
FDL45,OUT049,2487.2589112188543
NCK31,OUT013,787.4121430593709
FDM39,OUT017,3933.567443045744
FDC22,OUT010,490.7572299506429
FDF46,OUT046,1895.594262557192
FDQ37,OUT045,4675.26619625354
FDH41,OUT010,547.3267738564473
FDQ04,OUT046,607.5486921143681
NCQ02,OUT027,5333.7860651793635
FDJ57,OUT027,5050.426008846438
NCE07,OUT049,1924.565743365144
FDE56,OUT013,1255.846698475145
FDI20,OUT049,4124.682547396225
FDK36,OUT018,715.9241340503911
FDP08,OUT027,5734.7835246047125
FDF44,OUT017,3187.520212672835
NCU53,OUT017,1815.3209225675412
FDF47,OUT035,2829.502213051792
FDS55,OUT010,412.975480134407
FDZ52,OUT010,314.0021607924254
FDL04,OUT018,1632.8660212926056
NCM26,OUT035,2593.4721619213365
FDX43,OUT049,1881.6338910599907
FDP52,OUT049,4611.988285359739
DRK49,OUT045,612.2071126441274
FDE38,OUT013,3395.9995873738367
DRF13,OUT035,2893.6028831179415
FDK41,OUT010,254.94043336360136
FDJ04,OUT027,2204.975687091842
FDZ44,OUT018,1062.5042642309465
FDS11,OUT013,4039.6172259133305
FDA55,OUT049,3755.782373334365
NCW53,OUT046,2409.57157478838
FDB49,OUT027,2120.581764959228
FDD23,OUT017,3320.8479127315068
NCV42,OUT045,1526.9655033180657
NCZ29,OUT018,1543.7453396663389
FDQ26,OUT013,946.3323994480742
FDV08,OUT017,627.6006540841388
FDC53,OUT049,1444.0738572440437
FDV58,OUT010,489.9937480378736
NCP02,OUT019,183.91049098246782
DRI37,OUT045,688.826766822692
FDQ12,OUT049,3252.867937333097
FDE33,OUT046,1331.2367421987842
FDX27,OUT045,1197.2977452874527
FDM22,OUT017,1095.7068672488012
NCH30,OUT019,297.8770265657685
FDC04,OUT017,3002.6266433105834
FDO38,OUT046,1240.1015930119174
FDV52,OUT027,3429.8474336828704
FDB32,OUT013,1705.7915516413752
FDV43,OUT018,624.0053018533882
FDI24,OUT018,3188.055117142849
FDR40,OUT017,1656.3021070420357
FDW02,OUT049,2613.65848017336
FDE44,OUT049,865.2247211761712
FDL38,OUT046,1534.1373197799883
NCT54,OUT010,289.18994524826013
DRJ39,OUT010,705.7912978566417
FDW55,OUT049,4524.206618063859
DRF13,OUT019,386.54700163909166
NCW17,OUT049,2962.3257731503836
FDP13,OUT035,668.1880132641045
FDS08,OUT018,2113.314589349106
NCP17,OUT035,961.3089911534853
NCO53,OUT035,3590.2624137768653
FDH19,OUT045,2835.212072261533
FDJ04,OUT017,1523.502428948257
FDG10,OUT049,662.2708908210112
FDA40,OUT010,213.23172563997622
FDI53,OUT045,1968.0254771198004
FDU09,OUT010,292.2406230924155
FDK60,OUT045,1529.1789600148836
FDR43,OUT017,609.5848417826206
FDW22,OUT017,4733.492191338213
DRP47,OUT010,719.2070710067256
DRG48,OUT010,425.7967564223669
FDA14,OUT035,1719.849330222783
FDU49,OUT013,1811.1317835704178
FDK28,OUT045,4968.81912357856
FDT19,OUT046,3546.628185852359
NCQ42,OUT045,2144.6236231488083
FDD03,OUT045,2925.312345407098
NCM53,OUT013,1610.8522824805216
NCX53,OUT045,2017.9948679739105
FDV14,OUT027,1682.2099767161033
NCZ54,OUT017,3274.232052050886
FDB39,OUT013,718.1462982318368
DRC24,OUT046,3060.250397145446
FDY36,OUT013,1158.2891401038821
FDN01,OUT035,2366.1048706770034
DRH25,OUT046,766.1010806383539
FDV08,OUT046,611.4806836909526
NCP53,OUT049,4168.153303489362
FDU52,OUT010,457.54263099591066
NCI42,OUT045,2774.779306478065
FDZ14,OUT035,2607.8551376920154
FDF11,OUT046,3398.6743330618865
FDQ13,OUT018,1317.0853996803335
FDO32,OUT010,173.5737283203528
DRJ37,OUT018,2545.928856757933
FDY43,OUT046,1114.1275962209766
NCT41,OUT017,2285.584619811972
NCV17,OUT045,2571.5816969004404
FDM04,OUT027,1399.1098461335316
DRB48,OUT018,596.6343424119674
FDM24,OUT013,2320.437616285259
FDT37,OUT049,4309.268242693892
NCO05,OUT010,328.17088970931263
FDL13,OUT046,3158.1188636083953
FDL15,OUT017,1680.4387438499123
FDB11,OUT018,3820.953689325823
FDL14,OUT019,363.49371834878605
FDY10,OUT019,342.5434793789337
FDJ40,OUT049,2373.155665300271
NCW18,OUT046,3853.3721100058438
NCY06,OUT013,2321.745465058056
DRE13,OUT018,1371.588346535777
FDA26,OUT045,3698.045998891959
NCE19,OUT010,191.67123855540424
FDE33,OUT035,1411.2035205167056
DRL59,OUT027,1245.7714408701434
FDY07,OUT046,715.676598585001
FDF57,OUT018,2253.9638982856104
FDM58,OUT035,2306.290846462205
FDP26,OUT027,1709.5217552527108
FDY32,OUT046,2111.166565187516
FDD51,OUT010,57.98628733705138
FDU22,OUT018,2052.78021682141
FDZ49,OUT018,3209.805630129912
NCI42,OUT017,3089.981460904327
FDT04,OUT027,1019.8124081843073
NCU41,OUT045,3703.7689367969365
FDS56,OUT045,3798.6472054150026
NCN42,OUT017,2937.0018027180827
FDK34,OUT046,3686.712075104024
FDB03,OUT017,3895.898543460759
DRJ25,OUT035,1016.9076863320242
FDT25,OUT027,3502.0463292708396
FDN20,OUT013,3365.8659054075088
FDP09,OUT013,3658.0538843349755
FDM20,OUT019,495.8581385315067
NCG55,OUT046,2271.8872797214203
NCP14,OUT045,2204.4487994996157
NCH06,OUT046,2644.129560784265
FDV52,OUT013,2167.014968558685
NCL07,OUT035,629.2174653246961
DRJ11,OUT027,4997.226969473415
DRO59,OUT013,1079.6232434382332
FDW15,OUT010,397.06458985090177
NCQ30,OUT035,1202.7810217142785
NCN54,OUT019,176.03646331036018
FDY01,OUT027,2884.7197279355855
FDX39,OUT035,4226.990064723037
FDH53,OUT027,2016.911858003948
FDA57,OUT035,967.5165941276501
NCC07,OUT010,302.44267783738815
FDU28,OUT013,2436.580454723449
FDK36,OUT010,152.0428000588643
FDR36,OUT018,584.7410992945016
NCQ17,OUT035,2770.0720244442064
FDS28,OUT019,74.26089742497072
FDE08,OUT045,2333.0865742095853
FDU22,OUT046,2307.8129114358217
FDG41,OUT045,1485.1526870319
FDO31,OUT010,253.97736979711965
FDM21,OUT019,553.0973585168083
FDU40,OUT017,2550.653546741826
FDV36,OUT018,2237.7429170027604
FDT10,OUT027,1127.2555506795638
FDX38,OUT045,603.9113534803678
NCU30,OUT027,4411.927571081087
NCV06,OUT049,2901.61570287353
FDT16,OUT035,5719.8604615764925
NCP41,OUT027,1717.1014208617962
FDZ56,OUT017,2994.7934136178246
FDC22,OUT035,3170.064588916379
FDU10,OUT035,752.0175576749419
FDS46,OUT045,1668.4515391702307
FDO08,OUT049,1945.838070549548
NCV42,OUT018,1376.0680724718259
FDP33,OUT035,4828.187741659056
FDJ12,OUT046,3572.429115298216
FDH04,OUT045,1235.719288830543
NCU54,OUT013,3714.550801754097
FDO36,OUT010,480.76621198332106
FDT37,OUT027,5854.318264037956
FDD14,OUT010,519.6965096351485
FDA16,OUT013,4257.10199323837
NCS42,OUT019,309.31082873052316
FDP10,OUT019,310.4901309487743
FDQ28,OUT049,3348.2078241797017
FDK57,OUT010,734.8036921033
FDK02,OUT013,1696.7806369798354
FDW47,OUT018,1447.4673561428212
NCC42,OUT018,1741.1124562827165
FDQ37,OUT018,4021.4162911932103
FDL40,OUT046,1159.0920906596598
DRE13,OUT010,284.73870562820116
FDQ34,OUT027,1876.1871451999364
NCB54,OUT046,1908.6237835718437
FDS48,OUT049,1948.3455432509872
FDO15,OUT045,1198.6588665114996
NCT30,OUT013,617.6925370916177
FDU49,OUT027,2863.8556149010496
FDE21,OUT046,2311.398591362828
FDS49,OUT019,268.69459181303034
FDT38,OUT027,2033.9226897422063
FDZ01,OUT045,1803.5567798280501
FDC41,OUT035,1407.5125435859077
DRG13,OUT010,516.8331953320413
NCZ42,OUT018,3576.632709733574
NCM07,OUT045,1256.6309728021872
NCV17,OUT018,2392.829594395014
DRK39,OUT035,1594.8902645538099
FDS37,OUT018,1359.5325119454142
FDV12,OUT019,346.22016309496377
NCG19,OUT018,2391.187658178281
FDS51,OUT013,960.284539048245
NCO14,OUT046,617.5553781929426
FDC38,OUT046,2007.7546564948348
FDN15,OUT046,1588.0934876806584
NCH42,OUT013,4370.870725376759
FDQ22,OUT046,640.6541230607652
FDC05,OUT013,3017.754449380702
FDZ31,OUT013,3192.694037601033
DRJ23,OUT049,3109.9592525265325
FDC52,OUT035,1816.668803231007
DRD12,OUT010,283.3049216677728
FDV55,OUT017,2692.432821921201
FDD32,OUT046,1142.6701808588407
FDR01,OUT049,3213.4367172423035
FDY08,OUT019,329.3327766331649
FDQ45,OUT045,2409.2084326837457
DRN11,OUT027,3429.3231054859475
NCS05,OUT018,1799.0351568008164
FDY32,OUT035,2199.0585682124897
NCD31,OUT045,2460.96137452169
NCE06,OUT049,1668.8907774463605
NCP14,OUT046,2294.522311656342
NCF18,OUT019,527.1637597308678
FDF14,OUT018,2103.7718744912236
FDB22,OUT017,2401.246897038996
NCH54,OUT049,2346.788871937855
FDU27,OUT035,957.6657412669023
FDS58,OUT027,4989.707298873338
NCU29,OUT035,2852.9386277175568
FDJ57,OUT013,3217.923045527281
FDL56,OUT049,1531.4856595982835
FDH60,OUT035,3438.1060287759597
FDN24,OUT018,832.7158988877328
FDD02,OUT017,2037.4341256629841
FDP15,OUT017,5582.879140937974
FDB28,OUT027,3670.1161887022377
DRC49,OUT045,2704.633376307499
NCG30,OUT018,1667.144446416676
FDJ14,OUT049,1013.4343119140806
FDL52,OUT045,611.2437592202351
NCG19,OUT027,4051.878079041849
NCN41,OUT035,1543.489143905322
FDW22,OUT013,4719.242125907293
FDI02,OUT013,1882.7540609818548
FDV51,OUT045,2177.3267711627554
FDV48,OUT046,1332.178861235013
NCL17,OUT019,385.59242500995765
FDP46,OUT045,1366.708995509771
FDU10,OUT045,698.5962591334572
FDT37,OUT010,663.5788671310679
FDI27,OUT035,760.3201378999197
FDN51,OUT046,4816.529068799318
FDW07,OUT035,1250.8034018922317
FDN45,OUT049,3692.997560702012
DRN37,OUT027,3013.0424406564175
DRF48,OUT049,1870.295715734742
FDP38,OUT019,119.59383368481392
NCX18,OUT027,4408.793971508701
FDK45,OUT018,1438.9342706754726
FDZ37,OUT049,1292.6734621583516
FDS50,OUT018,3016.453113200725
NCR54,OUT018,2155.6056370603774
NCS17,OUT035,2010.7173441981856
FDV31,OUT046,1867.1460029338816
DRE27,OUT017,1093.2162714388714
FDN60,OUT013,2873.6266407718067
FDK26,OUT013,3480.843926179117
FDX37,OUT018,1699.787933477177
FDW31,OUT046,2502.7259603767657
FDX26,OUT018,2567.1457457254996
DRL49,OUT019,262.2144178790579
FDU49,OUT017,1830.9465171697705
FDY58,OUT046,4382.734436180139
FDN03,OUT045,2934.3341300594548
NCV06,OUT010,630.3958074401929
FDH53,OUT045,1231.1259855746594
FDG31,OUT018,850.1800182627303
NCC06,OUT045,3104.55254897558
FDS13,OUT049,3296.37036368768
FDP16,OUT035,4304.733361839424
FDA35,OUT013,2670.5157695423627
DRP47,OUT018,4014.5629050171574
FDY28,OUT010,830.5921889242476
FDY20,OUT035,1389.054006683808
NCH30,OUT017,1931.2456635748372
NCR29,OUT019,201.13721505192746
NCP05,OUT013,2705.816360974931
NCF30,OUT019,319.3874088885308
FDA08,OUT035,2333.5609592014803
FDN51,OUT027,7160.9652973881
FDH12,OUT046,1511.5468759717014
FDY39,OUT017,3651.336631801372
NCO53,OUT045,3282.4132242387236
FDB40,OUT046,2513.40183880837
FDH02,OUT049,1179.5850583954232
FDY11,OUT027,1511.0325501009183
FDQ09,OUT019,332.9257149707125
FDP16,OUT013,4024.7289069310964
NCF55,OUT018,664.5293099469867
FDY09,OUT027,1904.046740030284
FDY39,OUT045,3527.6016139148496
NCU53,OUT049,1817.32702663492
NCT41,OUT049,2290.921832684194
FDJ45,OUT046,704.2279535240352
FDR28,OUT013,2736.6523021542507
FDN08,OUT013,2001.349923446066
FDJ07,OUT049,1559.1881924539791
FDZ09,OUT027,4236.340941050537
FDQ14,OUT017,1717.4727303712323
FDY12,OUT027,1116.9042139868138
FDK57,OUT046,3735.196913923597
FDD20,OUT049,2846.1749332050863
FDS36,OUT018,2195.144649848017
FDI40,OUT049,1701.3057116018686
FDJ40,OUT045,2178.0822759286234
FDE08,OUT013,2454.7314268427485
DRK01,OUT013,1493.2469723846957
FDC58,OUT049,662.4612078683515
FDE50,OUT046,3383.705875818157
FDX48,OUT035,1903.3238759244757
DRM35,OUT018,3360.515532254423
FDG41,OUT013,1532.4319245936624
FDB52,OUT046,3090.788839088589
FDV19,OUT045,2665.5656427279773
DRG48,OUT017,2640.4095580955386
FDI26,OUT013,2868.2798429542963
FDU11,OUT019,342.79617250752136
FDF59,OUT019,303.53860672013957
FDR07,OUT049,877.2523824141871
NCE06,OUT017,1636.8399029364862
FDE10,OUT046,1868.8144080507186
NCO55,OUT046,1481.449569009538
FDZ13,OUT013,721.8792224885639
FDT50,OUT017,1521.0423372478106
FDH12,OUT010,282.5742775228654
FDD21,OUT045,2303.46143388097
NCM05,OUT013,4980.418288493178
FDK04,OUT013,752.5387158966886
FDN33,OUT017,1338.957824448765
NCM18,OUT010,275.2927219126336
DRC25,OUT049,1333.887249465036
FDT47,OUT017,2141.345333927305
FDD45,OUT027,2507.4288374737184
NCD07,OUT018,1153.9970784777283
NCY54,OUT010,465.53167482700724
FDL12,OUT049,1082.4772428276603
FDL02,OUT017,1754.3942457345652
FDC60,OUT035,1394.2579424525743
FDR37,OUT017,3895.3533153252424
FDY16,OUT017,3482.496618775133
FDU26,OUT045,1254.9107620605257
FDN24,OUT013,967.3167226982557
FDH44,OUT013,2124.694691079693
FDE23,OUT010,178.80273517940694
FDW60,OUT017,3066.324039047217
FDQ55,OUT049,2302.6095952940254
FDV32,OUT027,1755.4302132159553
FDV03,OUT010,442.0809631122273
FDY14,OUT010,833.686343225242
NCL55,OUT027,5651.250275080238
DRF25,OUT017,802.6779759667631
FDX03,OUT046,628.5636331837086
FDF40,OUT045,3924.122102764082
FDX24,OUT010,279.12829233958547
FDA25,OUT049,1651.7387308295104
FDH21,OUT018,2094.1001069057634
FDB47,OUT010,502.5262632054289
FDT34,OUT019,284.9822625938401
FDS39,OUT010,417.87610407445834
NCU05,OUT046,1067.2910647573406
FDE02,OUT049,1876.5274295279344
FDL25,OUT035,853.7052353864491
FDC50,OUT049,1854.9563579463163
FDZ32,OUT049,1193.9599478710538
FDV14,OUT045,996.9712016155481
FDR07,OUT045,817.4224259916814
FDB26,OUT049,895.7013732845944
NCR50,OUT045,3527.2494612913147
FDP01,OUT018,1406.778749900186
FDH57,OUT045,2087.252283803099
FDM60,OUT027,1155.2789530102737
FDA45,OUT017,2842.9451646911675
FDU55,OUT017,5386.284347718694
FDH40,OUT035,1374.6737738012368
FDG40,OUT019,53.8208772783228
FDT12,OUT049,3643.5343681088557
DRL59,OUT045,721.454859053986
FDT47,OUT018,1849.1904585178072
FDI60,OUT017,846.4137095560255
DRF51,OUT027,1131.4847231317624
NCK31,OUT049,815.846312436531
FDB08,OUT045,2313.9621169000193
FDM44,OUT035,1314.5090479897383
FDD46,OUT018,1782.9657945787872
FDR27,OUT019,355.7510470190781
FDV56,OUT010,260.27376115840104
FDM02,OUT049,1067.079406570478
FDU45,OUT018,1787.8768989777407
FDZ10,OUT017,2120.051115044248
NCK31,OUT010,125.7611959645163
FDR27,OUT035,2361.9790662120467
FDF33,OUT013,1893.9557189407199
FDJ36,OUT046,1467.2161554196205
FDP33,OUT049,4709.6336953229165
FDG17,OUT046,5087.444117409725
FDG47,OUT027,5863.133236013988
NCW29,OUT046,1959.057392329059
DRH59,OUT017,780.3877945341513
FDR32,OUT017,3875.151224538147
FDP48,OUT035,4604.532571157273
FDG17,OUT035,5548.413846019723
DRJ59,OUT017,619.6610658268326
FDY48,OUT027,2362.3891247075085
FDB02,OUT046,3332.5047046553213
FDN10,OUT019,302.3597542912609
NCD55,OUT035,620.2008399175478
FDX34,OUT013,2516.8408277972103
FDZ38,OUT045,3732.9067051811135
DRF37,OUT049,3391.3212993100296
DRL47,OUT019,293.66161088946404
FDL27,OUT035,1177.6121195640947
NCP53,OUT035,4225.101391660042
FDT03,OUT019,389.048963148165
FDJ28,OUT035,3115.453067127142
FDF40,OUT018,3610.9292905047546
FDA32,OUT035,3106.072052978185
NCP02,OUT017,998.0566762542453
FDZ31,OUT045,2972.9096231345666
NCQ29,OUT013,2541.429394190719
FDP57,OUT010,300.8145020809492
FDL32,OUT027,1894.925084376702
DRB01,OUT035,1939.248176584474
FDJ40,OUT046,2251.7912584600363
FDO24,OUT018,2361.738529504526
FDO11,OUT018,3982.7556646601597
FDA56,OUT035,2767.61961025794
FDF02,OUT045,1631.9755882277384
FDA10,OUT013,1707.5796937748644
NCI55,OUT017,2677.9968611970253
FDZ40,OUT010,165.86318964163343
FDV08,OUT049,640.194680233093
FDN48,OUT013,1614.2442763537824
FDU57,OUT017,2465.7829963288204
DRF49,OUT013,1511.0263723312944
FDS02,OUT035,3760.5701886437923
FDS43,OUT046,2850.66961692215
FDT16,OUT013,5678.866832124
FDX19,OUT027,5565.3245082412595
FDK15,OUT046,1798.1632850529834
DRA12,OUT049,2034.5909957501472
FDY35,OUT017,882.0416682522723
NCU42,OUT013,3642.475306409528
FDD26,OUT013,2957.7766908691037
FDR11,OUT018,2359.46844719196
NCP53,OUT045,3715.0473493625173
FDP34,OUT045,2708.8547822939377
NCV41,OUT019,299.85538555837417
FDN20,OUT018,3021.7391853401955
FDZ16,OUT018,3408.420664179349
FDZ28,OUT049,1883.8484805509895
NCL55,OUT013,3780.8986671435487
NCJ17,OUT046,1127.5686458228265
FDT37,OUT046,3860.955652219687
FDV51,OUT049,2369.694432053549
FDZ28,OUT035,1906.7110610637612
FDN27,OUT013,1872.504556261762
FDS14,OUT019,364.27929079522954
FDZ58,OUT045,2018.7656817308202
FDD46,OUT046,2085.535827791125
FDJ03,OUT035,742.5173226613815
FDU03,OUT010,458.5444991295938
FDA33,OUT027,3849.082398916511
NCW53,OUT035,2636.3101113942153
NCC55,OUT017,644.6494847402412
FDP52,OUT019,720.1032502432575
FDE39,OUT049,2730.106851986821
FDB44,OUT035,3731.8688121682667
FDG59,OUT013,589.3826581627925
FDI05,OUT013,1481.5456010283026
FDF59,OUT045,1582.19606243075
FDM39,OUT019,524.2326262990273
FDB14,OUT013,1479.813418291593
NCS05,OUT019,354.51077044884994
DRJ35,OUT045,713.6532333239538
FDO31,OUT019,255.9170558782091
FDA31,OUT046,2466.774957722622
FDX40,OUT049,662.9799050190217
FDW56,OUT045,4381.372308983033
FDH09,OUT018,609.9314456757498
FDA52,OUT019,457.49622279686747
FDF20,OUT019,464.7421455283889
FDE40,OUT046,1029.1490648942843
NCU17,OUT046,1774.8553220895014
NCP14,OUT035,2455.7401036926058
FDN25,OUT027,1133.624002582092
FDU39,OUT049,955.593201966787
NCM05,OUT017,4953.108914696508
FDU07,OUT017,2233.3668139591773
FDF28,OUT049,2427.654532752578
FDR57,OUT049,2220.3892549116017
FDJ33,OUT013,2521.882654502175
DRH23,OUT035,914.2158752801272
FDQ52,OUT046,4816.695074867319
DRK13,OUT035,3973.238401938344
FDP09,OUT046,3647.595334114415
FDR08,OUT027,2132.131046485331
FDV50,OUT045,1758.6016469832373
FDT13,OUT049,2835.171797313232
FDJ27,OUT027,2428.4142249716706
FDH21,OUT046,2415.5225142358154
FDW14,OUT027,2206.826838547809
FDL52,OUT049,661.317333502251
FDW28,OUT017,3087.3305036154375
FDL40,OUT049,1167.6622291890044
FDE24,OUT046,1902.1865150087642
FDX35,OUT049,3706.150768559589
FDP46,OUT017,1535.6012495299497
FDX56,OUT045,4251.119150806975
FDQ45,OUT049,2778.8853805804497
FDK50,OUT027,4800.456952464316
FDY26,OUT045,4134.590383972478
FDQ09,OUT017,2114.4901011461106
FDN39,OUT049,2612.800954758193
FDP13,OUT017,660.2830347616419
FDR51,OUT013,2730.998125975484
FDZ49,OUT010,563.562877480985
FDL28,OUT018,1732.8612241416834
FDZ10,OUT035,2145.9449319969476
FDK38,OUT013,2309.6234181339373
DRL49,OUT027,1928.5210611407388
FDR15,OUT013,2448.9389938110357
FDQ24,OUT035,4514.025759939395
FDD56,OUT013,2966.7478424391084
NCR42,OUT046,560.5761157850837
FDH52,OUT045,1002.5525946884181
FDH57,OUT019,352.6628948630887
FDR15,OUT010,389.2430389079559
FDJ34,OUT035,1817.7118593541904
FDW37,OUT035,1502.237362425499
FDQ23,OUT018,1529.636076674766
FDP34,OUT013,2832.7411549738363
FDE04,OUT027,4225.609631066231
FDC48,OUT045,1351.101158313791
FDA47,OUT019,418.7810926184127
FDI35,OUT018,3318.4796274405776
NCV05,OUT013,2149.4128732711897
FDR28,OUT045,2626.038782050145
FDH31,OUT017,1326.4767964753328
FDP59,OUT019,290.0755545046063
FDS19,OUT018,1024.5543267153419
FDM60,OUT045,714.6947646758385
FDJ44,OUT018,2432.363638712733
DRH51,OUT017,1088.0731697974231
DRC25,OUT017,1339.5963991321926
DRE25,OUT013,1534.3584356740537
NCX05,OUT049,1562.220569022579
FDR11,OUT017,2634.635113709599
DRP47,OUT045,4134.399876033287
DRC49,OUT019,395.33695224284605
FDQ47,OUT027,1127.0456971281599
FDL20,OUT013,2100.022842025414
FDM34,OUT035,1941.4511522697505
NCN55,OUT013,4624.783618848556
FDD41,OUT035,1755.1644489062369
FDE52,OUT049,2988.833100041204
NCT18,OUT019,451.7241334883103
FDJ32,OUT018,655.9614818737194
FDE16,OUT046,4137.3859158717005
FDZ09,OUT045,2650.2790031673726
DRZ11,OUT046,1758.0895819167517
FDK41,OUT049,1452.698818106901
FDE56,OUT049,1252.4450539412965
FDH34,OUT013,3451.904117791753
DRI49,OUT013,1353.4700238366934
DRI59,OUT046,4281.906852255986
DRC36,OUT049,3239.883547948173
FDS15,OUT019,351.2141034091336
FDI07,OUT018,2885.321577911419
FDZ15,OUT018,1903.1563960208293
NCX41,OUT027,4200.781521173161
NCO29,OUT019,420.7948665682657
FDF57,OUT013,2525.970966485064
FDI33,OUT035,2234.67135971932
DRJ47,OUT049,3370.9765945593094
FDB34,OUT046,1463.7036832184929
FDY22,OUT027,3537.6119640809534
DRL11,OUT017,3114.6894035974847
FDY46,OUT035,3945.9628933405097
FDG17,OUT013,5333.976161795403
FDE52,OUT018,2729.229215233736
DRP47,OUT027,6029.50104241967
FDO01,OUT010,328.5655660946859
FDL09,OUT046,2033.9141043167883
FDR57,OUT013,2197.012802226497
DRD37,OUT035,920.7578531684511
FDQ36,OUT027,1061.3885349378431
FDL33,OUT049,2616.979226103006
FDL48,OUT045,613.4959587948803
FDL28,OUT049,2104.434599922423
NCN29,OUT046,586.0334071279982
FDO13,OUT035,2146.6493591568014
FDB38,OUT045,2420.009148238971
FDI36,OUT035,3216.7136682301084
FDI58,OUT035,1483.9165783887665
FDH22,OUT018,1740.0261689065583
FDQ27,OUT013,1718.433516337143
FDT33,OUT046,2288.5742541818267
FDC56,OUT045,2045.0705454101376
FDF14,OUT046,2345.5439720695904
FDQ39,OUT017,3656.4924632912594
NCM43,OUT017,2532.068745790824
FDS46,OUT035,1852.4266005251047
FDI22,OUT049,3814.884571053547
NCE43,OUT045,2858.409162652865
FDZ36,OUT010,548.4751701358142
FDR13,OUT019,275.7254508049939
FDP46,OUT018,1313.969455382951
FDW56,OUT019,585.8511871189319
FDB40,OUT017,2639.304945435269
FDM28,OUT018,1765.3103909766262
FDV49,OUT013,4860.099053752272
NCS53,OUT018,2212.4599963116716
FDO03,OUT049,5094.2022577302705
FDT15,OUT035,2435.05054163778
FDD33,OUT049,4595.109594521184
FDX13,OUT017,4951.679495176953
FDH60,OUT013,3243.5719613867664
DRH51,OUT046,1058.0156652694016
NCL07,OUT049,621.5010257096128
FDW51,OUT045,3218.866209706899
FDF21,OUT019,508.29824360928615
FDH26,OUT019,341.814787479249
FDJ03,OUT049,731.0560484643853
FDU35,OUT017,1921.097923931825
DRL01,OUT018,4217.105891579615
FDE59,OUT045,581.6048591991072
FDI60,OUT035,870.7246314266694
DRH39,OUT035,1526.985264718552
FDK36,OUT049,859.9167046688387
FDN52,OUT045,1440.7246199250485
FDU12,OUT017,3854.6575806251317
NCT05,OUT027,5350.684451368634
FDS37,OUT027,2361.5200807585716
FDK24,OUT017,771.2736587329152
DRF36,OUT013,4203.607284310454
FDN46,OUT010,339.7796001865736
NCN06,OUT045,2437.9298957220826
FDD59,OUT035,1495.141402040497
FDM14,OUT045,1915.3372230529005
FDO10,OUT018,724.835474762052
FDU35,OUT013,1886.6000485729344
NCA30,OUT018,2288.777164671594
NCO41,OUT049,1783.7047927756107
FDI24,OUT046,3429.2654785912528
FDZ16,OUT046,3625.9598604596877
FDV47,OUT046,1297.0152209284088
FDV16,OUT045,588.7087941086422
FDZ22,OUT035,1359.0736952759978
FDO20,OUT010,566.4231252885385
FDW38,OUT013,708.9700022538573
FDW52,OUT045,3328.040728831183
FDT43,OUT019,102.1930982392771
NCS29,OUT045,3833.932988219354
NCC31,OUT017,2314.4575933542496
FDA21,OUT017,3850.137442111105
FDQ55,OUT046,2180.1006639737548
NCE54,OUT049,1480.890746959142
FDD45,OUT017,1496.4990480097028
NCP17,OUT017,944.9647854717033
FDR47,OUT035,3155.3797503121787
DRM35,OUT013,3844.3843138071466
FDR47,OUT019,515.1399563466375
FDX19,OUT010,541.0246666599526
FDV22,OUT027,3995.82821466299
FDQ46,OUT027,2707.380360916821
DRO47,OUT045,1535.633495067494
FDB44,OUT010,463.00217821009045
FDN02,OUT010,602.8421707797328
FDW10,OUT045,2966.4745977210314
FDJ41,OUT019,604.280307008751
FDM50,OUT046,968.5404729113237
FDW10,OUT035,3260.992433720741
FDY48,OUT049,1581.1677182057924
NCE30,OUT027,4054.2571478371588
FDO04,OUT045,793.5735002228563
FDQ26,OUT010,186.09082917126491
NCX29,OUT018,1906.1262124504954
FDE39,OUT046,2565.5202507574577
NCR54,OUT027,4039.8183707193366
NCP55,OUT027,1206.5053802426166
FDX22,OUT017,3525.676389044407
FDI05,OUT035,1541.6466057818895
FDC51,OUT027,3180.5891175032784
FDC10,OUT013,1375.570572726257
FDJ46,OUT045,3006.828588242916
FDV10,OUT010,98.64287491844203
FDX12,OUT027,5656.280634657347
FDL43,OUT019,251.75054329647872
DRB13,OUT046,2599.4959221786635
FDF59,OUT027,2375.9995102838925
FDT35,OUT049,2052.2694850358207
NCJ19,OUT035,1224.220026007914
FDT35,OUT018,1812.6979256258433
FDI48,OUT046,742.8610766593287
DRC24,OUT019,412.61330859418416
NCZ05,OUT017,950.652694254418
FDJ57,OUT049,3339.080768343908
FDX11,OUT017,3169.6477637666444
FDE09,OUT035,1283.334693536373
NCK06,OUT049,1531.454210534508
DRE37,OUT017,2389.4272915860843
FDV56,OUT046,1111.6791177286034
FDY43,OUT017,1163.697179876447
FDV35,OUT013,3038.9854849497146
FDF05,OUT019,757.0399795924553
FDA36,OUT035,2451.488303736605
FDS13,OUT027,4980.850351429119
FDU47,OUT013,1315.0860251683732
FDI36,OUT010,518.5371154284603
FDH48,OUT046,1080.0014366729667
FDZ14,OUT013,2476.7080184092947
FDS46,OUT013,1788.9540711493146
FDE21,OUT017,2427.764159512908
FDA26,OUT049,3871.0141402521194
FDV12,OUT046,2184.852907360031
FDL46,OUT019,277.2825636272777
FDN57,OUT013,2389.6168222851747
NCJ18,OUT017,2216.0005039181647
FDO36,OUT045,2756.9761255472117
FDX55,OUT018,2976.6950930397343
FDT25,OUT019,353.27138287928733
FDD16,OUT049,931.1989457907674
NCX18,OUT013,2809.9261552099597
NCG55,OUT018,1997.4589386370953
NCV18,OUT049,2637.9661071536198
NCS18,OUT035,2104.6594287989324
FDC37,OUT045,1854.9515560317727
FDE47,OUT046,2002.492834929899
DRG49,OUT019,610.9576024868921
FDC39,OUT049,3609.1581240968253
FDH24,OUT019,412.1835944432646
FDV39,OUT027,4610.225223749125
NCL17,OUT045,2587.23694864591
NCY53,OUT035,2236.3292264162424
FDH52,OUT013,1005.5160104953845
NCD19,OUT018,640.4693250249439
FDI44,OUT046,1367.2817748630118
DRD49,OUT027,5394.468208068323
FDN08,OUT035,2089.956093535251
FDO20,OUT027,5734.789160460061
FDY02,OUT046,3647.7127496178828
FDX23,OUT045,976.468392171777
FDX01,OUT017,1545.6405019624908
FDH20,OUT027,2737.6635786097963
NCX41,OUT017,2806.2925706315286
FDD21,OUT027,3866.264053990415
DRH11,OUT019,185.50828370910062
DRE60,OUT018,3980.8826704116736
FDB10,OUT013,2599.3605484990508
FDH38,OUT013,2089.8935485235343
NCL07,OUT018,492.60896161804635
FDD48,OUT046,1998.4287115537018
NCT54,OUT027,1715.0870605133628
FDF32,OUT027,3547.5146386383717
DRH51,OUT045,1041.337352403772
DRG03,OUT035,2901.5686035898357
NCY42,OUT019,379.77762247737627
FDH32,OUT017,2165.05902776082
NCJ06,OUT027,2484.7823686586285
FDH47,OUT027,2401.539242205693
FDZ08,OUT018,889.1042793174425
FDK16,OUT017,2155.5943025798415
DRG01,OUT018,1083.953915354546
NCM53,OUT027,2471.927989895422
NCB07,OUT035,3399.9500911434084
NCZ06,OUT035,3659.5024063246583
FDU48,OUT049,1077.4954397176953
NCB55,OUT027,1246.706697706866
FDP15,OUT013,5379.889848983516
FDF17,OUT046,3279.5472630236995
NCN06,OUT049,2658.110685696105
DRM48,OUT018,710.8855057835887
FDH10,OUT046,2381.151968515195
FDC60,OUT018,1143.6390221461054
FDE35,OUT018,688.9245633074703
DRI23,OUT013,2685.1346999575208
NCR38,OUT013,4103.226316195349
FDP04,OUT035,1030.7830636257047
NCW17,OUT045,2728.6606343636427
FDX34,OUT017,2502.903974533098
NCK53,OUT045,2019.5365725312527
NCO54,OUT010,201.77239963421908
NCH55,OUT046,1749.6571111097162
FDT44,OUT027,2275.6467572097536
DRG49,OUT046,4142.692340499711
FDX46,OUT010,203.47057007966748
DRG36,OUT049,3493.6986226185963
FDU37,OUT049,2057.341476016238
FDK10,OUT049,2581.636262743088
DRF37,OUT027,5034.32930416526
FDC44,OUT035,2484.156213419245
FDP15,OUT046,5191.311235214445
FDZ27,OUT027,1026.4986746775887
FDY22,OUT019,368.03593697087655
DRG51,OUT035,2375.4028074006064
FDN58,OUT045,4714.400015311896
FDW01,OUT049,1864.5045069024386
FDX24,OUT018,1349.4109847072605
FDO51,OUT017,781.5128018500191
FDJ52,OUT027,3315.535314036873
NCY06,OUT010,369.69620798434096
FDE20,OUT018,2946.8894090301515
FDT23,OUT010,243.68631166837014
FDQ51,OUT046,796.3537313194022
FDE35,OUT046,832.393147270893
FDB46,OUT013,3590.421066393734
NCG19,OUT035,2759.847195827075
NCL06,OUT018,2858.12418642653
FDT36,OUT019,114.89897029850712
FDC56,OUT049,2253.3147697197087
FDJ26,OUT049,3302.184569060502
FDZ59,OUT017,2932.731467451678
FDV11,OUT027,3114.1218832307045
FDR13,OUT010,276.0018297993912
FDI15,OUT018,4132.067276676838
FDF47,OUT018,2476.399623078266
NCB54,OUT019,326.75220826050065
NCK19,OUT027,4438.533038577265
FDX16,OUT017,2312.750149064284
FDL50,OUT045,1474.0050034416433
NCE31,OUT035,642.8094642988909
DRJ01,OUT049,1641.93846846505
FDE22,OUT013,2135.9987584677383
FDY20,OUT019,255.90989860665678
NCO14,OUT045,581.3857634492164
NCR50,OUT017,3685.901587303274
DRM47,OUT017,3076.9629025709187
FDO27,OUT010,301.9339631607361
FDJ20,OUT027,2394.5126801253223
NCX17,OUT013,3462.9601605855255
FDG59,OUT049,626.1839628482754
FDD52,OUT045,1654.84559328774
FDO48,OUT017,3234.833306338749
FDC59,OUT019,225.7960665483027
FDS15,OUT018,1845.3463126459237
FDB47,OUT035,2804.1986595364556
FDV14,OUT019,230.88345336398396
FDB27,OUT013,3426.368436222677
FDA35,OUT035,2781.9899121437397
FDN51,OUT018,3925.8010063665947
FDO39,OUT019,551.3151522911556
FDB28,OUT049,2345.5864252944066
DRJ25,OUT046,969.9421463012744
FDH46,OUT027,2277.5504040055393
FDI10,OUT045,3067.4303634694857
FDU21,OUT018,511.99531364499455
FDD09,OUT049,3466.874253919644
FDD10,OUT046,2055.946973871603
FDN31,OUT010,453.2637090311
FDA46,OUT018,3533.6540886821135
FDM56,OUT046,1127.865746218384
FDF11,OUT010,527.3524891352436
FDS32,OUT018,1814.0839375876767
NCM06,OUT013,2300.461724648218
FDZ26,OUT045,4040.6458847059157
FDO01,OUT013,2047.1875137020743
FDJ46,OUT049,3110.7038176767173
FDG26,OUT019,615.5346622735984
FDZ38,OUT035,3868.438545310778
NCO55,OUT013,1476.5656329122423
FDT60,OUT035,2059.522933170263
FDW37,OUT049,1503.2608849393566
NCK42,OUT018,3330.5432128938064
FDA45,OUT046,2683.363726100285
FDW55,OUT018,3645.0985530812054
FDY44,OUT017,3210.668851346705
FDQ31,OUT017,1243.8580415959755
FDM09,OUT049,1831.0385544012702
FDH12,OUT018,1266.868572086983
NCQ43,OUT035,1243.8238326548164
FDT33,OUT035,2427.3360794959976
NCT41,OUT018,1921.6055895303152
DRJ25,OUT010,197.44240165648287
NCQ41,OUT046,2704.516195547419
NCN17,OUT049,1367.592990229433
DRO35,OUT027,3921.130291131966
FDU27,OUT018,773.3734694114419
FDY43,OUT027,1624.6066999831257
FDG46,OUT035,2371.325912992283
DRL49,OUT018,1189.159258359935
NCB55,OUT049,743.1152115233666
FDK28,OUT049,5073.02844649291
FDO49,OUT045,779.1994538877003
FDT03,OUT013,2072.0058640899492
FDW33,OUT027,2505.5260141129233
FDR02,OUT035,2107.563953622674
FDF50,OUT013,3458.416172213686
FDA40,OUT018,868.4521108189588
NCT53,OUT018,1747.7115170860568
FDY60,OUT035,2508.269679757121
FDP44,OUT027,2257.581667889476
NCQ50,OUT045,3962.6579573541394
NCC30,OUT017,2161.071314528949
FDQ60,OUT018,797.4246833905542
FDG41,OUT046,1513.8763987765603
FDQ03,OUT046,2374.3048025584926
FDM03,OUT045,1589.4675413046625
FDZ51,OUT018,1290.543208130158
DRF51,OUT035,744.5657509296925
FDF39,OUT017,5741.139414227875
FDW52,OUT035,3545.3422535269824
FDY22,OUT049,2259.5970329020192
FDG14,OUT013,3897.886748590888
FDA57,OUT017,953.4639821495887
FDL45,OUT019,367.702025919582
FDX28,OUT046,1952.749734135635
NCQ54,OUT013,3420.7256000903176
FDH40,OUT045,1203.4311205578165
FDU52,OUT035,2106.226185899171
FDT60,OUT010,320.3958777270001
FDK08,OUT045,1302.5157265437704
FDN04,OUT049,2751.29488705062
FDE50,OUT013,3461.801731824814
FDI16,OUT049,1080.6271717621746
FDM50,OUT049,1030.4148533158884
NCV30,OUT049,957.0412403415435
FDT44,OUT013,1524.4264789645508
FDY60,OUT013,2470.201571000989
FDT56,OUT017,908.194618318949
FDV58,OUT018,2397.6929971716977
FDU04,OUT013,1795.1021404668932
NCN05,OUT027,4112.690039771491
FDI53,OUT018,1798.6816649105583
FDD34,OUT046,2438.1798098469767
FDW47,OUT027,2541.6198026455095
FDT51,OUT027,1455.865936183133
FDO27,OUT013,1823.9530867976368
NCQ18,OUT018,1743.6992685948237
NCW05,OUT013,2902.4226521579117
FDI15,OUT010,780.6425205156227
NCH43,OUT010,389.6216657461678
FDT40,OUT049,1778.8004159920672
NCG19,OUT017,2654.1668356037135
NCM30,OUT035,645.5573007074036
FDB38,OUT017,2609.0043588189255
FDB22,OUT046,2286.1341444984696
FDC58,OUT046,615.9289273752548
NCI29,OUT013,1724.50457978089
FDA23,OUT010,311.6282977745357
DRG48,OUT013,2674.5958879674995
FDV21,OUT013,2192.102568633523
NCG18,OUT019,316.3939876004099
FDG40,OUT045,617.0042839704644
FDU24,OUT018,1605.955613018553
FDA22,OUT049,3951.7036145030393
FDY35,OUT046,884.4874544773311
FDJ15,OUT045,4185.136033358458
NCW18,OUT018,3548.794066241463
FDK56,OUT018,2487.1829573520513
FDF44,OUT046,3136.4843709622437
FDP51,OUT049,1765.8466921279028
FDU22,OUT027,3686.9535022965147
FDM28,OUT017,2097.4360020975796
NCL42,OUT046,5123.478643144739
FDJ15,OUT019,653.4815877804185
FDI32,OUT018,1734.1495403166152
DRL11,OUT046,3073.53808933326
DRO59,OUT018,931.7126489457345
FDA07,OUT019,331.68796919484356
NCO53,OUT013,3455.2940906040117
FDO21,OUT045,2565.2816589232257
FDW39,OUT045,2336.8809812378126
NCV17,OUT013,2667.592804081344
FDE22,OUT046,2105.3055509732626
NCB06,OUT018,2387.705079944833
DRF48,OUT017,1856.1438515991076
FDB05,OUT013,3433.18611433188
FDP28,OUT027,4938.321799184518
FDP23,OUT046,3854.108032135142
NCS41,OUT018,1984.8688881134958
FDS40,OUT018,525.638785564608
FDA16,OUT017,4248.592345880263
FDN20,OUT035,3428.8479844337658
FDF04,OUT027,5741.243151684719
DRG36,OUT018,3080.7240896391936
FDW16,OUT018,1819.4818395783689
FDU09,OUT017,1961.7828295074335
FDW01,OUT046,1782.9351200168983
FDB15,OUT045,4208.176304061864
NCJ17,OUT049,1138.8413835244796
NCT18,OUT018,3565.364323025812
FDG16,OUT018,2936.431436281405
FDP27,OUT017,3163.843656351533
FDQ44,OUT027,3606.8175406902733
FDL50,OUT027,2266.76795382746
FDW57,OUT027,5308.211311331328
FDS34,OUT013,1784.2200898490403
NCV30,OUT035,994.3317770973572
FDD26,OUT018,2597.6234331832884
FDA03,OUT045,2225.6939221672974
FDS27,OUT018,1869.5030814467398
FDM12,OUT013,1772.4257250809576
NCV42,OUT027,2474.9921213070143
NCS41,OUT046,2217.181412784456
FDN56,OUT018,2442.1342718500046
DRK59,OUT046,2584.6077021341557
NCG18,OUT046,1940.9818581949849
NCN26,OUT017,2030.3154234626027
FDI60,OUT027,1325.2161186646517
NCI43,OUT049,843.8507871118876
NCL17,OUT049,2819.14310472505
FDQ19,OUT019,828.4078198464349
FDY43,OUT049,1184.7436048487323
FDR36,OUT049,712.6703903959838
FDJ58,OUT049,2859.1226086579964
DRY23,OUT045,594.5460612878032
FDK26,OUT027,4997.605102774134
DRH03,OUT045,926.9749340368774
FDC10,OUT010,278.86539266158377
FDD23,OUT013,3383.594004351095
FDP32,OUT045,1905.35025437624
FDO31,OUT035,1497.6289835082787
FDQ57,OUT013,2238.220561734324
FDX32,OUT027,3041.471767695971
FDC39,OUT027,5412.147395232114
FDU55,OUT046,5311.396651556304
FDL45,OUT013,2463.114512355113
DRK37,OUT049,3790.601489377199
FDK22,OUT013,2831.486133748045
DRG37,OUT027,2673.902128593479
FDK22,OUT017,2934.6664497375186
DRH36,OUT018,1110.841324586004
DRC36,OUT018,2864.6775791889927
DRE03,OUT027,1080.98288440563
FDF34,OUT046,2828.227893536033
FDZ22,OUT046,1281.6053145860667
FDC44,OUT010,370.79469141321215
FDN31,OUT027,4023.24157279503
FDO03,OUT017,5246.486341353524
FDA01,OUT049,819.2693259448372
NCH42,OUT049,4490.283695916567
FDF46,OUT018,1673.0110217353854
DRL35,OUT046,743.0309191166363
FDW46,OUT049,1014.566912094504
FDB58,OUT046,2306.511492215611
FDD47,OUT018,3065.5604536626415
NCO17,OUT045,2009.237949751397
FDJ26,OUT017,3105.4543404161814
FDU37,OUT045,1848.5980052466812
